{
  "$schema":"http://json-schema.org/draft-04/schema",
  "title":"protocols.json template schema",
  "description":"The protocol template defines and annotates protocol documents that are to be linked to study, subjects, biological samples or experiments.",
  "type":"object",
  "properties":{
    "userDefinedId":{
    "type":"string","maxLength":100
    },
    "fileName":{
    "type":"string","maxLength":250
    },
    "name":{
    "type":"string","maxLength":250
    },
    "description":{
    "type":"string","maxLength":4000
    },
    "type":{
    "type":"string","enum":["Assay","Bio Sample Preparation","Bio Sample Treatment","Biomaterial Transformation","Case Report Form","Clinical","Clinical Study Protocol","Clinical Trial Monitoring Plan","Clinical Trials Operational Procedure Manual","Data Processing","Data Transformation","Experiment","Experimental Sample","Institutional Review Board Independent Ethics Committee Informed Consent Document","Laboratory Sample Manual","Not Specified","Other","Statistical Analysis Documentation","Study Protocol","Study Summary","Subject Organism Treatment"]
    }
    },
  "required":["userDefinedId","fileName","name"]
}