{
  "$schema":"http://json-schema.org/draft-04/schema",
  "title":"assessmentcomponent.json template schema",
  "description":"The assessment an be either new or pre-defined in this template. Any combination is acceptable. The only restriction is that the assessment panel id is the key to the template and must be unique within the template.",
  "type":"object",
  "properties":{
    "userDefinedId":{
    "type":"string","maxLength":200
    },
    "assessmentPanelId":{
    "type":"string"
    },
    "subjectId":{
    "type":"string"
    },
    "plannedVisitId":{
    "type":"string"
    },
    "nameReported":{
    "type":"string","maxLength":150
    },
    "studyDay":{
    "type":"number"
    },
    "resultValueReported":{
    "type":"number"
    },
    "resultUnitReported":{
    "type":"string","enum":["AFU","AI","Antibody titer","AU/ml","BCLC Stage","Beats per Minute","Body Mass Index Finding","Boolean","Breaths per Minute","C","Capsule Dosing Unit","categorical","cells","cells/ml","cells/ul","CFU/ml","cm","Count","Cq","Ct","Day","Delta Ct","Delta Delta Ct","DK units/ml","Donor Information","Dose","F","FPKM","g/dl","g/l","Gender","gm","Grade","Gy","HAU","Hour","in","IU","iu/l","IU/ml","K","Kallikrein Inactivator Unit per Milliliter","kg","kg/m2","l","L/sec","m","MFI at 90th percentile","mg","mg/dl","mg/l","mg/ml","miu/ml","ml","mL/min","mL/min/(173/100).m2","mL/min/mmHg","mm","mmHg","MOI","Month","Multidimensional Fatigue Inventory","ng","ng/dl","ng/ml","ng/nl","ng/ul","nl","nM","Not Specified","NPX","Number of Episodes","optical density","percentage","PFU","PFUe","pg","pg/mg creatinine","pg/ml","pg/nl","pg/ul","pl","pM","Point","Pound","RPKM","Scale","Schirmer Test Wetting","Score","stim/unstim fold change","TCID50","titer","TPM","ug","ug/dl","ug/kg","ug/l","ug/ml","ug/ul","ugEq/g","uiu/ml","ul","uM","umol/l","units/ml","Week","Year","Yes, No, or Unknown Response"]
    },
    "resultValueCategory":{
    "type":"string","maxLength":40
    },
    "ageAtOnsetReported":{
    "type":"number"
    },
    "ageAtOnsetUnitReported":{
    "type":"string","enum":["d.p.c.","Days","Hours","Minutes","Months","Not Specified","Seconds","Weeks","Years"]
    },
    "isClinicallySignificant":{
    "type":"string","maxLength":1
    },
    "locationOfFindingReported":{
    "type":"string","maxLength":256
    },
    "organOrBodySystemReported":{
    "type":"string","maxLength":100
    },
    "subjectPositionReported":{
    "type":"string","maxLength":40
    },
    "timeOfDay":{
    "type":"string","maxLength":40
    },
    "verbatimQuestion":{
    "type":"string","maxLength":250
    },
    "whoIsAssessed":{
    "type":"string","maxLength":40
    }
    },
  "required":["userDefinedId","assessmentPanelId","subjectId","plannedVisitId","nameReported","studyDay"]
}