{
  "$schema":"http://json-schema.org/draft-04/schema",
  "title":"HLA_Typing.json template schema",
  "description":"The HLA experiment sample template defines and annotates the assay results for a sample by linking sample, experiment, and results together.",
  "type":"object",
  "properties":{
    "expsampleId":{
    "type":"string"
    },
    "ancestralPopulation":{
    "type":"array","items":{"type":"string","enum":["Australia","Europe","None of the Above","North Africa","North America","North-East Asia","Oceania","Other","South America","South-East Asia","South-West Asia","Sub-Saharan Africa"]}
    },
    "hlaAAllele1":{
    "type":"string","maxLength":250
    },
    "hlaAAllele2":{
    "type":"string","maxLength":250
    },
    "hlaBAllele1":{
    "type":"string","maxLength":250
    },
    "hlaBAllele2":{
    "type":"string","maxLength":250
    },
    "hlaCAllele1":{
    "type":"string","maxLength":250
    },
    "hlaCAllele2":{
    "type":"string","maxLength":250
    },
    "hlaDpa1Allele1":{
    "type":"string","maxLength":250
    },
    "hlaDpa1Allele2":{
    "type":"string","maxLength":250
    },
    "hlaDpb1Allele1":{
    "type":"string","maxLength":250
    },
    "hlaDpb1Allele2":{
    "type":"string","maxLength":250
    },
    "hlaDqa1Allele1":{
    "type":"string","maxLength":250
    },
    "hlaDqa1Allele2":{
    "type":"string","maxLength":250
    },
    "hlaDqb1Allele1":{
    "type":"string","maxLength":250
    },
    "hlaDqb1Allele2":{
    "type":"string","maxLength":250
    },
    "hlaDrb1Allele1":{
    "type":"string","maxLength":250
    },
    "hlaDrb1Allele2":{
    "type":"string","maxLength":250
    },
    "hlaDrb3Allele1":{
    "type":"string","maxLength":250
    },
    "hlaDrb3Allele2":{
    "type":"string","maxLength":250
    },
    "hlaDrb4Allele1":{
    "type":"string","maxLength":250
    },
    "hlaDrb4Allele2":{
    "type":"string","maxLength":250
    },
    "hlaDrb5Allele1":{
    "type":"string","maxLength":250
    },
    "hlaDrb5Allele2":{
    "type":"string","maxLength":250
    },
    "comments":{
    "type":"string","maxLength":500
    }
    },
  "required":["expsampleId","ancestralPopulation"]
}