{
  "$schema":"http://json-schema.org/draft-04/schema",
  "title":"Mass_Spectrometry_Proteomic_Results.json template schema",
  "description":"The Protein Mass Spectrometry experiment sample template defines and annotates the assay results for a sample by linking sample, experiment, and results together. More than one intensity results per assayed sample.",
  "type":"object",
  "properties":{
    "expsampleId":{
    "type":"string"
    },
    "intensity":{
    "type":"number"
    },
    "proteinNameReported":{
    "type":"string","enum":["A1BG ; A1BG_HUMAN ; P04217","A2M ; A2MG_HUMAN ; P01023","ABCA5 ; ABCA5_HUMAN ; Q8WWZ7","ABCB1 ; MDR1_HUMAN ; P08183","ABCG2 ; ABCG2_HUMAN ; Q9UNQ0","ACE ; ACE_HUMAN ; P12821","ACKR1 ; ACKR1_HUMAN ; Q16570","ACKR3 ; ACKR3_HUMAN ; P25106","ACOT4 ; ACOT4_HUMAN ; Q8N9L9","ACP7 ; ACP7_HUMAN ; Q6ZNF0","ACTB ; ACTB_HUMAN ; P60709","ADAM10 ; ADA10_HUMAN ; O14672","ADAM17 ; ADA17_HUMAN ; P78536","ADAM8 ; ADAM8_HUMAN ; P78325","ADAMTS13 ; ATS13_HUMAN ; Q76LX8","ADGRE2 ; AGRE2_HUMAN ; Q9UHX3","AFM ; AFAM_HUMAN ; P43652","AFP ; FETA_HUMAN ; P02771","AGT ; ANGT_HUMAN ; P01019","AHSG ; FETUA_HUMAN ; P02765","AKAP9 ; AKAP9_HUMAN ; Q99996","ALB ; ALBU_HUMAN ; P02768","ALCAM ; CD166_HUMAN ; Q13740","ALK ; ALK_HUMAN ; Q9UM73","AMBP ; AMBP_HUMAN ; P02760","ANKRD26 ; ANR26_HUMAN ; Q9UPS8","ANPEP ; AMPN_HUMAN ; P15144","ANXA5 ; ANXA5_HUMAN ; P08758","APCS ; SAMP_HUMAN ; P02743","APMAP ; APMAP_HUMAN ; Q9HDC9","APOA1 ; APOA1_HUMAN ; P02647","APOA2 ; APOA2_HUMAN ; P02652","APOA4 ; APOA4_HUMAN ; P06727","APOB ; APOB_HUMAN ; P04114","APOC2 ; APOC2_HUMAN ; P02655","APOC3 ; APOC3_HUMAN ; P02656","APOC4 ; APOC4_HUMAN ; P55056","APOD ; APOD_HUMAN ; P05090","APOE ; APOE_HUMAN ; P02649","APOH ; APOH_HUMAN ; P02749","APOL1 ; APOL1_HUMAN ; O14791","APOM ; APOM_HUMAN ; O95445","ART1 ; NAR1_HUMAN ; P52961","ART4 ; NAR4_HUMAN ; Q93070","ATP1B3 ; AT1B3_HUMAN ; P54709","ATRN ; ATRN_HUMAN ; O75882","AZGP1 ; ZA2G_HUMAN ; P25311","B2M ; B2MG_HUMAN ; P61769","B3GAT1 ; B3GA1_HUMAN ; Q9P2W7","BCAM ; BCAM_HUMAN ; P50895","BCL2 ; BCL2_HUMAN ; P10415","BCL6 ; BCL6_HUMAN ; P41182","BMPR1A ; BMR1A_HUMAN ; P36894","BMPR1B ; BMR1B_HUMAN ; O00238","BSG ; BASI_HUMAN ; P35613","BST1 ; BST1_HUMAN ; Q10588","BST2 ; BST2_HUMAN ; Q10589","BTLA ; BTLA_HUMAN ; Q7Z6A9","BTN3A1 ; BT3A1_HUMAN ; O00481","BUB3 ; BUB3_HUMAN ; O43684","C12orf42 ; CL042_HUMAN ; Q96LP6","C1QB ; C1QB_HUMAN ; P02746","C1QC ; C1QC_HUMAN ; P02747","C1R ; C1R_HUMAN ; P00736","C1RL ; C1RL_HUMAN ; Q9NZP8","C1S ; C1S_HUMAN ; P09871","C2 ; CO2_HUMAN ; P06681","C3 ; CO3_HUMAN ; P01024","C4A ; CO4A_HUMAN ; P0C0L4","C4B_2 ; CO4B_HUMAN ; P0C0L5","C4BPA ; C4BPA_HUMAN ; P04003","C5 ; CO5_HUMAN ; P01031","C5AR1 ; C5AR1_HUMAN ; P21730","C6 ; CO6_HUMAN ; P13671","C7 ; CO7_HUMAN ; P10643","C8A ; CO8A_HUMAN ; P07357","C8B ; CO8B_HUMAN ; P07358","C8G ; CO8G_HUMAN ; P07360","C9 ; CO9_HUMAN ; P02748","C9orf43 ; CI043_HUMAN ; Q8TAL5","CA1 ; CAH1_HUMAN ; P00915","CAPN10 ; CAN10_HUMAN ; Q9HC96","CARD9 ; CARD9_HUMAN ; Q9H257","CASP3 ; CASP3_HUMAN ; P42574","CCDC168 ; CC168_HUMAN ; Q8NDH2","CCDC18 ; CCD18_HUMAN ; Q5T9S5","CCL1 ; CCL1_HUMAN ; P22362","CCL11 ; CCL11_HUMAN ; P51671","CCL13 ; CCL13_HUMAN ; Q99616","CCL14 ; CCL14_HUMAN ; Q16627","CCL15 ; CCL15_HUMAN ; Q16663","CCL16 ; CCL16_HUMAN ; O15467","CCL17 ; CCL17_HUMAN ; Q92583","CCL18 ; CCL18_HUMAN ; P55774","CCL19 ; CCL19_HUMAN ; Q99731","CCL2 ; CCL2_HUMAN ; P13500","CCL20 ; CCL20_HUMAN ; P78556","CCL21 ; CCL21_HUMAN ; O00585","CCL22 ; CCL22_HUMAN ; O00626","CCL23 ; CCL23_HUMAN ; P55773","CCL24 ; CCL24_HUMAN ; O00175","CCL25 ; CCL25_HUMAN ; O15444","CCL26 ; CCL26_HUMAN ; Q9Y258","CCL27 ; CCL27_HUMAN ; Q9Y4X3","CCL3 ; CCL3_HUMAN ; P10147","CCL3L3 ; CL3L1_HUMAN ; P16619","CCL4 ; CCL4_HUMAN ; P13236","CCL4L2 ; CC4L_HUMAN ; Q8NHW4","CCL5 ; CCL5_HUMAN ; P13501","CCL7 ; CCL7_HUMAN ; P80098","CCL8 ; CCL8_HUMAN ; P80075","CCR1 ; CCR1_HUMAN ; P32246","CCR10 ; CCR10_HUMAN ; P46092","CCR2 ; CCR2_HUMAN ; P41597","CCR3 ; CCR3_HUMAN ; P51677","CCR4 ; CCR4_HUMAN ; P51679","CCR5 ; CCR5_HUMAN ; P51681","CCR6 ; CCR6_HUMAN ; P51684","CCR7 ; CCR7_HUMAN ; P32248","CCR8 ; CCR8_HUMAN ; P51685","CCR9 ; CCR9_HUMAN ; P51686","CD101 ; IGSF2_HUMAN ; Q93033","CD109 ; CD109_HUMAN ; Q6YHK3","CD14 ; CD14_HUMAN ; P08571","CD151 ; CD151_HUMAN ; P48509","CD160 ; BY55_HUMAN ; O95971","CD163 ; C163A_HUMAN ; Q86VB7","CD164 ; MUC24_HUMAN ; Q04900","CD177 ; CD177_HUMAN ; Q8N6Q3","CD180 ; CD180_HUMAN ; Q99467","CD19 ; CD19_HUMAN ; P15391","CD1A ; CD1A_HUMAN ; P06126","CD1B ; CD1B_HUMAN ; P29016","CD1C ; CD1C_HUMAN ; P29017","CD1D ; CD1D_HUMAN ; P15813","CD1E ; CD1E_HUMAN ; P15812","CD2 ; CD2_HUMAN ; P06729","CD200 ; OX2G_HUMAN ; P41217","CD207 ; CLC4K_HUMAN ; Q9UJ71","CD209 ; CD209_HUMAN ; Q9NNX6","CD22 ; CD22_HUMAN ; P20273","CD226 ; CD226_HUMAN ; Q15762","CD24 ; CD24_HUMAN ; P25063","CD244 ; CD244_HUMAN ; Q9BZW8","CD247 ; CD3Z_HUMAN ; P20963","CD248 ; CD248_HUMAN ; Q9HCU0","CD27 ; CD27_HUMAN ; P26842","CD274 ; PD1L1_HUMAN ; Q9NZQ7","CD276 ; CD276_HUMAN ; Q5ZPR3","CD28 ; CD28_HUMAN ; P10747","CD300A ; CLM8_HUMAN ; Q9UGN4","CD300C ; CLM6_HUMAN ; Q08708","CD300E ; CLM2_HUMAN ; Q496F6","CD302 ; CD302_HUMAN ; Q8IX05","CD320 ; CD320_HUMAN ; Q9NPF0","CD33 ; CD33_HUMAN ; P20138","CD34 ; CD34_HUMAN ; P28906","CD36 ; CD36_HUMAN ; P16671","CD37 ; CD37_HUMAN ; P11049","CD38 ; CD38_HUMAN ; P28907","CD3D ; CD3D_HUMAN ; P04234","CD3E ; CD3E_HUMAN ; P07766","CD3G ; CD3G_HUMAN ; P09693","CD4 ; CD4_HUMAN ; P01730","CD40 ; TNR5_HUMAN ; P25942","CD40LG ; CD40L_HUMAN ; P29965","CD44 ; CD44_HUMAN ; P16070","CD46 ; MCP_HUMAN ; P15529","CD47 ; CD47_HUMAN ; Q08722","CD48 ; CD48_HUMAN ; P09326","CD5 ; CD5_HUMAN ; P06127","CD52 ; CD52_HUMAN ; P31358","CD53 ; CD53_HUMAN ; P19397","CD55 ; DAF_HUMAN ; P08174","CD58 ; LFA3_HUMAN ; P19256","CD59 ; CD59_HUMAN ; P13987","CD5L ; CD5L_HUMAN ; O43866","CD6 ; CD6_HUMAN ; P30203","CD63 ; CD63_HUMAN ; P08962","CD68 ; CD68_HUMAN ; P34810","CD69 ; CD69_HUMAN ; Q07108","CD7 ; CD7_HUMAN ; P09564","CD70 ; CD70_HUMAN ; P32970","CD72 ; CD72_HUMAN ; P21854","CD74 ; HG2A_HUMAN ; P04233","CD79A ; CD79A_HUMAN ; P11912","CD79B ; CD79B_HUMAN ; P40259","CD80 ; CD80_HUMAN ; P33681","CD81 ; CD81_HUMAN ; P60033","CD82 ; CD82_HUMAN ; P27701","CD83 ; CD83_HUMAN ; Q01151","CD84 ; SLAF5_HUMAN ; Q9UIB8","CD86 ; CD86_HUMAN ; P42081","CD8A ; CD8A_HUMAN ; P01732","CD8B ; CD8B_HUMAN ; P10966","CD9 ; CD9_HUMAN ; P21926","CD93 ; C1QR1_HUMAN ; Q9NPY3","CD96 ; TACT_HUMAN ; P40200","CD97 ; CD97_HUMAN ; P48960","CD99 ; CD99_HUMAN ; P14209","CDCP1 ; CDCP1_HUMAN ; Q9H5V8","CDH1 ; CADH1_HUMAN ; P12830","CDH2 ; CADH2_HUMAN ; P19022","CDH26 ; CAD26_HUMAN ; Q8IXH8","CDH5 ; CADH5_HUMAN ; P33151","CEACAM1 ; CEAM1_HUMAN ; P13688","CEACAM3 ; CEAM3_HUMAN ; P40198","CEACAM5 ; CEAM5_HUMAN ; P06731","CEACAM6 ; CEAM6_HUMAN ; P40199","CEACAM8 ; CEAM8_HUMAN ; P31997","CENPB ; CENPB_HUMAN ; P07199","CEP350 ; CE350_HUMAN ; Q5VT06","CEP63 ; CEP63_HUMAN ; Q96MT8","CFB ; CFAB_HUMAN ; P00751","CFD ; CFAD_HUMAN ; P00746","CFH ; CFAH_HUMAN ; P08603","CFHR1 ; FHR1_HUMAN ; Q03591","CFHR2 ; FHR2_HUMAN ; P36980","CFHR3 ; FHR3_HUMAN ; Q02985","CFI ; CFAI_HUMAN ; P05156","CFP ; PROP_HUMAN ; P27918","CKLF ; CKLF_HUMAN ; Q9UBR5","CLCF1 ; CLCF1_HUMAN ; Q9UBD9","CLEC10A ; CLC10_HUMAN ; Q8IUN9","CLEC3B ; TETN_HUMAN ; P05452","CLEC4C ; CLC4C_HUMAN ; Q8WTT0","CLEC4M ; CLC4M_HUMAN ; Q9H2X3","CLU ; CLUS_HUMAN ; P10909","CMTM1 ; CKLF1_HUMAN ; Q8IZ96","CMTM6 ; CKLF6_HUMAN ; Q9NX76","CMTM7 ; CKLF7_HUMAN ; Q96FZ5","CNMD ; CNMD_HUMAN ; O75829","CNTFR ; CNTFR_HUMAN ; P26992","CNTRL ; CNTRL_HUMAN ; Q7Z7A1","COMP ; COMP_HUMAN ; P49747","CP ; CERU_HUMAN ; P00450","CPB2 ; CBPB2_HUMAN ; Q96IY4","CPN1 ; CBPN_HUMAN ; P15169","CPN2 ; CPN2_HUMAN ; P22792","CR1 ; CR1_HUMAN ; P17927","CR2 ; CR2_HUMAN ; P20023","CRISP3 ; CRIS3_HUMAN ; P54108","CRP ; CRP_HUMAN ; P02741","CSF1 ; CSF1_HUMAN ; P09603","CSF1R ; CSF1R_HUMAN ; P07333","CSF2 ; CSF2_HUMAN ; P04141","CSF2RA ; CSF2R_HUMAN ; P15509","CSF2RB ; IL3RB_HUMAN ; P32927","CSF3 ; CSF3_HUMAN ; P09919","CSF3R ; CSF3R_HUMAN ; Q99062","CST3 ; CYTC_HUMAN ; P01034","CTLA4 ; CTLA4_HUMAN ; P16410","CX3CL1 ; X3CL1_HUMAN ; P78423","CX3CR1 ; CX3C1_HUMAN ; P49238","CXCL1 ; GROA_HUMAN ; P09341","CXCL10 ; CXL10_HUMAN ; P02778","CXCL11 ; CXL11_HUMAN ; O14625","CXCL12 ; SDF1_HUMAN ; P48061","CXCL13 ; CXL13_HUMAN ; O43927","CXCL14 ; CXL14_HUMAN ; O95715","CXCL16 ; CXL16_HUMAN ; Q9H2A7","CXCL17 ; CXL17_HUMAN ; Q6UXB2","CXCL2 ; CXCL2_HUMAN ; P19875","CXCL3 ; CXCL3_HUMAN ; P19876","CXCL5 ; CXCL5_HUMAN ; P42830","CXCL6 ; CXCL6_HUMAN ; P80162","CXCL8 ; IL8_HUMAN ; P10145","CXCL9 ; CXCL9_HUMAN ; Q07325","CXCR1 ; CXCR1_HUMAN ; P25024","CXCR2 ; CXCR2_HUMAN ; P25025","CXCR3 ; CXCR3_HUMAN ; P49682","CXCR4 ; CXCR4_HUMAN ; P61073","CXCR5 ; CXCR5_HUMAN ; P32302","CXCR6 ; CXCR6_HUMAN ; O00574","DDR1 ; DDR1_HUMAN ; Q08345","DNAH5 ; DYH5_HUMAN ; Q8TE73","DPP4 ; DPP4_HUMAN ; P27487","EBI3 ; IL27B_HUMAN ; Q14213","ECM1 ; ECM1_HUMAN ; Q16610","EFEMP1 ; FBLN3_HUMAN ; Q12805","EGF ; EGF_HUMAN ; P01133","EGFR ; EGFR_HUMAN ; P00533","ENG ; EGLN_HUMAN ; P17813","ENPEP ; AMPE_HUMAN ; Q07075","ENPP3 ; ENPP3_HUMAN ; O14638","ENTPD1 ; ENTP1_HUMAN ; P49961","EPCAM ; EPCAM_HUMAN ; P16422","EPO ; EPO_HUMAN ; P01588","EPOR ; EPOR_HUMAN ; P19235","ERBB2 ; ERBB2_HUMAN ; P04626","F11 ; FA11_HUMAN ; P03951","F11R ; JAM1_HUMAN ; Q9Y624","F12 ; FA12_HUMAN ; P00748","F13B ; F13B_HUMAN ; P05160","F2 ; THRB_HUMAN ; P00734","F3 ; TF_HUMAN ; P13726","F5 ; FA5_HUMAN ; P12259","F9 ; FA9_HUMAN ; P00740","FAS ; TNR6_HUMAN ; P25445","FASLG ; TNFL6_HUMAN ; P48023","FBLN1 ; FBLN1_HUMAN ; P23142","FCAR ; FCAR_HUMAN ; P24071","FCER2 ; FCER2_HUMAN ; P06734","FCGBP ; FCGBP_HUMAN ; Q9Y6R7","FCGR1A ; FCGR1_HUMAN ; P12314","FCGR2A ; FCG2A_HUMAN ; P12318","FCGR2B ; FCG2B_HUMAN ; P31994","FCGR2C ; FCG2C_HUMAN ; P31995","FCGR3A ; FCG3A_HUMAN ; P08637","FCGR3B ; FCG3B_HUMAN ; O75015","FCN3 ; FCN3_HUMAN ; O75636","FETUB ; FETUB_HUMAN ; Q9UGM5","FGA ; FIBA_HUMAN ; P02671","FGB ; FIBB_HUMAN ; P02675","FGF1 ; FGF1_HUMAN ; P05230","FGF2 ; FGF2_HUMAN ; P09038","FGFR1 ; FGFR1_HUMAN ; P11362","FGFR2 ; FGFR2_HUMAN ; P21802","FGFR3 ; FGFR3_HUMAN ; P22607","FGFR4 ; FGFR4_HUMAN ; P22455","FGG ; FIBG_HUMAN ; P02679","FLT3 ; FLT3_HUMAN ; P36888","FLT3LG ; FLT3L_HUMAN ; P49771","FN1 ; FINC_HUMAN ; P02751","FOXP3 ; FOXP3_HUMAN ; Q9BZS1","FUT3 ; FUT3_HUMAN ; P21217","FUT4 ; FUT4_HUMAN ; P22083","FZD10 ; FZD10_HUMAN ; Q9ULW2","FZD4 ; FZD4_HUMAN ; Q9ULV1","FZD9 ; FZD9_HUMAN ; O00144","GC ; VTDB_HUMAN ; P02774","GDF15 ; GDF15_HUMAN ; Q99988","GGT1 ; GGT1_HUMAN ; P19440","GOLGA6L2 ; GG6L2_HUMAN ; Q8N9W4","GOLGA8A ; GOG8A_HUMAN ; A7E2F4","GP1BA ; GP1BA_HUMAN ; P07359","GP1BB ; GP1BB_HUMAN ; P13224","GP5 ; GPV_HUMAN ; P40197","GP9 ; GPIX_HUMAN ; P14770","GPR15 ; GPR15_HUMAN ; P49685","GSN ; GELS_HUMAN ; P06396","GYPA ; GLPA_HUMAN ; P02724","GYPB ; GLPB_HUMAN ; P06028","GYPC ; GLPC_HUMAN ; P04921","GZMB ; GRAB_HUMAN ; P10144","HABP2 ; HABP2_HUMAN ; Q14520","HBA2 ; HBA_HUMAN ; P69905","HBB ; HBB_HUMAN ; P68871","HBD ; HBD_HUMAN ; P02042","HECTD4 ; HECD4_HUMAN ; Q9Y4D8","HELZ2 ; HELZ2_HUMAN ; Q9BYK8","HGF ; HGF_HUMAN ; P14210","HGFAC ; HGFA_HUMAN ; Q04756","HLA-A ; HLAA_HUMAN ; P01892","HLA-DRA ; DRA_HUMAN ; P01903","HLA-E ; HLAE_HUMAN ; P13747","HLA-G ; HLAG_HUMAN ; P17693","HMMR ; HMMR_HUMAN ; O75330","HP ; HPT_HUMAN ; P00738","HPR ; HPTR_HUMAN ; P00739","HPX ; HEMO_HUMAN ; P02790","HRG ; HRG_HUMAN ; P04196","HUWE1 ; HUWE1_HUMAN ; Q7Z6Z7","ICAM2 ; ICAM2_HUMAN ; P13598","ICAM3 ; ICAM3_HUMAN ; P32942","ICAM4 ; ICAM4_HUMAN ; Q14773","ICOS ; ICOS_HUMAN ; Q9Y6W8","ICOSLG ; ICOSL_HUMAN ; O75144","IFITM1 ; IFM1_HUMAN ; P13164","IFNA10 ; IFN10_HUMAN ; P01566","IFNA14 ; IFN14_HUMAN ; P01570","IFNA16 ; IFN16_HUMAN ; P05015","IFNA17 ; IFN17_HUMAN ; P01571","IFNA2 ; IFNA2_HUMAN ; P01563","IFNA21 ; IFN21_HUMAN ; P01568","IFNA4 ; IFNA4_HUMAN ; P05014","IFNA5 ; IFNA5_HUMAN ; P01569","IFNA6 ; IFNA6_HUMAN ; P05013","IFNA7 ; IFNA7_HUMAN ; P01567","IFNA8 ; IFNA8_HUMAN ; P32881","IFNAR1 ; INAR1_HUMAN ; P17181","IFNAR2 ; INAR2_HUMAN ; P48551","IFNB1 ; IFNB_HUMAN ; P01574","IFNE ; IFNE_HUMAN ; Q86WN2","IFNG ; IFNG_HUMAN ; P01579","IFNGR1 ; INGR1_HUMAN ; P15260","IFNGR2 ; INGR2_HUMAN ; P38484","IFNK ; IFNK_HUMAN ; Q9P0W0","IFNL1 ; IFNL1_HUMAN ; Q8IU54","IFNL2 ; IFNL2_HUMAN ; Q8IZJ0","IFNL3 ; IFNL3_HUMAN ; Q8IZI9","IFNLR1 ; INLR1_HUMAN ; Q8IU57","IGF1R ; IGF1R_HUMAN ; P08069","IGF2 ; IGF2_HUMAN ; P01344","IGF2R ; MPRI_HUMAN ; P11717","IGFALS ; ALS_HUMAN ; P35858","IGFBP2 ; IBP2_HUMAN ; P18065","IGFBP3 ; IBP3_HUMAN ; P17936","IGHA1 ; IGHA1_HUMAN ; P01876","IGHA2 ; IGHA2_HUMAN ; P01877","IGHD ; IGHD_HUMAN ; P01880","IGHG1 ; IGHG1_HUMAN ; P01857","IGHG2 ; IGHG2_HUMAN ; P01859","IGHG3 ; IGHG3_HUMAN ; P01860","IGHG4 ; IGHG4_HUMAN ; P01861","IGHM ; IGHM_HUMAN ; P01871","IGHV1-18 ; HV118_HUMAN ; A0A0C4DH31","IGHV1-2 ; HV102_HUMAN ; P23083","IGHV1-69 ; HV169_HUMAN ; P01742","IGHV2-26 ; HV226_HUMAN ; A0A0B4J1V2","IGHV2-70 ; HV270_HUMAN ; P01814","IGHV3-11 ; HV311_HUMAN ; P01762","IGHV3-13 ; HV313_HUMAN ; P01766","IGHV3-15 ; HV315_HUMAN ; A0A0B4J1V0","IGHV3-23 ; HV323_HUMAN ; P01764","IGHV3-49 ; HV349_HUMAN ; A0A0A0MS15","IGHV3-7 ; HV307_HUMAN ; P01780","IGHV3-72 ; HV372_HUMAN ; A0A0B4J1Y9","IGHV3-74 ; HV374_HUMAN ; A0A0B4J1X5","IGHV5-10-1 ; HV5X1_HUMAN ; A0A0J9YXX1","IGHV5-51 ; HV551_HUMAN ; A0A0C4DH38","IGKC ; IGKC_HUMAN ; P01834","IGKV1-17 ; KV117_HUMAN ; P01599","IGKV1-33 ; KV133_HUMAN ; P01594","IGKV1-5 ; KV105_HUMAN ; P01602","IGKV1-8 ; KV108_HUMAN ; A0A0C4DH67","IGKV1D-12 ; KVD12_HUMAN ; P01611","IGKV1D-13 ; KVD13_HUMAN ; A0A0B4J2D9","IGKV1D-33 ; KVD33_HUMAN ; P01593","IGKV2-30 ; KV230_HUMAN ; P06310","IGKV2D-28 ; KVD28_HUMAN ; P01615","IGKV3-20 ; KV320_HUMAN ; P01619","IGKV3-7 ; KV37_HUMAN ; A0A075B6H7","IGKV3D-11 ; KVD11_HUMAN ; A0A0A0MRZ8","IGKV3D-15 ; KVD15_HUMAN ; A0A087WSY6","IGKV3D-20 ; KVD20_HUMAN ; A0A0C4DH25","IGKV4-1 ; KV401_HUMAN ; P06312","IGKV6D-21 ; KVD21_HUMAN ; A0A0A0MT36","IGLC2 ; IGLC2_HUMAN ; P0DOY2","IGLC3 ; IGLC3_HUMAN ; P0DOY3","IGLC6 ; IGLC6_HUMAN ; P0CF74","IGLC7 ; IGLC7_HUMAN ; A0M8Q6","IGLL1 ; IGLL1_HUMAN ; P15814","IGLL5 ; IGLL5_HUMAN ; B9A064","IGLV1-40 ; LV140_HUMAN ; P01703","IGLV1-44 ; LV144_HUMAN ; P01699","IGLV1-47 ; LV147_HUMAN ; P01700","IGLV1-51 ; LV151_HUMAN ; P01701","IGLV10-54 ; LVX54_HUMAN ; A0A075B6I4","IGLV2-11 ; LV211_HUMAN ; P01706","IGLV2-14 ; LV214_HUMAN ; P01704","IGLV2-18 ; LV218_HUMAN ; A0A075B6J9","IGLV2-23 ; LV223_HUMAN ; P01705","IGLV2-33 ; LV233_HUMAN ; A0A075B6J2","IGLV2-8 ; LV208_HUMAN ; P01709","IGLV3-10 ; LV310_HUMAN ; A0A075B6K4","IGLV3-19 ; LV319_HUMAN ; P01714","IGLV3-21 ; LV321_HUMAN ; P80748","IGLV3-25 ; LV325_HUMAN ; P01717","IGLV3-27 ; LV327_HUMAN ; P01718","IGLV3-9 ; LV39_HUMAN ; A0A075B6K5","IGLV4-69 ; LV469_HUMAN ; A0A075B6H9","IGLV5-45 ; LV545_HUMAN ; A0A087WSX0","IGLV7-43 ; LV743_HUMAN ; P04211","IGLV7-46 ; LV746_HUMAN ; A0A075B6I9","IGLV8-61 ; LV861_HUMAN ; A0A075B6I0","IGSF8 ; IGSF8_HUMAN ; Q969P0","IL10 ; IL10_HUMAN ; P22301","IL10RA ; I10R1_HUMAN ; Q13651","IL10RB ; I10R2_HUMAN ; Q08334","IL11 ; IL11_HUMAN ; P20809","IL11RA ; I11RA_HUMAN ; Q14626","IL12A ; IL12A_HUMAN ; P29459","IL12B ; IL12B_HUMAN ; P29460","IL12RB1 ; I12R1_HUMAN ; P42701","IL12RB2 ; I12R2_HUMAN ; Q99665","IL13 ; IL13_HUMAN ; P35225","IL13RA1 ; I13R1_HUMAN ; P78552","IL13RA2 ; I13R2_HUMAN ; Q14627","IL15 ; IL15_HUMAN ; P40933","IL15RA ; I15RA_HUMAN ; Q13261","IL16 ; IL16_HUMAN ; Q14005","IL17A ; IL17_HUMAN ; Q16552","IL17B ; IL17B_HUMAN ; Q9UHF5","IL17C ; IL17C_HUMAN ; Q9P0M4","IL17D ; IL17D_HUMAN ; Q8TAD2","IL17F ; IL17F_HUMAN ; Q96PD4","IL17RA ; I17RA_HUMAN ; Q96F46","IL18 ; IL18_HUMAN ; Q14116","IL18R1 ; IL18R_HUMAN ; Q13478","IL18RAP ; I18RA_HUMAN ; O95256","IL19 ; IL19_HUMAN ; Q9UHD0","IL1A ; IL1A_HUMAN ; P01583","IL1B ; IL1B_HUMAN ; P01584","IL1F10 ; IL1FA_HUMAN ; Q8WWZ1","IL1R1 ; IL1R1_HUMAN ; P14778","IL1R2 ; IL1R2_HUMAN ; P27930","IL1RAP ; IL1AP_HUMAN ; Q9NPH3","IL1RN ; IL1RA_HUMAN ; P18510","IL2 ; IL2_HUMAN ; P60568","IL20 ; IL20_HUMAN ; Q9NYY1","IL20RA ; I20RA_HUMAN ; Q9UHF4","IL20RB ; I20RB_HUMAN ; Q6UXL0","IL21 ; IL21_HUMAN ; Q9HBE4","IL21R ; IL21R_HUMAN ; Q9HBE5","IL22 ; IL22_HUMAN ; Q9GZX6","IL22RA1 ; I22R1_HUMAN ; Q8N6P7","IL22RA2 ; I22R2_HUMAN ; Q969J5","IL23A ; IL23A_HUMAN ; Q9NPF7","IL23R ; IL23R_HUMAN ; Q5VWK5","IL24 ; IL24_HUMAN ; Q13007","IL25 ; IL25_HUMAN ; Q9H293","IL26 ; IL26_HUMAN ; Q9NPH9","IL27 ; IL27A_HUMAN ; Q8NEV9","IL2RA ; IL2RA_HUMAN ; P01589","IL2RB ; IL2RB_HUMAN ; P14784","IL2RG ; IL2RG_HUMAN ; P31785","IL3 ; IL3_HUMAN ; P08700","IL31 ; IL31_HUMAN ; Q6EBC2","IL32 ; IL32_HUMAN ; P24001","IL33 ; IL33_HUMAN ; O95760","IL34 ; IL34_HUMAN ; Q6ZMJ4","IL36G ; IL36G_HUMAN ; Q9NZH8","IL36RN ; I36RA_HUMAN ; Q9UBH0","IL3RA ; IL3RA_HUMAN ; P26951","IL4 ; IL4_HUMAN ; P05112","IL4R ; IL4RA_HUMAN ; P24394","IL5 ; IL5_HUMAN ; P05113","IL5RA ; IL5RA_HUMAN ; Q01344","IL6 ; IL6_HUMAN ; P05231","IL6R ; IL6RA_HUMAN ; P08887","IL6ST ; IL6RB_HUMAN ; P40189","IL7 ; IL7_HUMAN ; P13232","IL7R ; IL7RA_HUMAN ; P16871","IL9 ; IL9_HUMAN ; P15248","IL9R ; IL9R_HUMAN ; Q01113","INSM1 ; INSM1_HUMAN ; Q01101","INSR ; INSR_HUMAN ; P06213","IQCG ; DRC9_HUMAN ; Q9H095","ITGA1 ; ITA1_HUMAN ; P56199","ITGA2 ; ITA2_HUMAN ; P17301","ITGA2B ; ITA2B_HUMAN ; P08514","ITGA3 ; ITA3_HUMAN ; P26006","ITGA4 ; ITA4_HUMAN ; P13612","ITGA5 ; ITA5_HUMAN ; P08648","ITGA6 ; ITA6_HUMAN ; P23229","ITGAD ; ITAD_HUMAN ; Q13349","ITGAE ; ITAE_HUMAN ; P38570","ITGAL ; ITAL_HUMAN ; P20701","ITGAM ; ITAM_HUMAN ; P11215","ITGAV ; ITAV_HUMAN ; P06756","ITGAX ; ITAX_HUMAN ; P20702","ITGB1 ; ITB1_HUMAN ; P05556","ITGB2 ; ITB2_HUMAN ; P05107","ITGB3 ; ITB3_HUMAN ; P05106","ITGB4 ; ITB4_HUMAN ; P16144","ITIH1 ; ITIH1_HUMAN ; P19827","ITIH2 ; ITIH2_HUMAN ; P19823","ITIH3 ; ITIH3_HUMAN ; Q06033","ITIH4 ; ITIH4_HUMAN ; Q14624","ITPRID2 ; ITPI2_HUMAN ; P28290","JAG1 ; JAG1_HUMAN ; P78504","JAM2 ; JAM2_HUMAN ; P57087","JCHAIN ; IGJ_HUMAN ; P01591","KDR ; VGFR2_HUMAN ; P35968","KEL ; KELL_HUMAN ; P23276","KIR2DL1 ; KI2L1_HUMAN ; P43626","KIR2DL2 ; KI2L2_HUMAN ; P43627","KIR2DL3 ; KI2L3_HUMAN ; P43628","KIR2DL4 ; KI2L4_HUMAN ; Q99706","KIR2DL5A ; KI2LA_HUMAN ; Q8N109","KIR2DS1 ; KI2S1_HUMAN ; Q14954","KIR2DS2 ; KI2S2_HUMAN ; P43631","KIR2DS4 ; KI2S4_HUMAN ; P43632","KIR2DS5 ; KI2S5_HUMAN ; Q14953","KIR3DL1 ; KI3L1_HUMAN ; P43629","KIR3DL2 ; KI3L2_HUMAN ; P43630","KIR3DL3 ; KI3L3_HUMAN ; Q8N743","KIT ; KIT_HUMAN ; P10721","KITLG ; SCF_HUMAN ; P21583","KLKB1 ; KLKB1_HUMAN ; P03952","KLRB1 ; KLRB1_HUMAN ; Q12918","KLRC1 ; NKG2A_HUMAN ; P26715","KLRC2 ; NKG2C_HUMAN ; P26717","KLRD1 ; KLRD1_HUMAN ; Q13241","KLRK1 ; NKG2D_HUMAN ; P26718","KMT2C ; KMT2C_HUMAN ; Q8NEZ4","KNG1 ; KNG1_HUMAN ; P01042","KPNA5 ; IMA6_HUMAN ; O15131","KRT1 ; K2C1_HUMAN ; P04264","KRT10 ; K1C10_HUMAN ; P13645","KRT17 ; K1C17_HUMAN ; Q04695","KRT2 ; K22E_HUMAN ; P35908","KRT77 ; K2C1B_HUMAN ; Q7Z794","KRT81 ; KRT81_HUMAN ; Q14533","KRT9 ; K1C9_HUMAN ; P35527","KTN1 ; KTN1_HUMAN ; Q86UP2","L1CAM ; L1CAM_HUMAN ; P32004","LAG3 ; LAG3_HUMAN ; P18627","LAIR1 ; LAIR1_HUMAN ; Q6GTX8","LAIR2 ; LAIR2_HUMAN ; Q6ISS4","LAMP1 ; LAMP1_HUMAN ; P11279","LAMP2 ; LAMP2_HUMAN ; P13473","LAMP3 ; LAMP3_HUMAN ; Q9UQV4","LBP ; LBP_HUMAN ; P18428","LCAT ; LCAT_HUMAN ; P04180","LECT2 ; LECT2_HUMAN ; O14960","LEPR ; LEPR_HUMAN ; P48357","LGALS3BP ; LG3BP_HUMAN ; Q08380","LIF ; LIF_HUMAN ; P15018","LIFR ; LIFR_HUMAN ; P42702","LILRA1 ; LIRA1_HUMAN ; O75019","LILRA2 ; LIRA2_HUMAN ; Q8N149","LILRA3 ; LIRA3_HUMAN ; Q8N6C8","LILRA4 ; LIRA4_HUMAN ; P59901","LILRA5 ; LIRA5_HUMAN ; A6NI73","LILRA6 ; LIRA6_HUMAN ; Q6PI73","LILRB1 ; LIRB1_HUMAN ; Q8NHL6","LILRB2 ; LIRB2_HUMAN ; Q8N423","LILRB3 ; LIRB3_HUMAN ; O75022","LILRB4 ; LIRB4_HUMAN ; Q8NHJ6","LILRB5 ; LIRB5_HUMAN ; O75023","LPA ; APOA_HUMAN ; P08519","LRG1 ; A2GL_HUMAN ; P02750","LRP1 ; LRP1_HUMAN ; Q07954","LTA ; TNFB_HUMAN ; P01374","LTB ; TNFC_HUMAN ; Q06643","LTBR ; TNR3_HUMAN ; P36941","LUM ; LUM_HUMAN ; P51884","LY75 ; LY75_HUMAN ; O60449","LY9 ; LY9_HUMAN ; Q9HBG7","LYVE1 ; LYVE1_HUMAN ; Q9Y5Y7","LYZ ; LYSC_HUMAN ; P61626","MAP3K11 ; M3K11_HUMAN ; Q16584","MCAM ; MUC18_HUMAN ; P43121","MELTF ; TRFM_HUMAN ; P08582","MET ; MET_HUMAN ; P08581","MIF ; MIF_HUMAN ; P14174","MKI67 ; KI67_HUMAN ; P46013","MME ; NEP_HUMAN ; P08473","MPL ; TPOR_HUMAN ; P40238","MRC1 ; MRC1_HUMAN ; P22897","MRC2 ; MRC2_HUMAN ; Q9UBG0","MS4A1 ; CD20_HUMAN ; P11836","MSR1 ; MSRE_HUMAN ; P21757","MST1 ; HGFL_HUMAN ; P26927","MST1R ; RON_HUMAN ; Q04912","MUC1 ; MUC1_HUMAN ; P15941","MYZAP ; MYZAP_HUMAN ; P0CAP1","N4BP3 ; N4BP3_HUMAN ; O15049","NCAM1 ; NCAM1_HUMAN ; P13591","NCR1 ; NCTR1_HUMAN ; O76036","NCR2 ; NCTR2_HUMAN ; O95944","NCR3 ; NCTR3_HUMAN ; O14931","NECTIN1 ; NECT1_HUMAN ; Q15223","NECTIN2 ; NECT2_HUMAN ; Q92692","NECTIN3 ; NECT3_HUMAN ; Q9NQS3","NGFR ; TNR16_HUMAN ; P08138","NRP1 ; NRP1_HUMAN ; O14786","NT5E ; 5NTD_HUMAN ; P21589","NUCB1 ; NUCB1_HUMAN ; Q02818","ORM1 ; A1AG1_HUMAN ; P02763","ORM2 ; A1AG2_HUMAN ; P19652","OSM ; ONCM_HUMAN ; P13725","OSMR ; OSMR_HUMAN ; Q99650","PACRGL ; PACRL_HUMAN ; Q8N7B6","PARP14 ; PAR14_HUMAN ; Q460N5","PDCD1 ; PDCD1_HUMAN ; Q15116","PDCD1LG2 ; PD1L2_HUMAN ; Q9BQ51","PDGFA ; PDGFA_HUMAN ; P04085","PDGFB ; PDGFB_HUMAN ; P01127","PDGFRA ; PGFRA_HUMAN ; P16234","PDGFRB ; PGFRB_HUMAN ; P09619","PECAM1 ; PECA1_HUMAN ; P16284","PER2 ; PER2_HUMAN ; O15055","PF4 ; PLF4_HUMAN ; P02776","PF4V1 ; PF4V_HUMAN ; P10720","PFKP ; PFKAP_HUMAN ; Q01813","PGLYRP2 ; PGRP2_HUMAN ; Q96PD5","PLAUR ; UPAR_HUMAN ; Q03405","PLG ; PLMN_HUMAN ; P00747","PLXNC1 ; PLXC1_HUMAN ; O60486","PON1 ; PON1_HUMAN ; P27169","PPBP ; CXCL7_HUMAN ; P02775","PRDX2 ; PRDX2_HUMAN ; P32119","PRF1 ; PERF_HUMAN ; P14222","PRG4 ; PRG4_HUMAN ; Q92954","PRICKLE2 ; PRIC2_HUMAN ; Q7Z3G6","PRNP ; APRIO_HUMAN ; F7VJQ1","PROC ; PROC_HUMAN ; P04070","PROCR ; EPCR_HUMAN ; Q9UNN8","PROM1 ; PROM1_HUMAN ; O43490","PROS1 ; PROS_HUMAN ; P07225","PROZ ; PROZ_HUMAN ; P22891","PSG1 ; PSG1_HUMAN ; P11464","PTGDR2 ; PD2R2_HUMAN ; Q9Y5Y4","PTGFRN ; FPRP_HUMAN ; Q9P2B2","PTPRC ; PTPRC_HUMAN ; P08575","PTPRJ ; PTPRJ_HUMAN ; Q12913","PVR ; PVR_HUMAN ; P15151","PZP ; PZP_HUMAN ; P20742","RBP4 ; RET4_HUMAN ; P02753","RETN ; RETN_HUMAN ; Q9HD89","RHAG ; RHAG_HUMAN ; Q02094","RHCE ; RHCE_HUMAN ; P18577","RHD ; RHD_HUMAN ; Q02161","RNF180 ; RN180_HUMAN ; Q86T96","ROCK2 ; ROCK2_HUMAN ; O75116","RPAP3 ; RPAP3_HUMAN ; Q9H6T3","RYR2 ; RYR2_HUMAN ; Q92736","SAA1 ; SAA1_HUMAN ; P0DJI8","SAA2 ; SAA2_HUMAN ; P0DJI9","SDC1 ; SDC1_HUMAN ; P18827","SECISBP2L ; SBP2L_HUMAN ; Q93073","SELE ; LYAM2_HUMAN ; P16581","SELENOP ; SEPP1_HUMAN ; P49908","SELL ; LYAM1_HUMAN ; P14151","SELP ; LYAM3_HUMAN ; P16109","SELPLG ; SELPL_HUMAN ; Q14242","SEMA4D ; SEM4D_HUMAN ; Q92854","SEMA7A ; SEM7A_HUMAN ; O75326","SERPINA1 ; A1AT_HUMAN ; P01009","SERPINA3 ; AACT_HUMAN ; P01011","SERPINA6 ; CBG_HUMAN ; P08185","SERPINA7 ; THBG_HUMAN ; P05543","SERPINC1 ; ANT3_HUMAN ; P01008","SERPIND1 ; HEP2_HUMAN ; P05546","SERPINF1 ; PEDF_HUMAN ; P36955","SERPINF2 ; A2AP_HUMAN ; P08697","SERPING1 ; IC1_HUMAN ; P05155","SETSIP ; SETLP_HUMAN ; P0DME0","SFI1 ; SFI1_HUMAN ; A8K8P3","SIGLEC1 ; SN_HUMAN ; Q9BZZ2","SIGLEC5 ; SIGL5_HUMAN ; O15389","SIGLEC6 ; SIGL6_HUMAN ; O43699","SIGLEC7 ; SIGL7_HUMAN ; Q9Y286","SIGLEC9 ; SIGL9_HUMAN ; Q9Y336","SIRPA ; SHPS1_HUMAN ; P78324","SIRPB1 ; SIRB1_HUMAN ; O00241","SIRPG ; SIRPG_HUMAN ; Q9P1W8","SLAMF1 ; SLAF1_HUMAN ; Q13291","SLAMF7 ; SLAF7_HUMAN ; Q9NQ25","SLC44A1 ; CTL1_HUMAN ; Q8WWI5","SLC4A1 ; B3AT_HUMAN ; P02730","SLC7A5 ; LAT1_HUMAN ; Q01650","SMC3 ; SMC3_HUMAN ; Q9UQE7","SOD1 ; SODC_HUMAN ; P00441","SPECC1L ; CYTSA_HUMAN ; Q69YQ0","SPN ; LEUK_HUMAN ; P16150","SPP1 ; OSTP_HUMAN ; P10451","STAT1 ; STAT1_HUMAN ; P42224","STAT3 ; STAT3_HUMAN ; P40763","STAT5A ; STA5A_HUMAN ; P42229","STIL ; STIL_HUMAN ; Q15468","SYNE1 ; SYNE1_HUMAN ; Q8NF91","SYNE2 ; SYNE2_HUMAN ; Q8WXH0","SYNGAP1 ; SYGP1_HUMAN ; Q96PV0","TCERG1 ; TCRG1_HUMAN ; O14776","TCP10L3 ; TCP10_HUMAN ; Q12799","TDGF1P3 ; TDGF3_HUMAN ; P51864","TDRD1 ; TDRD1_HUMAN ; Q9BXT4","TDRD15 ; TDR15_HUMAN ; B5MCY1","TEK ; TIE2_HUMAN ; Q02763","TF ; TRFE_HUMAN ; P02787","TFRC ; TFR1_HUMAN ; P02786","TGFB1 ; TGFB1_HUMAN ; P01137","TGFB2 ; TGFB2_HUMAN ; P61812","TGFB3 ; TGFB3_HUMAN ; P10600","TGFBI ; BGH3_HUMAN ; Q15582","TGFBR1 ; TGFR1_HUMAN ; P36897","TGFBR2 ; TGFR2_HUMAN ; P37173","TGFBR3 ; TGBR3_HUMAN ; Q03167","THBD ; TRBM_HUMAN ; P07204","THBS1 ; TSP1_HUMAN ; P07996","THBS4 ; TSP4_HUMAN ; P35443","THPO ; TPO_HUMAN ; P40225","THY1 ; THY1_HUMAN ; P04216","TIAM2 ; TIAM2_HUMAN ; Q8IVF5","TLR1 ; TLR1_HUMAN ; Q15399","TLR10 ; TLR10_HUMAN ; Q9BXR5","TLR2 ; TLR2_HUMAN ; O60603","TLR3 ; TLR3_HUMAN ; O15455","TLR4 ; TLR4_HUMAN ; O00206","TLR5 ; TLR5_HUMAN ; O60602","TLR6 ; TLR6_HUMAN ; Q9Y2C9","TLR7 ; TLR7_HUMAN ; Q9NYK1","TLR8 ; TLR8_HUMAN ; Q9NR97","TLR9 ; TLR9_HUMAN ; Q9NR96","TMEM198 ; TM198_HUMAN ; Q66K66","TNF ; TNFA_HUMAN ; P01375","TNFRSF10A ; TR10A_HUMAN ; O00220","TNFRSF10B ; TR10B_HUMAN ; O14763","TNFRSF10C ; TR10C_HUMAN ; O14798","TNFRSF10D ; TR10D_HUMAN ; Q9UBN6","TNFRSF11A ; TNR11_HUMAN ; Q9Y6Q6","TNFRSF11B ; TR11B_HUMAN ; O00300","TNFRSF12A ; TNR12_HUMAN ; Q9NP84","TNFRSF13B ; TR13B_HUMAN ; O14836","TNFRSF13C ; TR13C_HUMAN ; Q96RJ3","TNFRSF14 ; TNR14_HUMAN ; Q92956","TNFRSF17 ; TNR17_HUMAN ; Q02223","TNFRSF18 ; TNR18_HUMAN ; Q9Y5U5","TNFRSF1A ; TNR1A_HUMAN ; P19438","TNFRSF1B ; TNR1B_HUMAN ; P20333","TNFRSF25 ; TNR25_HUMAN ; Q93038","TNFRSF4 ; TNR4_HUMAN ; P43489","TNFRSF8 ; TNR8_HUMAN ; P28908","TNFRSF9 ; TNR9_HUMAN ; Q07011","TNFSF10 ; TNF10_HUMAN ; P50591","TNFSF11 ; TNF11_HUMAN ; O14788","TNFSF12 ; TNF12_HUMAN ; O43508","TNFSF13 ; TNF13_HUMAN ; O75888","TNFSF13B ; TN13B_HUMAN ; Q9Y275","TNFSF14 ; TNF14_HUMAN ; O43557","TNFSF15 ; TNF15_HUMAN ; O95150","TNFSF18 ; TNF18_HUMAN ; Q9UNG2","TNFSF4 ; TNFL4_HUMAN ; P23510","TNFSF8 ; TNFL8_HUMAN ; P32971","TNFSF9 ; TNFL9_HUMAN ; P41273","TNNT3 ; TNNT3_HUMAN ; P45378","TNS1 ; TENS1_HUMAN ; Q9HBL0","TOP3B ; TOP3B_HUMAN ; O95985","TRAF3IP3 ; T3JAM_HUMAN ; Q9Y228","TRIM33 ; TRI33_HUMAN ; Q9UPN9","TRPC4AP ; TP4AP_HUMAN ; Q8TEL6","TSPAN7 ; TSN7_HUMAN ; P41732","TTN ; TITIN_HUMAN ; Q8WZ42","TTR ; TTHY_HUMAN ; P02766","TUSC2 ; TUSC2_HUMAN ; O75896","TXLNB ; TXLNB_HUMAN ; Q8N3L3","UBQLN1 ; UBQL1_HUMAN ; Q9UMX0","VEGFD ; VEGFD_HUMAN ; O43915","VPREB1 ; VPREB_HUMAN ; P12018","VTN ; VTNC_HUMAN ; P04004","VWA8 ; VWA8_HUMAN ; A3KMH1","VWF ; VWF_HUMAN ; P04275","WAPL ; WAPL_HUMAN ; Q7Z5K2","XCL1 ; XCL1_HUMAN ; P47992","XCL2 ; XCL2_HUMAN ; Q9UBD3","XCR1 ; XCR1_HUMAN ; P46094","XRCC6 ; XRCC6_HUMAN ; P12956"]
    },
    "comments":{
    "type":"string","maxLength":500
    }
    },
  "required":["expsampleId","intensity","proteinNameReported"]
}