{
  "$schema":"http://json-schema.org/draft-04/schema",
  "title":"publicRepositories.json template schema",
  "description": "The public repository template allows one or more public repository accession(s) and name(s) to be assigned to an experiment sample.",
  "type":"object",
  "properties":{
      "fileName":{
	  "type":"string",
	  "enum":["publicRepositories.json"]
      },
     "name":{
	  "type":"string",
	  "enum":["public_repositories"]
      },
     "schemaVersion":{
	  "type":"string",
	  "enum":["3.36"]
      },
     "templateType":{
	  "type":"string",
	  "enum":["single"]
      },
     "validationLevel":{
	  "type":"string"
      },
     "data": {
       "type":"array",
       "items":{
         "$ref":"publicRepositories.Datum.json#"
       },
       "minItems":1
     }
  },
  "additionalProperties":false,
  "required":["fileName","name","schemaVersion","templateType","data"]
}