{
  "$schema":"http://json-schema.org/draft-04/schema",
  "title":" template schema",
  "description":"",
  "type":"object",
  "properties":{
    "studyId":{
    "type":"string"
    },
    "dataReleaseVersion":{
    "type":"integer","minimum":1
    },
    "dataReleaseDate":{
    "type":"string","pattern":"^[0-9]{2}\\(Jan|Feb|Mar|Apr|May|Jun|Jul|Aug|Sep|Oct|Nov|Dec\\)[0-9]{4}$"
    },
    "dataReleaseStatus":{
    "type":"string","enum":["Initial","Unknown","Updated"]
    }
    },
  "required":["studyId","dataReleaseVersion","dataReleaseDate","dataReleaseStatus"]
}