{
  "$schema":"http://json-schema.org/draft-04/schema",
  "title":"Virus_Neutralization_Results.json template schema",
  "description":"The virus neutralization experiment sample template defines and annotates the assay results for a sample by linking sample, experiment, and results together. More than one analyte's results per assayed sample may be reported by copying the group of columns 'Virus Strain'and 'Titration Dilution Value' needed to describe each assay result.",
  "type":"object",
  "properties":{
    "expsampleId":{
    "type":"string"
    },
    "virusStrainReported":{
    "type":"string","enum":["A/Anhui/1/2005","A/Brisbane/02/2018","A/Brisbane/10/2007","A/Brisbane/59/2007","A/California/04/2009","A/California/07/2004","A/California/7/2009","A/Egypt/306","A/Hong Kong/4801/2014","A/Indonesia/5/2005","A/Kansas/14/2017","A/Michigan/45/2015","A/New Caledonia/20/1999","A/Perth/16/2009","A/Perth/19/2009","A/Puerto Rico/8/1934","A/Solomon Islands/3/2006","A/South Dakota/06/2007","A/Switzerland/9715293/2013","A/Texas/50/2012","A/Turkey/15/2006","A/Uruguay/716/2007","A/Victoria/3/1975","A/Victoria/361/2011","A/Vietnam/1196/2004","A/Wisconsin/67/2005","A/X-31","B/Brisbane/03/2007","B/Brisbane/3/2007","B/Brisbane/60/2008","B/Colorado/06/2017","B/Florida/04/2006","B/Florida/4/2006","B/Lee/1940","B/Malaysia/2506/2004","B/Massachusetts/02/2012","B/Massachusetts/2/2012","B/Phuket/3073/2013","B/Shanghai/361/2002","B/Wisconsin/01/2010","B/Wisonsin/01/2010","SARS-CoV-2","SARS-CoV-2 Alpha; B.1.1.7","SARS-CoV-2 Beta; B.1.351","SARS-CoV-2 Delta; B.1.617.2","SARS-CoV-2 Gamma; P.1","SARS-CoV-2 Lambda; C.37","SARS-CoV-2 Mu; B.1.621","SARS-CoV-2 Omicron variant BA.2","SARS-CoV-2 Omicron variant BA.4","SARS-CoV-2 Omicron variant BA.5","SARS-CoV-2 Omicron varient BA.1","SARS-CoV-2 Omicron; B.1.1.529","SARS-CoV-2 WA1/2020 (D614G variant)","SARS-COV-2 WUHAN-HU-1 in pseudovirus","SARS-CoV-2 Wuhan/2020","SARS-CoV-2 Zeta; P.2","SARS-like coronavirus WIV1","Yellow fever virus 17D"]
    },
    "valueReported":{
    "type":"number"
    },
    "unitReported":{
    "type":"string","enum":["Antibody titer","Gy","Not Specified","titer"]
    },
    "comments":{
    "type":"string","maxLength":500
    }
    },
  "required":["expsampleId","virusStrainReported","valueReported","unitReported"]
}