{
  "$schema":"http://json-schema.org/draft-04/schema",
  "title":" template schema",
  "description":"",
  "type":"object",
  "properties":{
    "userDefinedId":{
    "type":"string","maxLength":100
    },
    "honorific":{
    "type":"string","maxLength":20
    },
    "lastName":{
    "type":"string","maxLength":40
    },
    "firstName":{
    "type":"string","maxLength":40
    },
    "suffixes":{
    "type":"string","maxLength":40
    },
    "organization":{
    "type":"string","maxLength":125
    },
    "orcidId":{
    "type":"string","maxLength":1000
    },
    "email":{
    "type":"string","maxLength":100
    },
    "titleInStudy":{
    "type":"string","maxLength":100
    },
    "roleInStudy":{
    "type":"string","enum":["Co-Principal Investigator","Corresponding Author","Investigator","Medical Monitor","Other","Principal Investigator","Site Manager","Sub-Investigator"]
    },
    "siteName":{
    "type":"string","maxLength":100
    }
    },
  "required":["userDefinedId","lastName","firstName","organization","email","titleInStudy","roleInStudy","siteName"]
}