{
    "pubmed_id": 35013325,
    "study_identifier": "PMID35013325_study-01",
    "study_name": "Passive transfer of Ad26.COV2.S-elicited IgG from humans attenuates SARS-CoV-2 disease in hamsters",
    "publication_title": "Passive transfer of Ad26.COV2.S-elicited IgG from humans attenuates SARS-CoV-2 disease in hamsters",
    "study_objective": "To evaluate protective efficacy of human antibodies elicited by Ad26.COV2.S vaccination by adoptive transfer studies",
    "study_description": "SARS-CoV-2 Spike-specific binding and neutralizing antibodies, elicited either by natural infection or vaccination, have emerged as potential correlates of protection. An important question, however, is whether vaccine-elicited antibodies in humans provide direct, functional protection from SARS-CoV-2 infection and disease. In this study, we explored directly the protective efficacy of human antibodies elicited by Ad26.COV2.S vaccination by adoptive transfer studies. IgG from plasma of Ad26.COV2.S vaccinated individuals was purified and transferred into na\u00efve golden Syrian hamster recipients, followed by intra-nasal challenge of the hamsters with SARS-CoV-2. IgG purified from Ad26.COV2.S-vaccinated individuals provided dose-dependent protection in the recipient hamsters from weight loss following challenge. In contrast, IgG purified from placebo recipients provided no protection in this adoptive transfer model. Attenuation of weight loss correlated with binding and neutralizing antibody titers of the passively transferred IgG. This study suggests that Ad26.COV2.S-elicited antibodies in humans are mechanistically involved in protection against SARS-CoV-2.",
    "primary_institution_name": "Harvard University",
    "study_personnel": [
        {
            "personnel_id": "PMID35013325_personnel-01",
            "honorific": "",
            "last_name": "Barouch",
            "first_name": "Dan",
            "suffixes": "",
            "organization": "Harvard University",
            "orchid_id": "",
            "email": "dbarouch@bidmc.harvard.edu",
            "seronet_title_in_study": "SeroNet Principal Invesitgator",
            "role_in_study": "Corresponding Author",
            "site_name": "Harvard University"
        }
    ],
    "study_file": [
        {
            "study_file_name": "41541_2021_427_MOESM1_ESM.pdf",
            "study_file_description": "Study Data",
            "study_file_type": "Study Data"
        },
        {
            "study_file_name": "41541_2021_427_MOESM2_ESM.pdf",
            "study_file_description": "Study Data",
            "study_file_type": "Study Data"
        },
        {
            "study_file_name": "PMID35013325_v1.2.3.xlsm",
            "study_file_description": "Completed curation of the study into SeroNet Registry Template which includes SeroNet Study Descriptors.",
            "study_file_type": "Study Summary Description"
        }
    ],
    "study_link": [],
    "research_focus": "Vaccine Response",
    "study_type": "Preclinical Study",
    "keyword": [
        "Not provided I Electrochemiluminescence Immunoassay (eCLIA)"
    ],
    "clinical_study_design": "",
    "in_silico_model_type": "",
    "protocol": {
        "protocol_id": "PMID35013325_protocol-01",
        "protocol_file_name": "PMID35013325_protocol-01.txt",
        "protocol_name": "PMID35013325_protocol-01",
        "protocol_description": "Study Protocol",
        "protocol_type": "Study Protocol"
    },
    "reported_health_condition": [
        "Covid-19 | SARS-CoV-2 Wuhan / 2020"
    ],
    "sars_cov_2_vaccine_type": [
        "Johnson & Johnson"
    ],
    "clinical_outcome_measure": "Protective efficacy of human antibodies elicited by Ad26.COV2.S vaccination",
    "enrollment_start_date": "",
    "enrollment_end_date": "",
    "number_of_study_subjects": 25,
    "age_unit": "Years",
    "minimum_age": 18,
    "maximum_age": 55,
    "study_human_cohort": [
        {
            "arm_id": "PMID35013325_human_subject-01",
            "arm_name": "Group 1 from cohort 1b",
            "study_population_description": "Group 1 indviduals received Ad26.COV2.S high-dose (HD) on day 1 and day 57 (high-dose/high-dose (HD/HD) (n=5)",
            "arm_type": "Experimental Arm",
            "ethnicity": [
                "Not Specified"
            ],
            "race": [
                "Not Specified"
            ],
            "race_specify": [],
            "description": "",
            "sex_at_birth": [
                "Not specified"
            ],
            "age_event": "Age at enrollment",
            "subject_phenotype": "",
            "assessment_name": [],
            "study_location": [
                "US: Massachusetts"
            ],
            "measured_behavioral_or_pyschological_factor": [],
            "measured_social_factor": [],
            "sars_cov_2_symptoms": [],
            "assessment_clinical_and_demographic_data_provenance": [],
            "assessment_demographic_data_types_collected": [],
            "sars_cov_2_history": [
                "Vaccinated"
            ],
            "sars_cov_2_vaccine_type": [
                "Johnson & Johnson COVID-19 vaccine; VO:0005159"
            ],
            "covid_19_disease_severity": [],
            "post_covid_19_symptoms": [],
            "covid_19_complications": []
        },
        {
            "arm_id": "PMID35013325_human_subject-02",
            "arm_name": "Group 2 from cohort 1b",
            "study_population_description": "Group 2 indviduals received Ad26.COV2.S high-dose on day 1 and placebo on day 57 (high-dose/placebo (HD/PL) (n=5)",
            "arm_type": "Experimental Arm",
            "ethnicity": [
                "Not Specified"
            ],
            "race": [
                "Not Specified"
            ],
            "race_specify": [],
            "description": "",
            "sex_at_birth": [
                "Not specified"
            ],
            "age_event": "Age at enrollment",
            "subject_phenotype": "",
            "assessment_name": [],
            "study_location": [
                "US: Massachusetts"
            ],
            "measured_behavioral_or_pyschological_factor": [],
            "measured_social_factor": [],
            "sars_cov_2_symptoms": [],
            "assessment_clinical_and_demographic_data_provenance": [],
            "assessment_demographic_data_types_collected": [],
            "sars_cov_2_history": [
                "Vaccinated"
            ],
            "sars_cov_2_vaccine_type": [
                "Johnson & Johnson COVID-19 vaccine; VO:0005159"
            ],
            "covid_19_disease_severity": [],
            "post_covid_19_symptoms": [],
            "covid_19_complications": []
        },
        {
            "arm_id": "PMID35013325_human_subject-03",
            "arm_name": "Group 3 from cohort 1b",
            "study_population_description": "Group 3 indviduals received Ad26.COV2.S  low-dose (LD) on day 1 and day 57 (low-dose/ low-dose (LD/LD) (n=5)",
            "arm_type": "Experimental Arm",
            "ethnicity": [
                "Not Specified"
            ],
            "race": [
                "Not Specified"
            ],
            "race_specify": [],
            "description": "",
            "sex_at_birth": [
                "Not specified"
            ],
            "age_event": "Age at enrollment",
            "subject_phenotype": "",
            "assessment_name": [],
            "study_location": [
                "US: Massachusetts"
            ],
            "measured_behavioral_or_pyschological_factor": [],
            "measured_social_factor": [],
            "sars_cov_2_symptoms": [],
            "assessment_clinical_and_demographic_data_provenance": [],
            "assessment_demographic_data_types_collected": [],
            "sars_cov_2_history": [
                "Vaccinated"
            ],
            "sars_cov_2_vaccine_type": [
                "Johnson & Johnson COVID-19 vaccine; VO:0005159"
            ],
            "covid_19_disease_severity": [],
            "post_covid_19_symptoms": [],
            "covid_19_complications": []
        },
        {
            "arm_id": "PMID35013325_human_subject-04",
            "arm_name": "Group 4 from cohort 1b",
            "study_population_description": "Group 4 indviduals received Ad26.COV2.S low-dose on day 1 and placebo on day 57 (low-dose/placebo (LD/PL) (n=5)",
            "arm_type": "Experimental Arm",
            "ethnicity": [
                "Not Specified"
            ],
            "race": [
                "Not Specified"
            ],
            "race_specify": [],
            "description": "",
            "sex_at_birth": [
                "Not specified"
            ],
            "age_event": "Age at enrollment",
            "subject_phenotype": "",
            "assessment_name": [],
            "study_location": [
                "US: Massachusetts"
            ],
            "measured_behavioral_or_pyschological_factor": [],
            "measured_social_factor": [],
            "sars_cov_2_symptoms": [],
            "assessment_clinical_and_demographic_data_provenance": [],
            "assessment_demographic_data_types_collected": [],
            "sars_cov_2_history": [
                "Vaccinated"
            ],
            "sars_cov_2_vaccine_type": [
                "Johnson & Johnson COVID-19 vaccine; VO:0005159"
            ],
            "covid_19_disease_severity": [],
            "post_covid_19_symptoms": [],
            "covid_19_complications": []
        },
        {
            "arm_id": "PMID35013325_human_subject-05",
            "arm_name": "Group 5 from cohort 1b",
            "study_population_description": "Group 5 indviduals received placebo on day 1 and day 57 (placebo/placebo (PL/PL) (n=5)",
            "arm_type": "Placebo Comparator Arm",
            "ethnicity": [
                "Not Specified"
            ],
            "race": [
                "Not Specified"
            ],
            "race_specify": [],
            "description": "",
            "sex_at_birth": [
                "Not specified"
            ],
            "age_event": "Age at enrollment",
            "subject_phenotype": "",
            "assessment_name": [],
            "study_location": [
                "US: Massachusetts"
            ],
            "measured_behavioral_or_pyschological_factor": [],
            "measured_social_factor": [],
            "sars_cov_2_symptoms": [],
            "assessment_clinical_and_demographic_data_provenance": [],
            "assessment_demographic_data_types_collected": [],
            "sars_cov_2_history": [
                "Uninfected"
            ],
            "sars_cov_2_vaccine_type": [],
            "covid_19_disease_severity": [],
            "post_covid_19_symptoms": [],
            "covid_19_complications": []
        }
    ],
    "study_model_cohort": [
        {
            "arm_id": "PMID35013325_organism_subject-06",
            "arm_name": "Naive hamster recipients Ad26.COV2.S (HD/HD)",
            "study_population_description": "IgG from plasma of Ad26.COV2.S (HD/HD) vaccinated individuals was purified and transferred into 10 -12 weeks naive golden Syrian hamster recipients.",
            "arm_type": "Experimental Arm",
            "genus_and_species": [
                "Mesocricetus auratus"
            ],
            "biosample_type": [
                "Animal"
            ],
            "strain_characteristics": [],
            "sex_at_birth": [
                "Female",
                "Male"
            ],
            "age_event": "Age at enrollment",
            "subject_phenotype": "",
            "study_location": [
                "US: Massachusetts"
            ],
            "sars_cov_2_history": [],
            "sars_cov_2_vaccine_type": [
                "n/a"
            ],
            "covid_19_disease_severity": [],
            "post_covid_19_symptons": [],
            "covid_19_complications": []
        },
        {
            "arm_id": "PMID35013325_organism_subject-07",
            "arm_name": "Naive hamster recipients Ad26.COV2.S (HD/PL)",
            "study_population_description": "IgG from plasma of Ad26.COV2.S (HD/PL) vaccinated individuals was purified and transferred into 10 -12 weeks naive golden Syrian hamster recipients.",
            "arm_type": "Experimental Arm",
            "genus_and_species": [
                "Mesocricetus auratus"
            ],
            "biosample_type": [
                "Animal"
            ],
            "strain_characteristics": [],
            "sex_at_birth": [
                "Female",
                "Male"
            ],
            "age_event": "Age at enrollment",
            "subject_phenotype": "",
            "study_location": [
                "US: Massachusetts"
            ],
            "sars_cov_2_history": [],
            "sars_cov_2_vaccine_type": [
                "n/a"
            ],
            "covid_19_disease_severity": [],
            "post_covid_19_symptons": [],
            "covid_19_complications": []
        },
        {
            "arm_id": "PMID35013325_organism_subject-08",
            "arm_name": "Naive hamster recipients Ad26.COV2.S (LD/LD)",
            "study_population_description": "IgG from plasma of Ad26.COV2.S (LD/LD) vaccinated individuals was purified and transferred into 10 -12 weeks naive golden Syrian hamster recipients",
            "arm_type": "Experimental Arm",
            "genus_and_species": [
                "Mesocricetus auratus"
            ],
            "biosample_type": [
                "Animal"
            ],
            "strain_characteristics": [],
            "sex_at_birth": [
                "Female",
                "Male"
            ],
            "age_event": "Age at enrollment",
            "subject_phenotype": "",
            "study_location": [
                "US: Massachusetts"
            ],
            "sars_cov_2_history": [],
            "sars_cov_2_vaccine_type": [
                "n/a"
            ],
            "covid_19_disease_severity": [],
            "post_covid_19_symptons": [],
            "covid_19_complications": []
        },
        {
            "arm_id": "PMID35013325_organism_subject-09",
            "arm_name": "Naive hamster recipients Ad26.COV2.S (LD/PL)",
            "study_population_description": "IgG from plasma of Ad26.COV2.S (LD/PL) vaccinated individuals was purified and transferred into 10 -12 weeks naive golden Syrian hamster recipients.",
            "arm_type": "Experimental Arm",
            "genus_and_species": [
                "Mesocricetus auratus"
            ],
            "biosample_type": [
                "Animal"
            ],
            "strain_characteristics": [],
            "sex_at_birth": [
                "Female",
                "Male"
            ],
            "age_event": "Age at enrollment",
            "subject_phenotype": "",
            "study_location": [
                "US: Massachusetts"
            ],
            "sars_cov_2_history": [],
            "sars_cov_2_vaccine_type": [
                "n/a"
            ],
            "covid_19_disease_severity": [],
            "post_covid_19_symptons": [],
            "covid_19_complications": []
        },
        {
            "arm_id": "PMID35013325_organism_subject-10",
            "arm_name": "Naive hamster recipients Ad26.COV2.S (PL/PL)",
            "study_population_description": "IgG from plasma of Ad26.COV2.S (PL/PL) vaccinated individuals was purified and transferred into 10 -12 weeks naive golden Syrian hamster recipients.",
            "arm_type": "Experimental Arm",
            "genus_and_species": [
                "Mesocricetus auratus"
            ],
            "biosample_type": [
                "Animal"
            ],
            "strain_characteristics": [],
            "sex_at_birth": [
                "Female",
                "Male"
            ],
            "age_event": "Age at enrollment",
            "subject_phenotype": "",
            "study_location": [
                "US: Massachusetts"
            ],
            "sars_cov_2_history": [],
            "sars_cov_2_vaccine_type": [
                "n/a"
            ],
            "covid_19_disease_severity": [],
            "post_covid_19_symptons": [],
            "covid_19_complications": []
        },
        {
            "arm_id": "PMID35013325_organism_subject-11",
            "arm_name": "Negative controls",
            "study_population_description": "Groups of hamsters that received buffer alone as negative controls (n = 15)",
            "arm_type": "Negative Control",
            "genus_and_species": [
                "Mesocricetus auratus"
            ],
            "biosample_type": [
                "Animal"
            ],
            "strain_characteristics": [],
            "sex_at_birth": [
                "Female",
                "Male"
            ],
            "age_event": "Age at enrollment",
            "subject_phenotype": "",
            "study_location": [
                "US: Massachusetts"
            ],
            "sars_cov_2_history": [],
            "sars_cov_2_vaccine_type": [
                "n/a"
            ],
            "covid_19_disease_severity": [],
            "post_covid_19_symptons": [],
            "covid_19_complications": []
        },
        {
            "arm_id": "PMID35013325_organism_subject-12",
            "arm_name": "Positive controls",
            "study_population_description": "IgG purified from convalescent re-challenged non-human primates (NHPs) after two rounds of SARS-CoV-2 challenge as high-titer positive controls (n = 11)",
            "arm_type": "Positive Control",
            "genus_and_species": [
                "Mesocricetus auratus"
            ],
            "biosample_type": [
                "Animal"
            ],
            "strain_characteristics": [],
            "sex_at_birth": [
                "Female",
                "Male"
            ],
            "age_event": "Age at enrollment",
            "subject_phenotype": "",
            "study_location": [
                "US: Massachusetts"
            ],
            "sars_cov_2_history": [],
            "sars_cov_2_vaccine_type": [
                "n/a"
            ],
            "covid_19_disease_severity": [],
            "post_covid_19_symptons": [],
            "covid_19_complications": []
        }
    ],
    "planned_visit": [
        {
            "visit_id": "PMID35013325_visit-01",
            "visit_name": "Polyclonal IgG was purified from human plasma samples 2 weeks after the second immunization of either Ad26.COV2.S or placebo",
            "visit_order_number": 1,
            "visit_min_start_day": 71,
            "visit_max_start_day": "",
            "visit_start_rule": ""
        },
        {
            "visit_id": "PMID35013325_visit-02",
            "visit_name": "Hamsters received an intra-peritoneal injection of either 25 mg of purified IgG in buffer, or 2.5 mL of buffer alone",
            "visit_order_number": 2,
            "visit_min_start_day": -1,
            "visit_max_start_day": "",
            "visit_start_rule": ""
        },
        {
            "visit_id": "PMID35013325_visit-03",
            "visit_name": "Blood was collected from Hamsters via the retro-orbital route to quantify post-transfer serum neutralizing antibody titers",
            "visit_order_number": 3,
            "visit_min_start_day": 0,
            "visit_max_start_day": "",
            "visit_start_rule": ""
        },
        {
            "visit_id": "PMID35013325_visit-04",
            "visit_name": "Significant weight loss was observed in animals over approximately seven days",
            "visit_order_number": 4,
            "visit_min_start_day": 7,
            "visit_max_start_day": "",
            "visit_start_rule": ""
        }
    ],
    "experiment": [
        {
            "arm_id": [
                "PMID35013325_human_subject-01",
                "PMID35013325_human_subject-02",
                "PMID35013325_human_subject-03",
                "PMID35013325_human_subject-04",
                "PMID35013325_human_subject-05",
                "PMID35013325_organism_subject-06",
                "PMID35013325_organism_subject-07",
                "PMID35013325_organism_subject-08",
                "PMID35013325_organism_subject-09",
                "PMID35013325_organism_subject-10",
                "PMID35013325_organism_subject-11",
                "PMID35013325_organism_subject-12"
            ],
            "associated_first_planned_visit_id": [
                "PMID35013325_visit-02",
                "PMID35013325_visit-03"
            ],
            "assay_type": "Chemiluminescent Assay",
            "experiment_name": "Electrochemiluminescence Immunoassay (eCLIA)",
            "experiment_results_file_name": "na",
            "biospecimen_type": [
                "Plasma"
            ],
            "biospecimen_collection_point": [
                "Post-vaccination"
            ],
            "sars_cov_2_antigen": [
                "Receptor Binding Domain (RBD)",
                "Full Length Spike Trimer"
            ],
            "assay_use": "",
            "manufacture": "",
            "catalog_number": "",
            "virus_target": [
                "SARS-CoV-2 Wuhan / 2020"
            ],
            "antibody_isotype": [
                "IgG"
            ],
            "reporting_units": "",
            "assay_reporting_format": "Quantitative"
        },
        {
            "arm_id": [
                "PMID35013325_human_subject-01",
                "PMID35013325_human_subject-02",
                "PMID35013325_human_subject-03",
                "PMID35013325_human_subject-04",
                "PMID35013325_human_subject-05",
                "PMID35013325_organism_subject-06",
                "PMID35013325_organism_subject-07",
                "PMID35013325_organism_subject-08",
                "PMID35013325_organism_subject-09",
                "PMID35013325_organism_subject-10",
                "PMID35013325_organism_subject-11",
                "PMID35013325_organism_subject-12"
            ],
            "associated_first_planned_visit_id": [
                "PMID35013325_visit-04"
            ],
            "assay_type": "Pseudovirus Neutralization Assay",
            "experiment_name": "Pseudovirus Neutralization Assay",
            "experiment_results_file_name": "na",
            "biospecimen_type": [
                "Plasma"
            ],
            "biospecimen_collection_point": [
                "Post-vaccination"
            ],
            "sars_cov_2_antigen": [
                "Full Length Spike Trimer"
            ],
            "assay_use": "",
            "manufacture": "",
            "catalog_number": "",
            "virus_target": [
                "SARS-CoV-2 Wuhan / 2020"
            ],
            "antibody_isotype": [
                "IgG"
            ],
            "reporting_units": "",
            "assay_reporting_format": "Quantitative"
        }
    ],
    "geriatric_subjects": "No",
    "pediatric_subjects": "No",
    "pregnant_subjects": "Not Specified",
    "sars_cov_2_antibodies_measured": "Yes",
    "survey_instrument_shared": "Not Specified",
    "who_disease_severity_scale_used": "Not Specified",
    "inclusion_exclusion": [
        {
            "inclusion_exculusion_id": "PMID35013325_inexcl-01",
            "inclusion_criterion": "Geriatric subjects",
            "inclusion_criterion_category": "exclusion"
        },
        {
            "inclusion_exculusion_id": "PMID35013325_inexcl-02",
            "inclusion_criterion": "Pediatric subjects",
            "inclusion_criterion_category": "exclusion"
        },
        {
            "inclusion_exculusion_id": "PMID35013325_inexcl-03",
            "inclusion_criterion": "Vaccine receipents",
            "inclusion_criterion_category": "inclusion"
        },
        {
            "inclusion_exculusion_id": "PMID35013325_inexcl-04",
            "inclusion_criterion": "SARS-CoV-2 Antibodies Measured",
            "inclusion_criterion_category": "inclusion"
        }
    ],
    "suggestions": [
        "ad26.cov2.s",
        "ad26.cov2.s-elicited",
        "ad26.cov2.s-vaccinated",
        "adoptive",
        "antibodies",
        "antibody",
        "attenuates",
        "attenuation",
        "binding",
        "challenge",
        "contrast",
        "correlated",
        "correlates",
        "covid-19 | sars-cov-2 wuhan / 2020",
        "direct",
        "directly",
        "disease",
        "dose-dependent",
        "efficacy",
        "either",
        "elicited",
        "emerged",
        "evaluate",
        "explored",
        "followed",
        "following",
        "functional",
        "geriatric",
        "golden",
        "hamster",
        "hamsters",
        "harvard",
        "however",
        "human",
        "humans",
        "igg",
        "important",
        "individuals",
        "infection",
        "intra-nasal",
        "involved",
        "johnson & johnson",
        "loss",
        "measured",
        "mechanistically",
        "model",
        "natural",
        "na\u00efve",
        "neutralizing",
        "not provided i electrochemiluminescence immunoassay (eclia)",
        "passive",
        "passively",
        "pediatric",
        "placebo",
        "plasma",
        "potential",
        "preclinical",
        "protection",
        "protective",
        "provide",
        "provided",
        "purified",
        "question",
        "receipents",
        "recipient",
        "recipients",
        "response",
        "sars-cov-2",
        "spike-specific",
        "studies",
        "study",
        "subjects",
        "suggests",
        "syrian",
        "titers",
        "transfer",
        "transferred",
        "university",
        "vaccinated",
        "vaccination",
        "vaccine",
        "vaccine-elicited",
        "weight",
        "whether"
    ]
}