{
    "pubmed_id": 35764643,
    "study_identifier": "PMID35764643_study-01",
    "study_name": "Maternal immune response and placental antibody transfer after COVID-19 vaccination across trimester and platforms",
    "publication_title": "Maternal immune response and placental antibody transfer after COVID-19 vaccination across trimester and platforms",
    "study_objective": "To examine how vaccine platforms and timing of vaccination in pregnancy impact maternal and neonatal immunity.",
    "study_description": "Here, we characterize the antibody profile after Ad26.COV2.S, mRNA-1273 or BNT162b2 vaccination in 158 pregnant individuals and evaluate transplacental antibody transfer by profiling maternal and umbilical cord blood in 175 maternal-neonatal dyads. These analyses reveal lower vaccine-induced functions and Fc receptor-binding after Ad26.COV2.S compared to mRNA vaccination and subtle advantages in titer and function with mRNA-1273 versus BN162b2. mRNA vaccines have higher titers and functions against SARS-CoV-2 variants of concern. First and third trimester vaccination results in enhanced maternal antibody-dependent NK-cell activation, cellular and neutrophil phagocytosis, and complement deposition relative to second trimester. Higher transplacental transfer ratios following first and second trimester vaccination may reflect placental compensation for waning maternal titers.",
    "primary_institution_name": "Harvard University",
    "study_personnel": [
        {
            "personnel_id": "PMID35764643_personnel-01",
            "honorific": "",
            "last_name": "Galit",
            "first_name": "Alter",
            "suffixes": "",
            "organization": "Harvard University",
            "orchid_id": "",
            "email": "galter@MGH.HARVARD.EDU",
            "seronet_title_in_study": "Seronet Principal Investigator",
            "role_in_study": "Corresponding Author",
            "site_name": "Mass General Brigham"
        },
        {
            "personnel_id": "PMID35764643_personnel-02",
            "honorific": "",
            "last_name": "Atyeo",
            "first_name": "Caroline",
            "suffixes": "",
            "organization": "Harvard University",
            "orchid_id": "",
            "email": "catyeo@MGH.HARVARD.EDU",
            "seronet_title_in_study": "Seronet Investigator",
            "role_in_study": "Investigator",
            "site_name": "Mass General Brigham"
        }
    ],
    "study_file": [
        {
            "study_file_name": "41467_2022_31169_MOESM1_ESM.docx",
            "study_file_description": "Supplemental Table 1 and 2",
            "study_file_type": "Study Data"
        },
        {
            "study_file_name": "41467_2022_31169_MOESM3_ESM.xlsx",
            "study_file_description": "Dataset 1",
            "study_file_type": "Study Data"
        },
        {
            "study_file_name": "41467_2022_31169_MOESM4_ESM.xlsx",
            "study_file_description": "Dataset 2",
            "study_file_type": "Study Data"
        },
        {
            "study_file_name": "Systems Serology data source File 1_clean IDs.xlsx",
            "study_file_description": "Systems Serology data",
            "study_file_type": "Study Data"
        },
        {
            "study_file_name": "Dyads ELISA Source File 2_clean IDs.xlsx",
            "study_file_description": "cord/maternal titer data",
            "study_file_type": "Study Data"
        },
        {
            "study_file_name": "Atyeo_NatComms_2022_rawdatadescriptions_McNamara.docx",
            "study_file_description": "Document containing descriptions for the raw data files",
            "study_file_type": "Data Dictionary"
        },
        {
            "study_file_name": "atyeonatcommluminexraw.csv",
            "study_file_description": "Raw data of the Luminex assays  using  sera from vaccine recipients",
            "study_file_type": "Study Data"
        },
        {
            "study_file_name": "atyeonatcommfunctionaldata.csv",
            "study_file_description": "Raw data of functional assays conducted using sera from recipients",
            "study_file_type": "Study Data"
        },
        {
            "study_file_name": "atyeonatcommelisa.csv",
            "study_file_description": "Raw ELISA data using sera",
            "study_file_type": "Study Data"
        },
        {
            "study_file_name": "PMID35764643_SeroNet Registry Template v1.2.4.xlsm",
            "study_file_description": "Completed curation of the study into SeroNet Registry Template which includes SeroNet Study Descriptors.",
            "study_file_type": "Study Summary Description"
        }
    ],
    "study_link": [
        {
            "link_name": "Github",
            "value": "https://github.com/LoosC/systemsseRology"
        }
    ],
    "research_focus": "Immune Response",
    "study_type": "Clinical Research",
    "keyword": [
        "Ad26COVS1",
        "Antibodies",
        "Viral",
        "BNT162 Vaccine",
        "COVID-19 Vaccines",
        "COVID-19",
        "prevention",
        "control",
        "Female",
        "Humans",
        "Immunity",
        "Infant",
        "Newborn",
        "Placenta",
        "Pregnancy",
        "Pregnancy Complications",
        "Infectious",
        "prevention & control",
        "SARS-CoV-2",
        "United States",
        "Vaccination",
        "methods",
        "ADCP",
        "ADNP",
        "ADCD"
    ],
    "clinical_study_design": "Prospective Cohort",
    "in_silico_model_type": "",
    "protocol": {
        "protocol_id": "PMID35764643_protocol-01",
        "protocol_file_name": "PMID35764643_protocol-01.txt",
        "protocol_name": "PMID35764643_protocol-01",
        "protocol_description": "Study Protocol",
        "protocol_type": "Study Protocol"
    },
    "reported_health_condition": [
        "Covid-19"
    ],
    "sars_cov_2_vaccine_type": [
        "Johnson & Johnson",
        "Moderna",
        "Pfizer-BioNTech"
    ],
    "clinical_outcome_measure": "The impact of platform and trimester of vaccination on maternal humoral immune response and transplacental antibody transfer",
    "enrollment_start_date": "2021-01-01",
    "enrollment_end_date": "2021-09-01",
    "number_of_study_subjects": 281,
    "age_unit": "Years",
    "minimum_age": 32,
    "maximum_age": 36,
    "study_human_cohort": [
        {
            "arm_id": "PMID35764643_human_subject-01",
            "arm_name": "Pregnant individuals vaccinated during 2nd or 3rd Trimester",
            "study_population_description": "Pregnant individuals vaccinated during 2nd or 3rd Trimester with Johnson & Johnson",
            "arm_type": "Vaccination",
            "ethnicity": [
                "Hispanic or Latino",
                "Not Hispanic or Latino",
                "Not Specified"
            ],
            "race": [
                "Asian",
                "Black or African American",
                "Not Specified",
                "White"
            ],
            "race_specify": [],
            "description": "",
            "sex_at_birth": [
                "Female"
            ],
            "age_event": "Age at Study Day 0",
            "subject_phenotype": "",
            "assessment_name": [],
            "study_location": [
                "US: Massachusetts"
            ],
            "measured_behavioral_or_pyschological_factor": [],
            "measured_social_factor": [],
            "sars_cov_2_symptoms": [],
            "assessment_clinical_and_demographic_data_provenance": [
                "Directly Measured"
            ],
            "assessment_demographic_data_types_collected": [],
            "sars_cov_2_history": [
                "Uninfected",
                "Infected",
                "Vaccinated"
            ],
            "sars_cov_2_vaccine_type": [
                "Johnson & Johnson COVID-19 vaccine; VO:0005159"
            ],
            "covid_19_disease_severity": [],
            "post_covid_19_symptoms": [],
            "covid_19_complications": []
        },
        {
            "arm_id": "PMID35764643_human_subject-02",
            "arm_name": "Pregnant individuals vaccinated during 1st, 2nd, or 3rd Trimester",
            "study_population_description": "Pregnant individuals vaccinated during 1st, 2nd, or 3rd Trimester  with Moderna",
            "arm_type": "Vaccination",
            "ethnicity": [
                "Hispanic or Latino",
                "Not Hispanic or Latino",
                "Not Specified"
            ],
            "race": [
                "Asian",
                "Black or African American",
                "Not Specified",
                "White"
            ],
            "race_specify": [],
            "description": "",
            "sex_at_birth": [
                "Female"
            ],
            "age_event": "Age at Study Day 0",
            "subject_phenotype": "",
            "assessment_name": [],
            "study_location": [
                "US: Massachusetts"
            ],
            "measured_behavioral_or_pyschological_factor": [],
            "measured_social_factor": [],
            "sars_cov_2_symptoms": [],
            "assessment_clinical_and_demographic_data_provenance": [
                "Directly Measured"
            ],
            "assessment_demographic_data_types_collected": [],
            "sars_cov_2_history": [
                "Uninfected",
                "Infected",
                "Vaccinated"
            ],
            "sars_cov_2_vaccine_type": [
                "Moderna COVID-19 vaccine ; VO:0005157"
            ],
            "covid_19_disease_severity": [],
            "post_covid_19_symptoms": [],
            "covid_19_complications": []
        },
        {
            "arm_id": "PMID35764643_human_subject-03",
            "arm_name": "Pregnant individuals vaccinated during 2nd or 3rd Trimester",
            "study_population_description": "Pregnant individuals vaccinated during 2nd or 3rd Trimester with Pfizer-BioNTech",
            "arm_type": "Vaccination",
            "ethnicity": [
                "Hispanic or Latino",
                "Not Hispanic or Latino",
                "Not Specified"
            ],
            "race": [
                "Asian",
                "Black or African American",
                "Not Specified",
                "White",
                "American Indian or Alaska Native"
            ],
            "race_specify": [],
            "description": "",
            "sex_at_birth": [
                "Female"
            ],
            "age_event": "Age at Study Day 0",
            "subject_phenotype": "",
            "assessment_name": [],
            "study_location": [
                "US: Massachusetts"
            ],
            "measured_behavioral_or_pyschological_factor": [],
            "measured_social_factor": [],
            "sars_cov_2_symptoms": [],
            "assessment_clinical_and_demographic_data_provenance": [
                "Directly Measured"
            ],
            "assessment_demographic_data_types_collected": [],
            "sars_cov_2_history": [
                "Uninfected",
                "Vaccinated"
            ],
            "sars_cov_2_vaccine_type": [
                "Pfizer BioNTech COVID-19 vaccine ; VO:0004987"
            ],
            "covid_19_disease_severity": [],
            "post_covid_19_symptoms": [],
            "covid_19_complications": []
        },
        {
            "arm_id": "PMID35764643_human_subject-04",
            "arm_name": "Maternal-neonatal dyads, vaccinated during 1st, 2nd, or 3rd Trimester",
            "study_population_description": "Maternal-neonatal dyads, vaccinated during 1st, 2nd, or 3rd Trimester",
            "arm_type": "Vaccination",
            "ethnicity": [
                "Hispanic or Latino",
                "Not Hispanic or Latino",
                "Not Specified"
            ],
            "race": [
                "Asian",
                "Black or African American",
                "Not Specified",
                "White",
                "American Indian or Alaska Native"
            ],
            "race_specify": [],
            "description": "",
            "sex_at_birth": [
                "Female"
            ],
            "age_event": "Age at Study Day 0",
            "subject_phenotype": "",
            "assessment_name": [],
            "study_location": [
                "US: Massachusetts"
            ],
            "measured_behavioral_or_pyschological_factor": [],
            "measured_social_factor": [],
            "sars_cov_2_symptoms": [],
            "assessment_clinical_and_demographic_data_provenance": [
                "Directly Measured"
            ],
            "assessment_demographic_data_types_collected": [],
            "sars_cov_2_history": [
                "Uninfected",
                "Infected",
                "Vaccinated"
            ],
            "sars_cov_2_vaccine_type": [
                "Johnson & Johnson COVID-19 vaccine; VO:0005159",
                "Moderna COVID-19 vaccine ; VO:0005157",
                "Pfizer BioNTech COVID-19 vaccine ; VO:0004987"
            ],
            "covid_19_disease_severity": [],
            "post_covid_19_symptoms": [],
            "covid_19_complications": []
        }
    ],
    "study_model_cohort": [
        {
            "arm_id": "PMID35764643_organism_subject-01",
            "arm_name": "Umbilical cord blood",
            "study_population_description": "Umbilical cord blood collected after delivery",
            "arm_type": "No Intervention Arm",
            "genus_and_species": [
                "Homo sapiens"
            ],
            "biosample_type": [
                "Other"
            ],
            "strain_characteristics": [],
            "sex_at_birth": [
                "Female",
                "Male"
            ],
            "age_event": "Age at enrollment",
            "subject_phenotype": "",
            "study_location": [
                "US: Massachusetts"
            ],
            "sars_cov_2_history": [
                "Uninfected"
            ],
            "sars_cov_2_vaccine_type": [],
            "covid_19_disease_severity": [],
            "post_covid_19_symptons": [],
            "covid_19_complications": []
        }
    ],
    "planned_visit": [
        {
            "visit_id": "PMID35764643_visit-01",
            "visit_name": "Blood collection two weeks after vaccination in 1st, 2nd or 3rd Trimester",
            "visit_order_number": 1,
            "visit_min_start_day": 14,
            "visit_max_start_day": 287,
            "visit_start_rule": ""
        },
        {
            "visit_id": "PMID35764643_visit-02",
            "visit_name": "Maternal blood drawn at time of delivery, umbilical cord blood collected after delivery",
            "visit_order_number": 2,
            "visit_min_start_day": 288,
            "visit_max_start_day": 0,
            "visit_start_rule": ""
        }
    ],
    "experiment": [
        {
            "arm_id": [
                "PMID35764643_human_subject-01, PMID35764643_human_subject-02, PMID35764643_human_subject-03, PMID35764643_human_subject-04, PMID35764643_organism_subject-01"
            ],
            "associated_first_planned_visit_id": [
                "PMID35764643_visit-01, PMID35764643_visit-02"
            ],
            "assay_type": "Chemiluminescent Assay",
            "experiment_name": "Bead-based functional assays",
            "experiment_results_file_name": "na",
            "biospecimen_type": [
                "Serum"
            ],
            "biospecimen_collection_point": [
                "Post-vaccination"
            ],
            "sars_cov_2_antigen": [
                "Full Length Spike Trimer"
            ],
            "assay_use": "Research Use Only",
            "manufacture": "Intellicyt",
            "catalog_number": "",
            "virus_target": [
                "SARS-CoV-2 WA1/2020 (D614 variant)",
                "SARS-CoV-2 Alpha; B.1.1.7",
                "SARS-CoV-2 Beta; B.1.351",
                "SARS-CoV-2 Delta; B.1.617.2",
                "SARS-CoV-2 Gamma; P.1"
            ],
            "antibody_isotype": [
                "Other"
            ],
            "reporting_units": "",
            "assay_reporting_format": ""
        },
        {
            "arm_id": [
                "PMID35764643_human_subject-01, PMID35764643_human_subject-02, PMID35764643_human_subject-03, PMID35764643_human_subject-04, PMID35764643_organism_subject-01"
            ],
            "associated_first_planned_visit_id": [
                "PMID35764643_visit-01, PMID35764643_visit-02"
            ],
            "assay_type": "ELISA",
            "experiment_name": "Antibody-dependent NK cell degranulation",
            "experiment_results_file_name": "na",
            "biospecimen_type": [
                "Serum"
            ],
            "biospecimen_collection_point": [
                "Post-vaccination"
            ],
            "sars_cov_2_antigen": [
                "n/a"
            ],
            "assay_use": "Research Use Only",
            "manufacture": "components from multiple manufacturers",
            "catalog_number": "",
            "virus_target": [
                "SARS-CoV-2 WA1/2020 (D614 variant)",
                "SARS-CoV-2 Alpha; B.1.1.7",
                "SARS-CoV-2 Beta; B.1.351",
                "SARS-CoV-2 Delta; B.1.617.2",
                "SARS-CoV-2 Gamma; P.1"
            ],
            "antibody_isotype": [
                "Other"
            ],
            "reporting_units": "",
            "assay_reporting_format": ""
        },
        {
            "arm_id": [
                "PMID35764643_organism_subject-01"
            ],
            "associated_first_planned_visit_id": [
                "PMID35764643_visit-02"
            ],
            "assay_type": "Multiplex Bead Array Assay",
            "experiment_name": "Multiplexed Luminex assay",
            "experiment_results_file_name": "na",
            "biospecimen_type": [
                "Serum"
            ],
            "biospecimen_collection_point": [
                "Post-vaccination"
            ],
            "sars_cov_2_antigen": [
                "Full Length Spike Trimer"
            ],
            "assay_use": "Research Use Only",
            "manufacture": "Intellicyt",
            "catalog_number": "",
            "virus_target": [
                "SARS-CoV-2 WA1/2020 (D614 variant)",
                "SARS-CoV-2 Alpha; B.1.1.7",
                "SARS-CoV-2 Beta; B.1.351",
                "SARS-CoV-2 Delta; B.1.617.2",
                "SARS-CoV-2 Gamma; P.1"
            ],
            "antibody_isotype": [
                "IgG"
            ],
            "reporting_units": "Arbitrary Unit",
            "assay_reporting_format": ""
        },
        {
            "arm_id": [
                "PMID35764643_human_subject-04, PMID35764643_organism_subject-01"
            ],
            "associated_first_planned_visit_id": [
                "PMID35764643_visit-02"
            ],
            "assay_type": "ELISA",
            "experiment_name": "Elisa",
            "experiment_results_file_name": "na",
            "biospecimen_type": [
                "Serum"
            ],
            "biospecimen_collection_point": [
                "Post-vaccination"
            ],
            "sars_cov_2_antigen": [],
            "assay_use": "Research Use Only",
            "manufacture": "components from multiple manufacturers",
            "catalog_number": "",
            "virus_target": [
                "SARS-CoV-2 WA1/2020 (D614 variant)",
                "SARS-CoV-2 Alpha; B.1.1.7",
                "SARS-CoV-2 Beta; B.1.351",
                "SARS-CoV-2 Delta; B.1.617.2",
                "SARS-CoV-2 Gamma; P.1"
            ],
            "antibody_isotype": [
                "IgG"
            ],
            "reporting_units": "",
            "assay_reporting_format": ""
        },
        {
            "arm_id": [
                "PMID35764643_human_subject-04, PMID35764643_organism_subject-01"
            ],
            "associated_first_planned_visit_id": [
                "PMID35764643_visit-02"
            ],
            "assay_type": "Pseudovirus Neutralization Assay",
            "experiment_name": "SARS-CoV-2 Omicron pseudovirus neutralization assay",
            "experiment_results_file_name": "na",
            "biospecimen_type": [
                "Serum"
            ],
            "biospecimen_collection_point": [
                "Post-vaccination"
            ],
            "sars_cov_2_antigen": [
                "Full Length Spike Trimer"
            ],
            "assay_use": "Research Use Only",
            "manufacture": "components from multiple manufacturers",
            "catalog_number": "",
            "virus_target": [
                "SARS-CoV-2 WA1/2020 (D614 variant)",
                "SARS-CoV-2 Alpha; B.1.1.7",
                "SARS-CoV-2 Beta; B.1.351",
                "SARS-CoV-2 Delta; B.1.617.2",
                "SARS-CoV-2 Gamma; P.1"
            ],
            "antibody_isotype": [
                "IgG"
            ],
            "reporting_units": "Arbitrary Unit",
            "assay_reporting_format": ""
        }
    ],
    "geriatric_subjects": "No",
    "pediatric_subjects": "Yes",
    "pregnant_subjects": "Yes",
    "sars_cov_2_antibodies_measured": "Yes",
    "survey_instrument_shared": "Not Specified",
    "who_disease_severity_scale_used": "Not Specified",
    "inclusion_exclusion": [
        {
            "inclusion_exculusion_id": "PMID35764643_inexcl-01",
            "inclusion_criterion": "Geriatric subjects",
            "inclusion_criterion_category": "exclusion"
        },
        {
            "inclusion_exculusion_id": "PMID35764643_inexcl-02",
            "inclusion_criterion": "Pediatric subjects",
            "inclusion_criterion_category": "inclusion"
        },
        {
            "inclusion_exculusion_id": "PMID35764643_inexcl-03",
            "inclusion_criterion": "Pregnant subjects",
            "inclusion_criterion_category": "inclusion"
        },
        {
            "inclusion_exculusion_id": "PMID35764643_inexcl-04",
            "inclusion_criterion": "SARS-CoV-2 Antibodies Measured",
            "inclusion_criterion_category": "inclusion"
        }
    ],
    "suggestions": [
        "158",
        "175",
        "across",
        "activation",
        "ad26.cov2.s",
        "ad26covs1",
        "adcd",
        "adcp",
        "adnp",
        "advantages",
        "analyses",
        "antibodies",
        "antibody",
        "antibody-dependent",
        "blood",
        "bn162b2",
        "bnt162 vaccine",
        "bnt162b2",
        "cellular",
        "characterize",
        "clinical",
        "cohort",
        "compared",
        "compensation",
        "complement",
        "concern",
        "control",
        "cord",
        "covid-19",
        "covid-19 vaccines",
        "deposition",
        "dyads",
        "enhanced",
        "evaluate",
        "examine",
        "female",
        "first",
        "following",
        "function",
        "functions",
        "geriatric",
        "harvard",
        "higher",
        "humans",
        "humoral",
        "immune",
        "immunity",
        "impact",
        "individuals",
        "infant",
        "infectious",
        "johnson & johnson",
        "lower",
        "maternal",
        "maternal-neonatal",
        "may",
        "measured",
        "methods",
        "moderna",
        "mrna",
        "mrna-1273",
        "neonatal",
        "neutrophil",
        "newborn",
        "nk-cell",
        "pediatric",
        "pfizer-biontech",
        "phagocytosis",
        "placenta",
        "placental",
        "platform",
        "platforms",
        "pregnancy",
        "pregnancy complications",
        "pregnant",
        "prevention",
        "prevention & control",
        "profile",
        "profiling",
        "prospective",
        "ratios",
        "receptor-binding",
        "reflect",
        "relative",
        "research",
        "response",
        "results",
        "reveal",
        "sars-cov-2",
        "second",
        "subjects",
        "subtle",
        "third",
        "timing",
        "titer",
        "titers",
        "transfer",
        "transplacental",
        "trimester",
        "umbilical",
        "united states",
        "university",
        "vaccination",
        "vaccine",
        "vaccine-induced",
        "vaccines",
        "variants",
        "versus",
        "viral",
        "waning"
    ]
}