{
    "pubmed_id": 34523968,
    "study_identifier": "PMID34523968_study-01",
    "study_name": "Protective efficacy of rhesus adenovirus COVID-19 vaccines against mouse-adapted SARS-CoV-2",
    "publication_title": "Protective efficacy of rhesus adenovirus COVID-19 vaccines against mouse-adapted SARS-CoV-2",
    "study_objective": "To evaluate the immunogenicity and protective efficacy of novel rhesus adenovirus serotype 52 (RhAd52) vaccines against MA10 challenge in mice",
    "study_description": "The global COVID-19 pandemic has sparked intense interest in the rapid development of vaccines as well as animal models to evaluate vaccine candidates and to define immune correlates of protection. We recently reported a mouse-adapted SARS-CoV-2 virus strain (MA10) with the potential to infect wild-type laboratory mice, driving high levels of viral replication in respiratory tract tissues as well as severe clinical and respiratory symptoms, aspects of COVID-19 disease in humans that are important to capture in model systems. We evaluated the immunogenicity and protective efficacy of novel rhesus adenovirus serotype 52 (RhAd52) vaccines against MA10 challenge in mice. Baseline seroprevalence is lower for rhesus adenovirus vectors than for human or chimpanzee adenovirus vectors, making these vectors attractive candidates for vaccine development. We observed that RhAd52 vaccines elicited robust binding and neutralizing antibody titers, which inversely correlated with viral replication after challenge. These data support the development of RhAd52 vaccines and the use of the MA10 challenge virus to screen novel vaccine candidates and to study the immunologic mechanisms that underscore protection from SARS-CoV-2 challenge in wild-type mice.",
    "primary_institution_name": "Harvard University",
    "study_personnel": [
        {
            "personnel_id": "PMID34523968_personnel-01",
            "honorific": "",
            "last_name": "Barouch",
            "first_name": "Dan",
            "suffixes": "",
            "organization": "Harvard University",
            "orchid_id": "",
            "email": "dbarouch@bidmc.harvard.edu",
            "seronet_title_in_study": "SeroNet Principal Investigator",
            "role_in_study": "Principal Investigator",
            "site_name": "Harvard University"
        },
        {
            "personnel_id": "PMID34523968_personnel-02",
            "honorific": "",
            "last_name": "Martinez",
            "first_name": "David",
            "suffixes": "",
            "organization": "University of North Carolina Chapel Hill",
            "orchid_id": "",
            "email": "davidmar@email.unc.edu",
            "seronet_title_in_study": "SeroNet Investigator",
            "role_in_study": "Investigator",
            "site_name": "University of North Carolina Chapel Hill"
        },
        {
            "personnel_id": "PMID34523968_personnel-03",
            "honorific": "",
            "last_name": "Baric",
            "first_name": "Ralph",
            "suffixes": "",
            "organization": "University of North Carolina Chapel Hill",
            "orchid_id": "",
            "email": "rbaric@email.unc.edu",
            "seronet_title_in_study": "SeroNet Investigator",
            "role_in_study": "Investigator",
            "site_name": "University of North Carolina Chapel Hill"
        }
    ],
    "study_file": [
        {
            "study_file_name": "Source Data File - 02Dec21 for SeroNet.xlsx",
            "study_file_description": "Study Data",
            "study_file_type": "Study Data"
        },
        {
            "study_file_name": "PMID34523968_v1.2.3.xlsm",
            "study_file_description": "Completed curation of the study into SeroNet Registry Template which includes SeroNet Study Descriptors.",
            "study_file_type": "Study Summary Description"
        }
    ],
    "study_link": [
        {
            "link_name": "GenBank",
            "value": "https://www.ncbi.nlm.nih.gov/nuccore/mn996528.1"
        }
    ],
    "research_focus": "Vaccine Response",
    "study_type": "Basic Research",
    "keyword": [
        "Adenoviridae Infections immunology",
        "Adenovirus Vaccines immunology",
        "Adenoviruses",
        "Simian immunology",
        "Animals",
        "Antibodies",
        "Neutralizing immunology",
        "Antibodies",
        "Viral immunology",
        "COVID-19 immunology",
        "COVID-19 prevention & control",
        "COVID-19 Vaccines immunology",
        "Disease Models Animal",
        "Female Humans",
        "Immunogenicity",
        "Vaccine",
        "Macaca mulatta virology",
        "Mice",
        "Mice Inbred BALB C",
        "Pandemics prevention & control",
        "SARS-CoV-2 immunology",
        "SARS-CoV-2 pathogenicity",
        "Vaccination",
        "Substance"
    ],
    "clinical_study_design": "Other",
    "in_silico_model_type": "",
    "protocol": {
        "protocol_id": "PMID34523968_protocol-01",
        "protocol_file_name": "PMID34523968_protocol-01.txt",
        "protocol_name": "PMID34523968_protocol-01",
        "protocol_description": "Study Protocol",
        "protocol_type": "Study Protocol"
    },
    "reported_health_condition": [
        "Covid-19"
    ],
    "sars_cov_2_vaccine_type": [
        "Other"
    ],
    "clinical_outcome_measure": "",
    "enrollment_start_date": "",
    "enrollment_end_date": "",
    "number_of_study_subjects": "",
    "age_unit": "Years",
    "minimum_age": "",
    "maximum_age": "",
    "study_human_cohort": [],
    "study_model_cohort": [
        {
            "arm_id": "PMID34523968_organism_subject-01",
            "arm_name": "BALB/c mice immunized with RhAd52 prime only",
            "study_population_description": "Female BALB/c mice Immunized with intramuscular adimnistration of RhAd52 prime (RhAd52.S.PP, RhAd52.S, RhAd52.S.dCT) at week 0",
            "arm_type": "Experimental Arm",
            "genus_and_species": [
                "Mus musculus"
            ],
            "biosample_type": [
                "Animal"
            ],
            "strain_characteristics": [],
            "sex_at_birth": [
                "Female"
            ],
            "age_event": "Not Specified",
            "subject_phenotype": "",
            "study_location": [
                "US: North Carolina",
                "US: Massachusetts"
            ],
            "sars_cov_2_history": [
                "Vaccinated"
            ],
            "sars_cov_2_vaccine_type": [
                "Other"
            ],
            "covid_19_disease_severity": [],
            "post_covid_19_symptons": [],
            "covid_19_complications": []
        },
        {
            "arm_id": "PMID34523968_organism_subject-02",
            "arm_name": "BALB/c mice immunized with RhAd52 S prime and booster",
            "study_population_description": "Female BALB/c mice Immunized with intramuscular adimnistration of RhAd52 prime (RhAd52.S.PP, RhAd52.S, RhAd52.S.dCT) and booster(S.dCT, S.dTM, S.dTM.PP ) at week 8",
            "arm_type": "Experimental Arm",
            "genus_and_species": [
                "Mus musculus"
            ],
            "biosample_type": [
                "Animal"
            ],
            "strain_characteristics": [],
            "sex_at_birth": [
                "Female"
            ],
            "age_event": "Not Specified",
            "subject_phenotype": "",
            "study_location": [
                "US: North Carolina",
                "US: Massachusetts"
            ],
            "sars_cov_2_history": [
                "Vaccinated",
                "Booster"
            ],
            "sars_cov_2_vaccine_type": [
                "Other"
            ],
            "covid_19_disease_severity": [],
            "post_covid_19_symptons": [],
            "covid_19_complications": []
        },
        {
            "arm_id": "PMID34523968_organism_subject-03",
            "arm_name": "Control group",
            "study_population_description": "Sham/Control group (N=23)",
            "arm_type": "Sham Comparator Arm",
            "genus_and_species": [
                "Mus musculus"
            ],
            "biosample_type": [
                "Animal"
            ],
            "strain_characteristics": [],
            "sex_at_birth": [
                "Female"
            ],
            "age_event": "Not Specified",
            "subject_phenotype": "",
            "study_location": [
                "US: North Carolina",
                "US: Massachusetts"
            ],
            "sars_cov_2_history": [],
            "sars_cov_2_vaccine_type": [],
            "covid_19_disease_severity": [],
            "post_covid_19_symptons": [],
            "covid_19_complications": []
        }
    ],
    "planned_visit": [
        {
            "visit_id": "PMID34523968_visit-01",
            "visit_name": "Wild-type BALB/c mice were immunized at week 0 with RhAd52 vaccines or sham",
            "visit_order_number": 1,
            "visit_min_start_day": 8,
            "visit_max_start_day": "",
            "visit_start_rule": ""
        },
        {
            "visit_id": "PMID34523968_visit-02",
            "visit_name": "Mice received a second identical dose of the respective RhAd52 vectors at week 8",
            "visit_order_number": 2,
            "visit_min_start_day": 64,
            "visit_max_start_day": "",
            "visit_start_rule": ""
        },
        {
            "visit_id": "PMID34523968_visit-03",
            "visit_name": "Mice were challenged at 12 weeks",
            "visit_order_number": 3,
            "visit_min_start_day": 92,
            "visit_max_start_day": "",
            "visit_start_rule": ""
        },
        {
            "visit_id": "PMID34523968_visit-04",
            "visit_name": "Quantification of PFU per lung measured in mice at day 2 post challenge",
            "visit_order_number": 4,
            "visit_min_start_day": 94,
            "visit_max_start_day": "",
            "visit_start_rule": ""
        },
        {
            "visit_id": "PMID34523968_visit-05",
            "visit_name": "Quantification of PFU per lung measured in mice at day 4 post challenge",
            "visit_order_number": 5,
            "visit_min_start_day": 98,
            "visit_max_start_day": "",
            "visit_start_rule": ""
        }
    ],
    "experiment": [
        {
            "arm_id": [
                "PMID34523968_organism_subject-01",
                "PMID34523968_organism_subject-02"
            ],
            "associated_first_planned_visit_id": [
                "PMID34523968_visit-01",
                "PMID34523968_visit-02",
                "PMID34523968_visit-03"
            ],
            "assay_type": "ELISA",
            "experiment_name": "ELISA",
            "experiment_results_file_name": "na",
            "biospecimen_type": [
                "Serum"
            ],
            "biospecimen_collection_point": [
                "Post-vaccination"
            ],
            "sars_cov_2_antigen": [
                "Receptor Binding Domain (RBD)",
                "Full Length Spike Trimer"
            ],
            "assay_use": "",
            "manufacture": "components from multiple manufacturers",
            "catalog_number": "",
            "virus_target": [
                "SARS-CoV-2"
            ],
            "antibody_isotype": [
                "IgG"
            ],
            "reporting_units": "",
            "assay_reporting_format": "Quantitative"
        },
        {
            "arm_id": [
                "PMID34523968_organism_subject-01",
                "PMID34523968_organism_subject-02",
                "PMID34523968_organism_subject-03"
            ],
            "associated_first_planned_visit_id": [
                "PMID34523968_visit-01",
                "PMID34523968_visit-02",
                "PMID34523968_visit-03"
            ],
            "assay_type": "Pseudovirus Neutralization Assay",
            "experiment_name": "Pseudovirus Neutralization Assay",
            "experiment_results_file_name": "na",
            "biospecimen_type": [
                "Serum"
            ],
            "biospecimen_collection_point": [
                "Post-vaccination"
            ],
            "sars_cov_2_antigen": [
                "Other"
            ],
            "assay_use": "",
            "manufacture": "components from multiple manufacturers",
            "catalog_number": "",
            "virus_target": [
                "SARS-CoV-2"
            ],
            "antibody_isotype": [],
            "reporting_units": "",
            "assay_reporting_format": "Quantitative"
        },
        {
            "arm_id": [
                "PMID34523968_organism_subject-01",
                "PMID34523968_organism_subject-02",
                "PMID34523968_organism_subject-03"
            ],
            "associated_first_planned_visit_id": [
                "PMID34523968_visit-01",
                "PMID34523968_visit-02",
                "PMID34523968_visit-03"
            ],
            "assay_type": "Neutralizing Antibody Titer Assay",
            "experiment_name": "Live virus neutralization assay",
            "experiment_results_file_name": "na",
            "biospecimen_type": [
                "Serum"
            ],
            "biospecimen_collection_point": [
                "Post-vaccination"
            ],
            "sars_cov_2_antigen": [
                "Other"
            ],
            "assay_use": "",
            "manufacture": "components from multiple manufacturers",
            "catalog_number": "",
            "virus_target": [
                "SARS-CoV-2"
            ],
            "antibody_isotype": [],
            "reporting_units": "",
            "assay_reporting_format": ""
        },
        {
            "arm_id": [
                "PMID34523968_organism_subject-01",
                "PMID34523968_organism_subject-02",
                "PMID34523968_organism_subject-03"
            ],
            "associated_first_planned_visit_id": [
                "PMID34523968_visit-04",
                "PMID34523968_visit-05"
            ],
            "assay_type": "Plaque Reduction Neutralization Assay",
            "experiment_name": "PFU assay",
            "experiment_results_file_name": "na",
            "biospecimen_type": [
                "Other tissue (sorted)"
            ],
            "biospecimen_collection_point": [
                "Post-vaccination"
            ],
            "sars_cov_2_antigen": [
                "Other"
            ],
            "assay_use": "",
            "manufacture": "components from multiple manufacturers",
            "catalog_number": "",
            "virus_target": [
                "SARS-CoV-2"
            ],
            "antibody_isotype": [],
            "reporting_units": "",
            "assay_reporting_format": "Quantitative"
        }
    ],
    "geriatric_subjects": "Not Specified",
    "pediatric_subjects": "Not Specified",
    "pregnant_subjects": "Not Specified",
    "sars_cov_2_antibodies_measured": "Yes",
    "survey_instrument_shared": "Not Specified",
    "who_disease_severity_scale_used": "Not Specified",
    "inclusion_exclusion": [
        {
            "inclusion_exculusion_id": "PMID34523968_inexcl-01",
            "inclusion_criterion": "SARS-CoV-2 Antibodies Measured",
            "inclusion_criterion_category": "inclusion"
        }
    ],
    "suggestions": [
        "adenoviridae infections immunology",
        "adenovirus",
        "adenovirus vaccines immunology",
        "adenoviruses",
        "animal",
        "animals",
        "antibodies",
        "antibody",
        "aspects",
        "attractive",
        "baseline",
        "basic",
        "binding",
        "candidates",
        "capture",
        "challenge",
        "chimpanzee",
        "clinical",
        "correlated",
        "correlates",
        "covid-19",
        "covid-19 immunology",
        "covid-19 prevention & control",
        "covid-19 vaccines immunology",
        "data",
        "define",
        "development",
        "disease",
        "disease models animal",
        "driving",
        "efficacy",
        "elicited",
        "evaluate",
        "evaluated",
        "female humans",
        "global",
        "harvard",
        "high",
        "human",
        "humans",
        "immune",
        "immunogenicity",
        "immunologic",
        "important",
        "infect",
        "intense",
        "interest",
        "inversely",
        "laboratory",
        "levels",
        "lower",
        "ma10",
        "macaca mulatta virology",
        "making",
        "measured",
        "mechanisms",
        "mice",
        "mice inbred balb c",
        "model",
        "models",
        "mouse-adapted",
        "neutralizing",
        "neutralizing immunology",
        "novel",
        "observed",
        "other",
        "pandemic",
        "pandemics prevention & control",
        "potential",
        "protection",
        "protective",
        "rapid",
        "recently",
        "replication",
        "reported",
        "research",
        "respiratory",
        "response",
        "rhad52",
        "rhesus",
        "robust",
        "sars-cov-2",
        "sars-cov-2 immunology",
        "sars-cov-2 pathogenicity",
        "screen",
        "seroprevalence",
        "serotype",
        "severe",
        "simian immunology",
        "sparked",
        "strain",
        "study",
        "substance",
        "support",
        "symptoms",
        "systems",
        "tissues",
        "titers",
        "tract",
        "underscore",
        "university",
        "use",
        "vaccination",
        "vaccine",
        "vaccines",
        "vectors",
        "viral",
        "viral immunology",
        "virus",
        "well",
        "wild-type"
    ]
}