{
    "pubmed_id": 35427477,
    "study_identifier": "PMID35427477_study-01",
    "study_name": "Vaccine protection against the SARS-CoV-2 Omicron variant in macaques",
    "publication_title": "Vaccine protection against the SARS-CoV-2 Omicron variant in macaques",
    "study_objective": "mRNA-based BNT162b2 vaccine and the adenovirus-vector-based Ad26.COV2.S vaccine provide robust protection against high-dose challenge with the SARS-CoV-2 Omicron variant in cynomolgus macaques.",
    "study_description": "The rapid spread of the SARS-CoV-2 Omicron (B.1.1.529) variant, including in highly vaccinated populations, has raised important questions about the efficacy of current vaccines. In this study, we show that the mRNA-based BNT162b2 vaccine and the adenovirus-vector-based Ad26.COV2.S vaccine provide robust protection against high-dose challenge with the SARS-CoV-2 Omicron variant in cynomolgus macaques. We vaccinated 30 macaques with homologous and heterologous prime-boost regimens with BNT162b2 and Ad26.COV2.S. Following Omicron challenge, vaccinated macaques demonstrated rapid control of virus in bronchoalveolar lavage, and most vaccinated animals also controlled virus in nasal swabs. However, 4 vaccinated animals that had moderate Omicron-neutralizing antibody titers and undetectable Omicron CD8+ T cell responses failed to control virus in the upper respiratory tract. Moreover, virologic control correlated with both antibody and T cell responses. These data suggest that both humoral and cellular immune responses contribute to vaccine protection against a highly mutated SARS-CoV-2 variant.",
    "primary_institution_name": "BETH ISRAEL DEACONESS MEDICAL CENTER",
    "study_personnel": [
        {
            "personnel_id": "PMID35427477_personnel-01",
            "honorific": "",
            "last_name": "Barouch",
            "first_name": "Dan",
            "suffixes": "",
            "organization": "BETH ISRAEL DEACONESS MEDICAL CENTER",
            "orchid_id": "",
            "email": "dbarouch@bidmc.harvard.edu",
            "seronet_title_in_study": "Seronet Principal Investigator",
            "role_in_study": "Principal Investigator",
            "site_name": "BETH ISRAEL DEACONESS MEDICAL CENTER"
        }
    ],
    "study_file": [
        {
            "study_file_name": "Supplemental figures.pdf",
            "study_file_description": "Supplemental figure S1 - S6",
            "study_file_type": "Study Data"
        },
        {
            "study_file_name": "Key Resources Table.pdf",
            "study_file_description": "Key Resources used in study",
            "study_file_type": "Other"
        },
        {
            "study_file_name": "21-22 ELISA Week 8 1-28-22.pzf",
            "study_file_description": "Data used for Figure 2",
            "study_file_type": "Study Data"
        },
        {
            "study_file_name": "21-22 NAb Week 0 1-28-22.pzf",
            "study_file_description": "Data used for Figure 2",
            "study_file_type": "Study Data"
        },
        {
            "study_file_name": "21-22 NAb Week 8 1-28-22.pzf",
            "study_file_description": "Data used for Figure 2",
            "study_file_type": "Study Data"
        },
        {
            "study_file_name": "21-22 NAb Week 14 1-28-22.pzf",
            "study_file_description": "Data used for Figure 2",
            "study_file_type": "Study Data"
        },
        {
            "study_file_name": "21-22 NAb Week 18 1-28-22.pzf",
            "study_file_description": "Data used for Figure 2",
            "study_file_type": "Study Data"
        },
        {
            "study_file_name": "PMID35427477_v1.2.5.xlsm",
            "study_file_description": "Completed curation of the study into SeroNet Registry Template which includes SeroNet Study Descriptors.",
            "study_file_type": "Study Summary Description"
        },
        {
            "study_file_name": "21-22 CD8 ICS Week 14 1-28-22.pzf",
            "study_file_description": "Data used for Figure 3",
            "study_file_type": "Study Data"
        },
        {
            "study_file_name": "21-22 CD4 ICS Week 14 1-28-22.pzf",
            "study_file_description": "Data used for Figure 3",
            "study_file_type": "Study Data"
        },
        {
            "study_file_name": "21-22 CD4 ICS Week 16 1-28-22.pzf",
            "study_file_description": "Data used for Figure 3",
            "study_file_type": "Study Data"
        },
        {
            "study_file_name": "21-22 CD8 ICS Week 16 1-28-22.pzf",
            "study_file_description": "Data used for Figure 3",
            "study_file_type": "Study Data"
        },
        {
            "study_file_name": "21-22 sgRNA Graph (BAL) 1-27-22.xls",
            "study_file_description": "Data used for Figure 4",
            "study_file_type": "Study Data"
        },
        {
            "study_file_name": "21-22 sgRNA Graph (NS) 1-27-22.xls",
            "study_file_description": "Data used for Figure 4",
            "study_file_type": "Study Data"
        },
        {
            "study_file_name": "21-22 Day 4 sgRNA (BAL) 1-27-22.pzf",
            "study_file_description": "Data used for Figure 5",
            "study_file_type": "Study Data"
        },
        {
            "study_file_name": "21-22 Day 4 sgRNA (NS) 1-28-22.pzf",
            "study_file_description": "Data used for Figure 5",
            "study_file_type": "Study Data"
        },
        {
            "study_file_name": "21-22 Peak sgRNA (BAL) 1-27-22.pzf",
            "study_file_description": "Data used for Figure 5",
            "study_file_type": "Study Data"
        },
        {
            "study_file_name": "21-22 Peak sgRNA (NS) 1-28-22.pzf",
            "study_file_description": "Data used for Figure 5",
            "study_file_type": "Study Data"
        },
        {
            "study_file_name": "21-22 Correlation Omicron NAb vs. CD8 1-28-22.pzfx",
            "study_file_description": "Data used for Figure 6",
            "study_file_type": "Study Data"
        }
    ],
    "study_link": [],
    "research_focus": "No Research Focus Specified",
    "study_type": "",
    "keyword": [
        "Not provided"
    ],
    "clinical_study_design": ".",
    "in_silico_model_type": "",
    "protocol": {
        "protocol_id": "PMID35427477_protocol-01",
        "protocol_file_name": "PMID35427477_protocol-01.txt",
        "protocol_name": "PMID35427477_protocol-01",
        "protocol_description": "Study Protocol",
        "protocol_type": "Study Protocol"
    },
    "reported_health_condition": [
        "Covid-19 | SARS-CoV-2 Omicron; B.1.1.529; BA.1"
    ],
    "sars_cov_2_vaccine_type": [
        "Johnson & Johnson",
        "Pfizer-BioNTech"
    ],
    "clinical_outcome_measure": "",
    "enrollment_start_date": "",
    "enrollment_end_date": "",
    "number_of_study_subjects": 30,
    "age_unit": "Years",
    "minimum_age": 3,
    "maximum_age": 10,
    "study_human_cohort": [],
    "study_model_cohort": [
        {
            "arm_id": "PMID35427477_organism_subject-01",
            "arm_name": "sham vaccine regimen macaques",
            "study_population_description": "macaques receiving sham vaccine and booster",
            "arm_type": "Sham Comparator Arm",
            "genus_and_species": [
                "Macaca fascicularis"
            ],
            "biosample_type": [
                "Animal"
            ],
            "strain_characteristics": [],
            "sex_at_birth": [
                "Female",
                "Male"
            ],
            "age_event": "Age at enrollment",
            "subject_phenotype": "",
            "study_location": [
                "US: Maryland"
            ],
            "sars_cov_2_history": [
                "Uninfected"
            ],
            "sars_cov_2_vaccine_type": [],
            "covid_19_disease_severity": [
                "Unknown"
            ],
            "post_covid_19_symptons": [],
            "covid_19_complications": []
        },
        {
            "arm_id": "PMID35427477_organism_subject-02",
            "arm_name": "Homologous boosting vaccine regimen macaques",
            "study_population_description": "macaques receiving Pfizer vaccine and booster",
            "arm_type": "Treatment Arm",
            "genus_and_species": [
                "Macaca fascicularis"
            ],
            "biosample_type": [
                "Animal"
            ],
            "strain_characteristics": [],
            "sex_at_birth": [
                "Female",
                "Male"
            ],
            "age_event": "Age at enrollment",
            "subject_phenotype": "",
            "study_location": [
                "US: Maryland"
            ],
            "sars_cov_2_history": [
                "Uninfected"
            ],
            "sars_cov_2_vaccine_type": [
                "Pfizer BioNTech COVID-19 vaccine ; VO:0004987"
            ],
            "covid_19_disease_severity": [
                "Unknown"
            ],
            "post_covid_19_symptons": [],
            "covid_19_complications": []
        },
        {
            "arm_id": "PMID35427477_organism_subject-03",
            "arm_name": "Heterologous boosting vaccine regimen macaques",
            "study_population_description": "macaques receiving Pfizer vaccine and Johnson & Johnson booster",
            "arm_type": "Treatment Arm",
            "genus_and_species": [
                "Macaca fascicularis"
            ],
            "biosample_type": [
                "Animal"
            ],
            "strain_characteristics": [],
            "sex_at_birth": [
                "Female",
                "Male"
            ],
            "age_event": "Age at enrollment",
            "subject_phenotype": "",
            "study_location": [
                "US: Maryland"
            ],
            "sars_cov_2_history": [
                "Uninfected"
            ],
            "sars_cov_2_vaccine_type": [
                "Pfizer BioNTech COVID-19 vaccine ; VO:0004987",
                "Johnson & Johnson COVID-19 vaccine; VO:0005159"
            ],
            "covid_19_disease_severity": [
                "Unknown"
            ],
            "post_covid_19_symptons": [],
            "covid_19_complications": []
        },
        {
            "arm_id": "PMID35427477_organism_subject-04",
            "arm_name": "Heterologous boosting vaccine regimen macaques",
            "study_population_description": "macaques receiving Johnson&Johnson vaccine and Pfizer booster",
            "arm_type": "Treatment Arm",
            "genus_and_species": [
                "Macaca fascicularis"
            ],
            "biosample_type": [
                "Animal"
            ],
            "strain_characteristics": [],
            "sex_at_birth": [
                "Female",
                "Male"
            ],
            "age_event": "Age at enrollment",
            "subject_phenotype": "",
            "study_location": [
                "US: Maryland"
            ],
            "sars_cov_2_history": [
                "Uninfected"
            ],
            "sars_cov_2_vaccine_type": [
                "Johnson & Johnson COVID-19 vaccine; VO:0005159",
                "Pfizer BioNTech COVID-19 vaccine ; VO:0004987"
            ],
            "covid_19_disease_severity": [
                "Unknown"
            ],
            "post_covid_19_symptons": [],
            "covid_19_complications": []
        },
        {
            "arm_id": "PMID35427477_organism_subject-05",
            "arm_name": "Homologous vaccine regimen macaques",
            "study_population_description": "macaques receiving  Johnson & Johnson vaccine and booster",
            "arm_type": "Treatment Arm",
            "genus_and_species": [
                "Macaca fascicularis"
            ],
            "biosample_type": [
                "Animal"
            ],
            "strain_characteristics": [],
            "sex_at_birth": [
                "Female",
                "Male"
            ],
            "age_event": "Age at enrollment",
            "subject_phenotype": "",
            "study_location": [
                "US: Maryland"
            ],
            "sars_cov_2_history": [
                "Uninfected"
            ],
            "sars_cov_2_vaccine_type": [
                "Johnson & Johnson COVID-19 vaccine; VO:0005159"
            ],
            "covid_19_disease_severity": [
                "Unknown"
            ],
            "post_covid_19_symptons": [],
            "covid_19_complications": []
        }
    ],
    "planned_visit": [
        {
            "visit_id": "PMID35427477_visit-01",
            "visit_name": "First or sham vaccination, collection of serum (0 weeks)",
            "visit_order_number": 1,
            "visit_min_start_day": 0,
            "visit_max_start_day": "",
            "visit_start_rule": ""
        },
        {
            "visit_id": "PMID35427477_visit-02",
            "visit_name": "Second or sham vaccination, collection of serum (3 weeks)",
            "visit_order_number": 2,
            "visit_min_start_day": 21,
            "visit_max_start_day": "",
            "visit_start_rule": ""
        },
        {
            "visit_id": "PMID35427477_visit-03",
            "visit_name": "Collection of Serum (8 weeks)",
            "visit_order_number": 3,
            "visit_min_start_day": 56,
            "visit_max_start_day": "",
            "visit_start_rule": ""
        },
        {
            "visit_id": "PMID35427477_visit-04",
            "visit_name": "Booster or Sham , collection of serum (14 weeks)",
            "visit_order_number": 4,
            "visit_min_start_day": 98,
            "visit_max_start_day": "",
            "visit_start_rule": ""
        },
        {
            "visit_id": "PMID35427477_visit-05",
            "visit_name": "Collection of Serum (18 weeks)",
            "visit_order_number": 5,
            "visit_min_start_day": 126,
            "visit_max_start_day": "",
            "visit_start_rule": ""
        },
        {
            "visit_id": "PMID35427477_visit-06",
            "visit_name": "Challenge with Omicron, Collection of Bronchoalveolar lavage  and Nasal Swab",
            "visit_order_number": 6,
            "visit_min_start_day": 133,
            "visit_max_start_day": "",
            "visit_start_rule": ""
        },
        {
            "visit_id": "PMID35427477_visit-07",
            "visit_name": "Collection of lung tissue",
            "visit_order_number": 7,
            "visit_min_start_day": 134,
            "visit_max_start_day": "",
            "visit_start_rule": ""
        }
    ],
    "experiment": [
        {
            "arm_id": [
                "PMID35427477_organism_subject-01, PMID35427477_organism_subject-02, PMID35427477_organism_subject-03, PMID35427477_organism_subject-04, PMID35427477_organism_subject-05"
            ],
            "associated_first_planned_visit_id": [
                "PMID35427477_visit-01, PMID35427477_visit-03, PMID35427477_visit-04,PMID35427477_visit-05"
            ],
            "assay_type": "Pseudovirus Neutralization Assay",
            "experiment_name": "pseudovirus neutralizing antibody assay",
            "experiment_results_file_name": "",
            "biospecimen_type": [
                "Serum"
            ],
            "biospecimen_collection_point": [
                "Na\u00efve"
            ],
            "sars_cov_2_antigen": [
                "n/a"
            ],
            "assay_use": "",
            "manufacture": "components from multiple manufacturers",
            "catalog_number": "",
            "virus_target": [
                "SARS-CoV-2 Wuhan / 2020",
                "SARS-CoV-2 Omicron; B.1.1.529; BA.1",
                "SARS-CoV-2 Beta; B.1.351",
                "SARS-CoV-2 Delta; B.1.617.2"
            ],
            "antibody_isotype": [
                "Other"
            ],
            "reporting_units": "",
            "assay_reporting_format": ""
        },
        {
            "arm_id": [
                "PMID35427477_organism_subject-01, PMID35427477_organism_subject-02, PMID35427477_organism_subject-03, PMID35427477_organism_subject-04, PMID35427477_organism_subject-05"
            ],
            "associated_first_planned_visit_id": [
                "PMID35427477_visit-01, PMID35427477_visit-03, PMID35427477_visit-04,PMID35427477_visit-05"
            ],
            "assay_type": "ELISA",
            "experiment_name": "ELISA",
            "experiment_results_file_name": "",
            "biospecimen_type": [
                "Serum"
            ],
            "biospecimen_collection_point": [
                "Na\u00efve"
            ],
            "sars_cov_2_antigen": [
                "Receptor Binding Domain (RBD)"
            ],
            "assay_use": "",
            "manufacture": "components from multiple manufacturers",
            "catalog_number": "",
            "virus_target": [
                "SARS-CoV-2 Wuhan / 2020",
                "SARS-CoV-2 Omicron; B.1.1.529; BA.1",
                "SARS-CoV-2 Beta; B.1.351",
                "SARS-CoV-2 Delta; B.1.617.2"
            ],
            "antibody_isotype": [
                "IgG",
                "IgM",
                "Other"
            ],
            "reporting_units": "Other",
            "assay_reporting_format": ""
        },
        {
            "arm_id": [
                "PMID35427477_organism_subject-01, PMID35427477_organism_subject-02, PMID35427477_organism_subject-03, PMID35427477_organism_subject-04, PMID35427477_organism_subject-05"
            ],
            "associated_first_planned_visit_id": [
                "PMID35427477_visit-01, PMID35427477_visit-03, PMID35427477_visit-04,PMID35427477_visit-05"
            ],
            "assay_type": "Chemiluminescent Assay",
            "experiment_name": "ECLA",
            "experiment_results_file_name": "",
            "biospecimen_type": [
                "Serum"
            ],
            "biospecimen_collection_point": [
                "Na\u00efve"
            ],
            "sars_cov_2_antigen": [
                "Receptor Binding Domain (RBD)",
                "Full Length Spike Trimer"
            ],
            "assay_use": "",
            "manufacture": "components from multiple manufacturers",
            "catalog_number": "",
            "virus_target": [
                "SARS-CoV-2 Wuhan / 2020",
                "SARS-CoV-2 Omicron; B.1.1.529; BA.1",
                "SARS-CoV-2 Beta; B.1.351",
                "SARS-CoV-2 Delta; B.1.617.2"
            ],
            "antibody_isotype": [
                "IgG",
                "IgM",
                "Other"
            ],
            "reporting_units": "Other",
            "assay_reporting_format": ""
        },
        {
            "arm_id": [
                "PMID35427477_organism_subject-01, PMID35427477_organism_subject-02, PMID35427477_organism_subject-03, PMID35427477_organism_subject-04, PMID35427477_organism_subject-05"
            ],
            "associated_first_planned_visit_id": [
                "PMID35427477_visit-01, PMID35427477_visit-03, PMID35427477_visit-04,PMID35427477_visit-05"
            ],
            "assay_type": "Flow Cytometry",
            "experiment_name": "Intracellular cytokine staining (ICS) assay",
            "experiment_results_file_name": "",
            "biospecimen_type": [
                "Peripheral blood"
            ],
            "biospecimen_collection_point": [
                "Na\u00efve"
            ],
            "sars_cov_2_antigen": [
                "Receptor Binding Domain (RBD)",
                "Full Length Spike Trimer"
            ],
            "assay_use": "",
            "manufacture": "components from multiple manufacturers",
            "catalog_number": "",
            "virus_target": [
                "SARS-CoV-2 Wuhan / 2020",
                "SARS-CoV-2 Omicron; B.1.1.529; BA.1",
                "SARS-CoV-2 Beta; B.1.351",
                "SARS-CoV-2 Delta; B.1.617.2"
            ],
            "antibody_isotype": [
                "IgG",
                "IgM",
                "Other"
            ],
            "reporting_units": "Other",
            "assay_reporting_format": ""
        },
        {
            "arm_id": [
                "PMID35427477_organism_subject-01, PMID35427477_organism_subject-02, PMID35427477_organism_subject-03, PMID35427477_organism_subject-04, PMID35427477_organism_subject-05"
            ],
            "associated_first_planned_visit_id": [
                "PMID35427477_visit-01, PMID35427477_visit-03, PMID35427477_visit-04,PMID35427477_visit-05"
            ],
            "assay_type": "Flow Cytometry",
            "experiment_name": "B cell immunophenotyping",
            "experiment_results_file_name": "",
            "biospecimen_type": [
                "PBMCs or inguinal LN cells"
            ],
            "biospecimen_collection_point": [
                "Na\u00efve"
            ],
            "sars_cov_2_antigen": [],
            "assay_use": "",
            "manufacture": "components from multiple manufacturers",
            "catalog_number": "",
            "virus_target": [
                "SARS-CoV-2 Wuhan / 2020",
                "SARS-CoV-2 Omicron; B.1.1.529; BA.1",
                "SARS-CoV-2 Beta; B.1.351",
                "SARS-CoV-2 Delta; B.1.617.2"
            ],
            "antibody_isotype": [],
            "reporting_units": "",
            "assay_reporting_format": ""
        },
        {
            "arm_id": [
                "PMID35427477_organism_subject-01, PMID35427477_organism_subject-02, PMID35427477_organism_subject-03, PMID35427477_organism_subject-04, PMID35427477_organism_subject-05"
            ],
            "associated_first_planned_visit_id": [
                "PMID35427477_visit-06"
            ],
            "assay_type": "PCR",
            "experiment_name": "RT-PCR",
            "experiment_results_file_name": "",
            "biospecimen_type": [
                "bronchoalveolar lavage and nasal swab"
            ],
            "biospecimen_collection_point": [
                "Post-acute Sequelae of COVID-19"
            ],
            "sars_cov_2_antigen": [],
            "assay_use": "",
            "manufacture": "components from multiple manufacturers",
            "catalog_number": "",
            "virus_target": [
                "SARS-CoV-2 Wuhan / 2020",
                "SARS-CoV-2 Omicron; B.1.1.529; BA.1",
                "SARS-CoV-2 Beta; B.1.351",
                "SARS-CoV-2 Delta; B.1.617.2"
            ],
            "antibody_isotype": [],
            "reporting_units": "",
            "assay_reporting_format": ""
        },
        {
            "arm_id": [
                "PMID35427477_organism_subject-01, PMID35427477_organism_subject-02, PMID35427477_organism_subject-03, PMID35427477_organism_subject-04, PMID35427477_organism_subject-05"
            ],
            "associated_first_planned_visit_id": [
                "PMID35427477_visit-06"
            ],
            "assay_type": "Neutralization Assay",
            "experiment_name": "TCID50 assay",
            "experiment_results_file_name": "",
            "biospecimen_type": [
                "bronchoalveolar lavage and nasal swab"
            ],
            "biospecimen_collection_point": [
                "Post-acute Sequelae of COVID-20"
            ],
            "sars_cov_2_antigen": [],
            "assay_use": "",
            "manufacture": "components from multiple manufacturers",
            "catalog_number": "",
            "virus_target": [
                "SARS-CoV-2 Wuhan / 2020",
                "SARS-CoV-2 Omicron; B.1.1.529; BA.1",
                "SARS-CoV-2 Beta; B.1.351",
                "SARS-CoV-2 Delta; B.1.617.2"
            ],
            "antibody_isotype": [],
            "reporting_units": "",
            "assay_reporting_format": ""
        }
    ],
    "geriatric_subjects": "Not Specified",
    "pediatric_subjects": "Not Specified",
    "pregnant_subjects": "Not Specified",
    "sars_cov_2_antibodies_measured": "Yes",
    "survey_instrument_shared": "Not Specified",
    "who_disease_severity_scale_used": "Not Specified",
    "inclusion_exclusion": [
        {
            "inclusion_exculusion_id": "PMID35427477_inexcl-01",
            "inclusion_criterion": "SARS-CoV-2 Antibodies Measured",
            "inclusion_criterion_category": "inclusion"
        }
    ],
    "suggestions": [
        "ad26.cov2.s",
        "adenovirus-vector-based",
        "also",
        "animals",
        "antibodies",
        "antibody",
        "b.1.1.529",
        "beth",
        "bnt162b2",
        "bronchoalveolar",
        "cd8+",
        "cell",
        "cellular",
        "center",
        "challenge",
        "contribute",
        "control",
        "controlled",
        "correlated",
        "covid-19 | sars-cov-2 omicron; b.1.1.529; ba.1",
        "current",
        "cynomolgus",
        "data",
        "deaconess",
        "demonstrated",
        "efficacy",
        "failed",
        "focus",
        "following",
        "heterologous",
        "high-dose",
        "highly",
        "homologous",
        "however",
        "humoral",
        "immune",
        "important",
        "including",
        "israel",
        "johnson & johnson",
        "lavage",
        "macaques",
        "measured",
        "medical",
        "moderate",
        "moreover",
        "mrna-based",
        "mutated",
        "nasal",
        "not provided",
        "omicron",
        "omicron-neutralizing",
        "pfizer-biontech",
        "populations",
        "prime-boost",
        "protection",
        "provide",
        "questions",
        "raised",
        "rapid",
        "regimens",
        "research",
        "respiratory",
        "responses",
        "robust",
        "sars-cov-2",
        "show",
        "specified",
        "spread",
        "study",
        "suggest",
        "swabs",
        "titers",
        "tract",
        "undetectable",
        "upper",
        "vaccinated",
        "vaccine",
        "vaccines",
        "variant",
        "virologic",
        "virus"
    ]
}