{
  "$schema":"http://json-schema.org/draft-04/schema",
  "title":"basic_study_design.json template schema",
  "description":"The basic study design template defines and annotates key elements of a study including the purpose, subject grouping, schedule of events, personnel, and references (weblinks, publications). Use the study_design_edit template to add additional information for a study after a study is defined in ImmPort. The basic study design template consists of several sections or compound templates. Some compound templates are required: study, arm_or_cohort, inclusion_exclusion, planned_visit, study_2_condition_or_disease, study_2_protocol, study_categorization, study_personnel.  Other compound templates are optional: study_file, study_link, and study_pubmed.",
  "type":"object",
  "properties":{
      "fileName":{
	  "type":"string",
	  "enum":["basic_study_design.json"]
      },
     "name":{
	  "type":"string",
	  "enum":["basic_study_design"]
      },
     "schemaVersion":{
	  "type":"string",
	  "enum":["3.36"]
      },
     "templateType":{
	  "type":"string",
	  "enum":["compound"]
      },
     "validationLevel":{
	  "type":"string"
      },
    "study":{"$ref":"basic_study_design.study.json#"
    },
     "studyCategorization":{"$ref":"basic_study_design.studyCategorization.json#"
    },
    
    "study2ConditionOrDisease":{"type":"array","items":{"$ref":"basic_study_design.study2ConditionOrDisease.json#"}, "minItems":1
    },
    
    "armOrCohort":{"type":"array","items":{"$ref":"basic_study_design.armOrCohort.json#"}, "minItems":1
    },
    
    "studyPersonnel":{"type":"array","items":{"$ref":"basic_study_design.studyPersonnel.json#"}, "minItems":1
    },
    
    "plannedVisit":{"type":"array","items":{"$ref":"basic_study_design.plannedVisit.json#"}, "minItems":1
    },
    
    "inclusionExclusion":{"type":"array","items":{"$ref":"basic_study_design.inclusionExclusion.json#"}, "minItems":1
    },
    
    "study2Protocol":{"type":"array","items":{"$ref":"basic_study_design.study2Protocol.json#"}, "minItems":1
    },
    
    "studyFile":{"type":"array","items":{"$ref":"basic_study_design.studyFile.json#"}, "minItems":1
    },
    
    "studyLink":{"type":"array","items":{"$ref":"basic_study_design.studyLink.json#"}, "minItems":1
    },
    "studyPubmed":{"type":"array","items":{"$ref":"basic_study_design.studyPubmed.json#"}, "minItems":1
    }
     },
  "additionalProperties":false
  ,"required":["study","studyCategorization","study2ConditionOrDisease","armOrCohort","studyPersonnel","plannedVisit","inclusionExclusion","study2Protocol"]
}
