{
  "$schema":"http://json-schema.org/draft-04/schema",
  "title":"CyTOF_Derived_data.json template schema",
  "description":"The CYTOF derived data template captures and annotates the assay results for a sample by linking sample, experiment, and interpreted results together.",
  "type":"object",
  "properties":{
    "expsampleId":{
    "type":"string"
    },
    "populationNameReported":{
    "type":"string","enum":["- ; basophil","- ; cell","- ; eosinophil","- ; erythrocyte","- ; granulocyte","- ; hematopoietic stem cell","- ; innate lymphoid cell","- ; leukocyte","- ; leukocyte, platelet","- ; Live/Dead","- ; lymphocyte","- ; mature neutrophil","- ; neutrophil","- ; PBMC","- ; platelet","- ; reticulocyte","- ; Total Cells","B ; B cell","B ; class switched memory B cell","B ; IgD+ memory B cell","B ; IgD- memory B cell","B ; IgG memory B cell","B ; immature B cell","B ; marginal zone B cell","B ; mature B cell","B ; memory B cell","B ; naive B cell","B ; plasma cell","B ; plasmablast","B ; T1 B cell","B ; T2 B cell","B ; transitional B cell","B ; unswitched memory B cell","DC ; CD1c-positive myeloid dendritic cell","DC ; conventional dendritic cell","DC ; dendritic cell","DC ; myeloid dendritic cell","DC ; plasmacytoid dendritic cell","M ; CD14-positive monocyte","M ; CD16+ monocyte","M ; CD16- monocyte","M ; monocyte","NK ; CD16+ CD56+  NK cell","NK ; CD16- CD56bright NK cell","NK ; NK cell","T ; activated CCR4+ Treg","T ; activated CD4+ T cell","T ; activated CD4-positive, alpha-beta T cell","T ; activated CD8+ T cell","T ; activated CD8-positive, alpha-beta T cell","T ; CCR4+ Treg","T ; CD4+ T cell","T ; CD4-positive helper T cell","T ; CD4-positive type I NK T cell","T ; CD4-positive, alpha-beta T cell","T ; CD4-positive, CD25-positive, alpha-beta regulatory T cell","T ; CD8+ T cell","T ; central memory CD4+ T cell","T ; central memory CD4-positive, alpha-beta T cell","T ; central memory CD8+ T cell","T ; central memory CD8-positive, alpha-beta T cell","T ; effector CD4+ T cell","T ; effector CD8+ T cell","T ; effector CD8-positive, alpha-beta T cell","T ; effector memory CD4+ T cell","T ; effector memory CD4-positive, alpha-beta T cell","T ; effector memory CD4-positive, alpha-beta T cell, terminally differentiated","T ; effector memory CD8+ T cell","T ; effector memory CD8-positive, alpha-beta T cell, terminally differentiated","T ; gamma-delta T cell","T ; helper T cell","T ; memory CCR4+ Treg","T ; mucosal invariant T cell","T ; naive CCR4+ Treg","T ; naive CD4+ T cell","T ; naive CD8+ T cell","T ; naive regulatory T cell","T ; naive T cell","T ; naive thymus-derived CD4-positive, alpha-beta T cell","T ; naive thymus-derived CD8-positive, alpha-beta T cell","T ; NK T cell","T ; non-Tc1/Tc17 CD8+ T cell","T ; non-Th1/Th17  CD4+ T cell","T ; regulatory T cell","T ; T cell","T ; T follicular helper cell","T ; Tc1 CD8+ T cell","T ; Tc17 CD8+ T cell","T ; Th1 CD4+ T cell","T ; Th17 CD4+ T cell","T ; Treg"]
    },
    "gatingDefinitionReported":{
    "type":"string","enum":["A leukocyte with a single non-segmented nucleus in the mature form found in the circulatory pool of blood.","A lymphocyte that lacks characteristic T cell, B cell, myeloid cell, and dendritic cell markers, that functions as part of the innate immune response to produce cytokines and other effector responses.","A mature alpha-beta T cell that expresses an alpha-beta T cell receptor and the CD4 coreceptor.","A red blood cell. In mammals, mature erythrocytes are biconcave disks containing hemoglobin whose function is to transport oxygen.","A regulatory T cell that has not encountered antigen.","A stem cell from which all cells of the lymphoid and myeloid lineages develop, including blood cells and cells of the immune system. Hematopoietic stem cells lack cell markers of effector cells (lin-). Lin- is defined by lacking one or more of the following cell surface markers: CD2, CD3 epsilon, CD4, CD5 ,CD8 alpha chain, CD11b, CD14, CD19, CD20, CD56, ly6G, ter119.","A type I NK T cell that has the phenotype CD4+.","All cells in a sample","An alpha-beta T cell that is found in the lamina propria of mucosal tissues and is restricted by the MR-1 molecule.","An unswitched memory B cell is a memory B cell that has the phenotype IgM+, IgD+, CD27+, CD138-, IgG-, IgE-, and IgA-.","CCR1+, CCR2-, CCR3+, CCR4+, CCR5-, CCR6-, CCR7-, CCR8-, CCR9-, CCR10-, CD16+, CD23+, CD32+, CD40+, CD41+ CD42+, CD61+, CD62P+, CD64+, CD89+, CD102+, CD147+, CD154+, CD162+, CD209, CD282+, CD284+, CD289+, CD181-, CD182-, CD183-, CD184+, CLEC2+, GPVI+, JAMC+, PAR1+, PAR2-, PAR3+, PAR4+, TSP1+, and TXA2R+","CCR1+, CCR2-, CCR3+, CCR4+, CCR5-, CCR6-, CCR7-, CCR8-, CCR9-, CCR10-, CD16+, CD23+, CD32+, CD40+, CD41+ CD42+, CD61+, CD62P+, CD64+, CD89+, CD102+, CD147+, CD154+, CD162+, CD209, CD282+, CD284+, CD289+, CD181-, CD182-, CD183-, CD184+, CLEC2+, GPVI+, JAMC+, PAR1+, PAR2-, PAR3+, PAR4+, TSP1+, TXA2R+","CCR7+, CD45RA+, CD127+, CD25-, CD62Lhi, and CD44lo","CD10-, CD19+, CD22+, CD34-, CD48+, CD79a+, CD84+, CD127-, CD352+, RAG-, TdT-, Vpre-B-, pre-BCR-","CD11chi","CD123+, CD193+, CD203c+, FceRIa+","CD138+, CD5-, CD10-, CD19+, CD20-, CD21-, CD22-, CD23-, CD24-, CD25-, CD27+, CD34-, CD38+, CD40+, CD43+, CD45+, CD48+, CD53lo, CD80-, CD81+, CD86+, CD95+, CD196-, CD229+, CD270+, CD352+, CD361+, and IgD-","CD14+","CD15+, CD16+, CD32+, CD43+, CD181+, CD182+","CD1c+, CD281+, CD282+, CD283+, CD284+, CD285+, CD286+, CD288+, CD290+","CD23-, CD21+, CD19+, B220+, IgM-hi, AA4-, CD35-hi","CD27+, CD48+, CD229+, CD352+","CD3+","CD3+, CD4+","CD3+, CD4+, CD127lo, CD25+","CD3+, CD4+, CD127lo, CD25+, CCR4+","CD3+, CD4+, CD127lo, CD25+, CCR4+, CD45RO+","CD3+, CD4+, CD127lo, CD25+, CCR4+, CD45RO-","CD3+, CD4+, CD127lo, CD25+, CCR4+, HLA-DR+","CD3+, CD4+, CD8-, CCR7+, CD45RA+","CD3+, CD4+, CD8-, CCR7+, CD45RA-","CD3+, CD4+, CD8-, CCR7-, CD45RA+","CD3+, CD4+, CD8-, CCR7-, CD45RA-","CD3+, CD4+, CD8-, CD38+, HLA-DR+","CD3+, CD4+, CD8-, CXCR3+, CCR6-","CD3+, CD4+, CD8-, CXCR3-, CCR6+","CD3+, CD4+, CD8-, CXCR3-, CCR6-","CD3+, CD4-, CD8+, CCR7+, CD45RA+","CD3+, CD4-, CD8+, CCR7+, CD45RA-","CD3+, CD4-, CD8+, CCR7-, CD45RA+","CD3+, CD4-, CD8+, CCR7-, CD45RA-","CD3+, CD4-, CD8+, CD38+, HLA-DR+","CD3+, CD4-, CD8+, CXCR3+, CCR6-","CD3+, CD4-, CD8+, CXCR3-, CCR6+","CD3+, CD4-, CD8+, CXCR3-, CCR6-","CD3+, CD56+, CD14-, CD33-","CD3+, CD8+","CD3-, CD19+ , CD20+","CD3-, CD19+, CD20+, CD24hi, CD38hi","CD3-, CD19+, CD20+, CD27+","CD3-, CD19+, CD20+, CD27+, IgD+","CD3-, CD19+, CD20+, CD27+, IgD-","CD3-, CD19+, CD20+, CD27-, IgD+","CD3-, CD19+, CD20-, CD27hi, CD38hi","CD3-, CD19-, CD20-, CD14+","CD3-, CD19-, CD20-, CD14+, CD16+","CD3-, CD19-, CD20-, CD14+, CD16-","CD3-, CD19-, CD20-, CD14-, CD16-, CD56-, HLA-DR+","CD3-, CD19-, CD20-, CD14-, CD16-, CD56-, HLA-DR+, CD11c+, CD123-","CD3-, CD19-, CD20-, CD14-, CD16-, CD56-, HLA-DR+, CD11c-, CD123+","CD3-, CD19-, CD20-, CD14-, HLA-DR-, CD16+, CD56+","CD3-, CD19-, CD20-, CD14-, HLA-DR-, CD16-, CD56++","CD3-, CD56+","CD4+","CD4+, CCR7+, CD127+, CD25-, CD62Lhi, CD44lo","CD4+, CCR7+, CD127+, CD45RA-, CD45RO+, CD25-","CD4+, CCR7-, CD127+, CD45RA-, CD45RO+, CD25-","CD4+, CD25+","CD4+, CD45RA+, CD45RO-, CCR7-","CD4+, CD69+, CD62L-, CD127-, and CD25+","CD4+, CXCR5+, CCR7-","CD5+, CD10+, CD19+, CD20+, CD21+, CD22+, CD24+, CD25-, CD27-, CD34-, CD38+, CD40+, CD43-, CD45+, CD48+, CD53+, CD79a+, CD80-, CD81+, CD86-, CD95-, CD127-, CD138-, CD185+, CD196+, MHCII/HLA-DR+, RAG+, TdT-, Vpre-B-, preBCR-","CD8+, CCR7+, CD127+, CD45RA-, CD45RO+, CD25-","CD8+, CCR7-, CD45RA+","CD8+, CD45RA+, CCR7+, CD127+, CD25-, CD62Lhi, CD44lo","CD8+, CD45RA+, CD45RO-, CCR7-","CD8+, CD69+, CD62L-, CD127-, CD25+, and CCR7-","CD9+, CD191+, CD193+, CD14-, CD32+, CD44+, CD48+, CD69+, CD192-, MBP1+, MBP2+, TLR2-, TLR4-","Cell","FoxP3, CD25, IL-10, TGF-beta","gamma-delta T cell","Granulocyte","Helper T cell","IgD+, CD21+, CD23+, CD62L-, CD93+","IgD-, CD21-, CD23-, and CD62L-, CD93+","IgG memory B cell","Immature Erythrocyte","Leukocyte","Living cells gated from dead cells","Lymphocyte","Neutrophil"]
    },
    "parentPopulationReported":{
    "type":"string","enum":["- ; basophil","- ; cell","- ; eosinophil","- ; erythrocyte","- ; granulocyte","- ; hematopoietic stem cell","- ; innate lymphoid cell","- ; leukocyte","- ; leukocyte, platelet","- ; Live/Dead","- ; lymphocyte","- ; mature neutrophil","- ; neutrophil","- ; PBMC","- ; platelet","- ; reticulocyte","- ; Total Cells","B ; B cell","B ; class switched memory B cell","B ; IgD+ memory B cell","B ; IgD- memory B cell","B ; IgG memory B cell","B ; immature B cell","B ; marginal zone B cell","B ; mature B cell","B ; memory B cell","B ; naive B cell","B ; plasma cell","B ; plasmablast","B ; T1 B cell","B ; T2 B cell","B ; transitional B cell","B ; unswitched memory B cell","DC ; CD1c-positive myeloid dendritic cell","DC ; conventional dendritic cell","DC ; dendritic cell","DC ; myeloid dendritic cell","DC ; plasmacytoid dendritic cell","M ; CD14-positive monocyte","M ; CD16+ monocyte","M ; CD16- monocyte","M ; monocyte","NK ; CD16+ CD56+  NK cell","NK ; CD16- CD56bright NK cell","NK ; NK cell","T ; activated CCR4+ Treg","T ; activated CD4+ T cell","T ; activated CD4-positive, alpha-beta T cell","T ; activated CD8+ T cell","T ; activated CD8-positive, alpha-beta T cell","T ; CCR4+ Treg","T ; CD4+ T cell","T ; CD4-positive helper T cell","T ; CD4-positive type I NK T cell","T ; CD4-positive, alpha-beta T cell","T ; CD4-positive, CD25-positive, alpha-beta regulatory T cell","T ; CD8+ T cell","T ; central memory CD4+ T cell","T ; central memory CD4-positive, alpha-beta T cell","T ; central memory CD8+ T cell","T ; central memory CD8-positive, alpha-beta T cell","T ; effector CD4+ T cell","T ; effector CD8+ T cell","T ; effector CD8-positive, alpha-beta T cell","T ; effector memory CD4+ T cell","T ; effector memory CD4-positive, alpha-beta T cell","T ; effector memory CD4-positive, alpha-beta T cell, terminally differentiated","T ; effector memory CD8+ T cell","T ; effector memory CD8-positive, alpha-beta T cell, terminally differentiated","T ; gamma-delta T cell","T ; helper T cell","T ; memory CCR4+ Treg","T ; mucosal invariant T cell","T ; naive CCR4+ Treg","T ; naive CD4+ T cell","T ; naive CD8+ T cell","T ; naive regulatory T cell","T ; naive T cell","T ; naive thymus-derived CD4-positive, alpha-beta T cell","T ; naive thymus-derived CD8-positive, alpha-beta T cell","T ; NK T cell","T ; non-Tc1/Tc17 CD8+ T cell","T ; non-Th1/Th17  CD4+ T cell","T ; regulatory T cell","T ; T cell","T ; T follicular helper cell","T ; Tc1 CD8+ T cell","T ; Tc17 CD8+ T cell","T ; Th1 CD4+ T cell","T ; Th17 CD4+ T cell","T ; Treg"]
    },
    "populationStatisticCountPercentileEtc":{
    "type":"number"
    },
    "populationStatUnitReported":{
    "type":"string","enum":["cells","cells/ml","cells/ul","Gy","MFI at 90th percentile","Not Specified","percentage","stim/unstim fold change"]
    },
    "workspaceFile":{
    "type":"string","maxLength":240
    },
    "comments":{
    "type":"string","maxLength":500
    }
    },
  "required":["expsampleId","populationNameReported","gatingDefinitionReported","populationStatisticCountPercentileEtc","populationStatUnitReported","workspaceFile"]
}