{
  "$schema":"http://json-schema.org/draft-04/schema",
  "title":"HLA_Typing.json template schema",
  "description": "The HLA experiment sample template defines and annotates the assay results for a sample by linking sample, experiment, and results together.",
  "type":"object",
  "properties":{
      "fileName":{
	  "type":"string",
	  "enum":["HLA_Typing.json"]
      },
     "name":{
	  "type":"string",
	  "enum":["hla_typing"]
      },
     "schemaVersion":{
	  "type":"string",
	  "enum":["3.36"]
      },
     "templateType":{
	  "type":"string",
	  "enum":["multiple"]
      },
     "validationLevel":{
	  "type":"string"
      },
     "data": {
       "type":"array",
       "items":{
         "$ref":"HLA_Typing.Datum.json#"
       },
       "minItems":1
     }
  },
  "additionalProperties":false,
  "required":["fileName","name","schemaVersion","templateType","data"]
}