{
  "$schema":"http://json-schema.org/draft-04/schema",
  "title":"protocols.json template schema",
  "description": "The protocol template defines and annotates protocol documents that are to be linked to study, subjects, biological samples or experiments.",
  "type":"object",
  "properties":{
      "fileName":{
	  "type":"string",
	  "enum":["protocols.json"]
      },
     "name":{
	  "type":"string",
	  "enum":["protocols"]
      },
     "schemaVersion":{
	  "type":"string",
	  "enum":["3.36"]
      },
     "templateType":{
	  "type":"string",
	  "enum":["single"]
      },
     "validationLevel":{
	  "type":"string"
      },
     "data": {
       "type":"array",
       "items":{
         "$ref":"protocols.Datum.json#"
       },
       "minItems":1
     }
  },
  "additionalProperties":false,
  "required":["fileName","name","schemaVersion","templateType","data"]
}