{
  "$schema":"http://json-schema.org/draft-04/schema",
  "title":"subjectHumans.json template schema",
  "description": "The subject human template defines and annotates key elements of study subjects including demographics and links subjects to an arm within a study.",
  "type":"object",
  "properties":{
    "metaData":{
     "$ref":"subjectHumans.MetaData.json#"
    },
    "resultData":{
      "type":"array",
      "items":{
        "$ref":"subjectHumans.ResultData.json#"
      },
      "minItems":1
    }
  },
  "additionalProperties":false,
  "required":["metaData","resultData"]
}