{
  "$schema":"http://json-schema.org/draft-04/schema",
  "title":"PCR_Results.json template schema",
  "description":"The qRT-PCR experiment sample template defines and annotates the assay results for a sample by linking sample, experiment, and results together. More than one analyte's results per assayed sample may be reported by copying at least the group of columns 'Entrez Gene ID' and 'Threshold Cycles(ct)' needed to describe each assay result.",
  "type":"object",
  "properties":{
    "expsampleId":{
    "type":"string"
    },
    "geneSymbolName":{
    "type":"string","enum":["- ; hHLA-A*2 ; ANA975","AA4 ; hCD93 ; ANA918","ACKR3 ; hACKR3 ; ANA1","Ackr3 ; mACKR3 ; ANA475","AFP ; AFP ; ANA704","Annexin ; hANXA5 ; ANA909","B7 ; hCD80 ; ANA866","B7-2 ; hCD86 ; ANA868","BAFF ; hTNFSF13B ; ANA241","BCL2 ; hBCL2 ; ANA904","Bcl2 ; mBCL2 ; ANA1005","BCL6 ; hBCL6 ; ANA910","Bcl6 ; mBCL6 ; ANA1110","BDCA1 ; hCD1C ; ANA895","BDCA2, CD303 ; hCLEC4C ; ANA870","BDCA3 ; hTHBD ; ANA894","BDNF ; BDNF ; ANA701","BOB ; hGPR15 ; ANA896","Caspase-3 ; hCASP3 ; ANA911","CCL1 ; hCCL1 ; ANA2","Ccl1 ; mCCL1 ; ANA476","CCL14 ; hCCL14 ; ANA5","CCL15 ; hCCL15 ; ANA6","CCL16 ; hCCL16 ; ANA7","Ccl17 ; CCL17 ; ANA478","CCL18 ; hCCL18 ; ANA9","CCL19 ; hCCL19 ; ANA10","Ccl19 ; mCcl19 ; ANA479","Ccl2 ; mCCL2 ; ANA480","CCL20 ; hCCL20 ; ANA12","Ccl20 ; mCCL20 ; ANA481","CCL21 ; hCCL21 ; ANA13","Ccl21a ; mCcl21a ; ANA482","CCL22 ; hCCL22 ; ANA14","Ccl22 ; mCCL22 ; ANA483","CCL23 ; hCCL23 ; ANA15","CCL24 ; hCCL24 ; ANA16","Ccl24 ; mCCL24 ; ANA484","CCL25 ; hCCL25 ; ANA17","Ccl25 ; mCcl25 ; ANA485","Ccl26 ; CCL26 ; ANA486","CCL26 ; hCCL26 ; ANA18","Ccl27a ; mCCL27 ; ANA487","Ccl3 ; mCCL3 ; ANA488","CCL3L1 ; CCL3L1 ; ANA21","CCL3L3 ; hCCL3L ; ANA22","CCL3P1 ; CCL3 ; ANA23","CCL4L1 ; CCL4L1 ; ANA25","CCL4L2 ; hCCL4L ; ANA26","Ccl5 ; mCCL5 ; ANA490","Ccl7 ; mCCL7 ; ANA491","CCL8 ; hCCL8 ; ANA29","Ccl8 ; mCcl8 ; ANA492","CCR1 ; hCCR1 ; ANA30","Ccr1 ; mCCR1 ; ANA493","CCR10 ; hCCR10 ; ANA31","Ccr10 ; mCCR10 ; ANA494","CCR2 ; hCCR2 ; ANA32","Ccr2 ; mCCR2 ; ANA495","CCR3 ; hCCR3 ; ANA33","Ccr3 ; mCCR3 ; ANA496","CCR4 ; hCCR4 ; ANA34","Ccr4 ; mCCR4 ; ANA497","CCR5 ; hCCR5 ; ANA35","Ccr5 ; mCCR5 ; ANA498","CCR6 ; hCCR6 ; ANA36","Ccr6 ; mCCR6 ; ANA499","CCR7 ; hCCR7 ; ANA37","Ccr7 ; mCCR7 ; ANA500","CCR8 ; hCCR8 ; ANA38","Ccr8 ; mCCR8 ; ANA501","CCR9 ; hCCR9 ; ANA824","Ccr9 ; mCCR9 ; ANA502","CCRL1 ; hCX3CR1 ; ANA59","CD10 ; hMME ; ANA930","CD100 ; hSEMA4D ; ANA1218","CD101 ; hCD101 ; ANA1219","Cd101 ; mCD101 ; ANA942","CD102 ; hICAM2 ; ANA1025","CD103 ; hITGAE ; ANA877","CD104 ; hITGB4 ; ANA1043","CD105 ; hENG ; ANA1050","CD107a ; hLAMP1 ; ANA887","CD107b ; hLAMP2 ; ANA1024","CD108 ; hSEMA7A ; ANA965","CD109 ; hCD109 ; ANA1188","Cd109 ; mCD109 ; ANA1207","CD111 ; hNECTIN1 ; ANA1158","CD112 ; hNECTIN2 ; ANA1217","CD11a ; hITGAL ; ANA1059","CD11b ; hITGAM ; ANA878","CD11c ; hITGAX ; ANA814","CD11d ; hITGAD ; ANA1153","CD123 ; hIL3RA ; ANA173","CD127 ; hIL7R ; ANA182","CD13 ; hANPEP ; ANA1033","CD133 ; hPROM1 ; ANA954","CD138 ; hSDC1 ; ANA891","CD14 ; hCD14 ; ANA804","Cd14 ; mCD14 ; ANA1006","CD142 ; hF3 ; ANA1028","CD143 ; hACE ; ANA1019","CD144 ; hCDH5 ; ANA1095","CD146 ; hMCAM ; ANA1115","CD147 ; hBSG ; ANA1098","CD148 ; hPTPRJ ; ANA1151","CD15 ; hFUT4 ; ANA875","CD150 ; hSLAMF1 ; ANA1152","CD151 ; hCD151 ; ANA1119","Cd151 ; mCD151 ; ANA953","CD152 ; hCTLA4 ; ANA871","CD154 ; hCD40LG ; ANA43","CD155 ; hPVR ; ANA1034","CD156A ; hADAM8 ; ANA1131","CD156B ; hADAM17 ; ANA1133","CD156c ; hADAM10 ; ANA948","CD157 ; hBST1 ; ANA1149","CD158A ; hKIR2DL1 ; ANA879","CD158B1 ; hKIR2DL2 ; ANA880","CD158B2 ; hKIR2DL3 ; ANA881","CD158D ; hKIR2DL4 ; ANA1224","CD158E1 ; hKIR3DL1 ; ANA882","CD158F ; hKIR2DL5A ; ANA1199","CD158G ; hKIR2DS5 ; ANA1156","CD158H ; hKIR2DS1 ; ANA1157","CD158i ; hKIR2DS4 ; ANA1118","CD158J ; hKIR2DS2 ; ANA1117","CD158k ; hKIR3DL2 ; ANA1116","CD158z ; hKIR3DL3 ; ANA1204","CD159c ; hKLRC2 ; ANA1080","CD16 ; hFCGR3A ; ANA811","CD160 ; hCD160 ; ANA973","Cd160 ; mCD160 ; ANA970","CD161 ; hKLRB1 ; ANA883","CD163 ; hCD163 ; ANA1192","Cd163 ; mCD163 ; ANA1164","CD164 ; hCD164 ; ANA1141","Cd164 ; mCD164 ; ANA1250","Cd164l2 ; mCD164L2 ; ANA1229","CD166 ; hALCAM ; ANA1154","CD167 ; hDDR1 ; ANA1145","CD168 ; hHMMR ; ANA966","CD169 ; hSIGLEC1 ; ANA1227","CD16b ; hFCGR3B ; ANA960","CD170 ; hSIGLEC5 ; ANA951","CD171 ; hL1CAM ; ANA1092","CD172a ; hSIRPA ; ANA1130","CD172b ; hSIRPB1 ; ANA935","CD172g ; hSIRPG ; ANA1247","CD174 ; hFUT3 ; ANA1061","CD177 ; hCD177 ; ANA1203","Cd177 ; mCd177 ; ANA1206","CD179a ; hVPREB1 ; ANA1017","CD179B ; hIGLL1 ; ANA1040","CD18 ; hITGB2 ; ANA985","CD180 ; hCD180 ; ANA1223","Cd180 ; mCD180 ; ANA1176","CD19 ; hCD19 ; ANA805","Cd19 ; mCD19 ; ANA1078","CD1a ; hCD1A ; ANA988","CD1b ; hCD1B ; ANA1084","CD1d ; hCD1D ; ANA1039","Cd1d1 ; mCD1D ; ANA1011","Cd1d2 ; mCd1d2 ; ANA1012","CD1e ; hCD1E ; ANA1038","CD2 ; hCD2 ; ANA860","Cd2 ; mCD2 ; ANA1000","CD20 ; hMS4A1 ; ANA806","CD200 ; hCD200 ; ANA1111","Cd200 ; mCD200 ; ANA956","Cd200r1 ; mCd200r1 ; ANA1232","Cd200r2 ; mCD200R1L ; ANA1187","Cd200r3 ; mCd200r3 ; ANA1168","Cd200r4 ; mCd200r4 ; ANA1186","CD201 ; hPROCR ; ANA1259","CD202b ; hTEK ; ANA1139","CD203c ; hENPP3 ; ANA947","CD204 ; hMSR1 ; ANA1064","CD205 ; hLY75 ; ANA937","CD206 ; hMRC1 ; ANA1072","CD207 ; hCD207 ; ANA1255","Cd207 ; mCD207 ; ANA1208","CD208 ; hLAMP3 ; ANA1261","Cd209a ; mCd209a ; ANA1216","Cd209b ; mCd209b ; ANA1194","Cd209c ; mCd209c ; ANA1215","Cd209d ; mCd209d ; ANA1214","Cd209e ; mCd209e ; ANA1213","CD21 ; hCR2 ; ANA919","CD213A1 ; hIL13RA1 ; ANA128","CD213A2 ; hIL13RA2 ; ANA129","Cd22 ; mCD22 ; ANA1097","CD220 ; hINSR ; ANA989","CD221 ; hIGF1R ; ANA993","CD222 ; hIGF2R ; ANA1013","CD223 ; hLAG3 ; ANA1054","CD224 ; hGGT1 ; ANA1058","CD225 ; hIFITM1 ; ANA1021","CD226 ; hCD226 ; ANA1160","Cd226 ; mCD226 ; ANA1198","CD227 ; hMUC1 ; ANA1041","CD228 ; hMELTF ; ANA998","CD229 ; hLY9 ; ANA1235","CD23 ; hFCER2 ; ANA922","CD230 ; hPRNP ; ANA936","CD231 ; hTSPAN7 ; ANA1113","CD232 ; hPLXNC1 ; ANA958","CD233 ; hSLC4A1 ; ANA977","CD234 ; hACKR1 ; ANA1161","CD235a ; hGYPA ; ANA976","CD235b ; hGYPB ; ANA987","CD236R ; hGYPC ; ANA983","CD238 ; hKEL ; ANA1073","CD239 ; hBCAM ; ANA1122","CD24 ; hCD24 ; ANA807","CD240CE ; hRHCE ; ANA1053","CD240D ; hRHD ; ANA1138","CD241 ; hRHAG ; ANA1137","CD242 ; hICAM4 ; ANA1155","CD243 ; hABCB1 ; ANA996","CD244 ; hCD244 ; ANA1226","Cd244a ; mCD244 ; ANA1143","CD246 ; hALK ; ANA1258","CD247 ; hCD247 ; ANA1060","Cd247 ; mCD247 ; ANA1076","CD248 ; hCD248 ; ANA1236","Cd248 ; mCD248 ; ANA1212","CD249 ; hENPEP ; ANA1142","Cd24a ; mCD24 ; ANA1077","CD26 ; hDPP4 ; ANA1081","CD266 ; hTNFRSF12A ; ANA1240","CD268 ; hTNFRSF13C ; ANA1222","CD27 ; hCD27 ; ANA40","Cd27 ; mCD27 ; ANA503","CD271 ; hNGFR ; ANA994","CD272 ; hBTLA ; ANA1191","CD274 ; hCD274 ; ANA1246","Cd274 ; mCD274 ; ANA1231","CD275 ; hICOSLG ; ANA964","CD276 ; hCD276 ; ANA1169","Cd276 ; mCD276 ; ANA1210","CD277 ; hBTN3A1 ; ANA946","CD278 ; hICOS ; ANA898","CD28 ; hCD28 ; ANA863","Cd28 ; mCD28 ; ANA1086","CD280 ; hMRC2 ; ANA1251","CD281 ; hTLR1 ; ANA1159","CD282 ; hTLR2 ; ANA959","CD283 ; hTLR3 ; ANA952","CD284 ; hTLR4 ; ANA944","CD288 ; hTLR8 ; ANA1245","CD289 ; hTLR9 ; ANA1244","CD29 ; hITGB1 ; ANA986","CD290 ; hTLR10 ; ANA1225","CD292 ; hBMPR1A ; ANA1101","CD294 ; hPTGDR2 ; ANA1264","CD295 ; hLEPR ; ANA899","CD296 ; hART1 ; ANA1123","CD297 ; hART4 ; ANA1220","CD298 ; hATP1B3 ; ANA1124","CD299 ; hCLEC4M ; ANA1233","Cd2ap ; mCD2AP ; ANA1239","Cd2bp2 ; mCD2BP2 ; ANA1228","CD3 ; hCD3E ; ANA809","CD300a ; hCD300A ; ANA1252","Cd300a ; mCD300A ; ANA1183","CD300c ; hCD300C ; ANA1146","Cd300c ; mCD300C ; ANA940","Cd300c2 ; mClm ; ANA1190","CD300e ; hCD300E ; ANA1167","Cd300e ; mCD300E ; ANA1197","Cd300lb ; mCD300LB ; ANA1166","Cd300ld ; mClm5 ; ANA1209","Cd300ld3 ; mClm3 ; ANA1184","Cd300lf ; mCD300LF ; ANA1185","Cd300lg ; mCd300lg ; ANA1163","CD301 ; hCLEC10A ; ANA1195","CD302 ; hCD302 ; ANA1196","Cd302 ; mCD302 ; ANA1230","CD304 ; hNRP1 ; ANA949","CD305 ; hLAIR1 ; ANA1180","CD306 ; hLAIR2 ; ANA1181","CD309 ; hKDR ; ANA1100","CD31 ; hPECAM1 ; ANA1044","CD312 ; hADGRE2 ; ANA1253","CD314 ; hKLRK1 ; ANA886","CD315 ; hPTGFRN ; ANA1248","CD316 ; hIGSF8 ; ANA1221","CD317 ; hBST2 ; ANA1150","CD318 ; hCDCP1 ; ANA1234","CD319 ; hSLAMF7 ; ANA1242","CD320 ; hCD320 ; ANA1241","Cd320 ; mCD320 ; ANA1266","CD321 ; hF11R ; ANA1265","CD322 ; hJAM2 ; ANA1126","CD324 ; hCDH1 ; ANA1020","CD326 ; hEPCAM ; ANA1045","CD32A ; hFCGR2A ; ANA1018","CD32B ; hFCGR2B ; ANA1088","CD32C ; hFCGR2C ; ANA1089","Cd33 ; mCD33 ; ANA1177","CD331 ; hFGFR1 ; ANA1009","CD332 ; hFGFR2 ; ANA1065","CD333 ; hFGFR3 ; ANA1070","CD334 ; hFGFR4 ; ANA1069","CD335 ; hNCR1 ; ANA967","CD337 ; hNCR3 ; ANA950","CD339 ; hJAG1 ; ANA1132","CD34 ; hCD34 ; ANA1083","Cd34 ; mCD34 ; ANA1178","CD340 ; hERBB2 ; ANA982","CD344 ; hFZD4 ; ANA1256","CD349 ; hFZD9 ; ANA943","CD35 ; hCR1 ; ANA1051","CD350 ; hFZD10 ; ANA1257","CD36 ; hCD36 ; ANA1047","Cd36 ; mCD36 ; ANA1148","CD37 ; hCD37 ; ANA1008","Cd37 ; mCD37 ; ANA1172","CD38 ; hCD38 ; ANA808","Cd38 ; mCD38 ; ANA1125","CD39 ; hENTPD1 ; ANA921","CD3d ; hCD3D ; ANA979","Cd3d ; mCD3D ; ANA980","Cd3e ; mCD3E ; ANA1071","Cd3eap ; mCD3EAP ; ANA1189","CD3g ; hCD3G ; ANA1003","Cd3g ; mCD3G ; ANA1016","CD4 ; hCD4 ; ANA41","Cd4 ; mCD4 ; ANA504","CD40 ; hCD40 ; ANA42","Cd40 ; mCD40 ; ANA505","Cd40lg ; mCD40LG ; ANA506","CD41 ; hITGA2B ; ANA997","CD42a ; hGP9 ; ANA1032","CD42b ; hGP1BA ; ANA992","CD42c ; hGP1BB ; ANA1022","CD42d ; hGP5 ; ANA1103","CD43 ; hSPN ; ANA893","CD44 ; hCD44 ; ANA914","Cd44 ; mCD44 ; ANA1035","CD45RA ; hPTPRC/iso:h6 ; ANA816","CD45RO ; PTPRC/iso:CD45RO ; ANA822","CD46 ; hCD46 ; ANA1036","Cd46 ; mCD46 ; ANA968","CD47 ; hCD47 ; ANA1147","Cd47 ; mCD47 ; ANA1175","CD48 ; hCD48 ; ANA1001","Cd48 ; mCD48 ; ANA1052","CD49 ; hITGA6 ; ANA876","CD49a ; hITGA1 ; ANA927","CD49b ; hITGA2 ; ANA1048","CD49c ; hITGA3 ; ANA1079","CD49d ; hITGA4 ; ANA1026","CD49e ; hITGA5 ; ANA999","CD5 ; hCD5 ; ANA915","Cd5 ; mCD5 ; ANA1023","CD50 ; hICAM3 ; ANA1094","CD51 ; hITGAV ; ANA991","CD52 ; hCD52 ; ANA1087","Cd52 ; mCD52 ; ANA1179","CD53 ; hCD53 ; ANA1057","Cd53 ; mCD53 ; ANA1171","CD55 ; hCD55 ; ANA995","Cd55 ; mCd55 ; ANA1173","Cd55b ; mCd55b ; ANA1174","CD56 ; hNCAM1 ; ANA815","CD57 ; hB3GAT1 ; ANA823","CD58 ; hCD58 ; ANA1056","CD59 ; hCD59 ; ANA1030","Cd59a ; mCd59a ; ANA957","Cd59b ; mCd59b ; ANA1127","Cd5l ; mCD5L ; ANA1249","CD6 ; hCD6 ; ANA1085","Cd6 ; mCD6 ; ANA1170","CD61 ; hITGB3 ; ANA984","CD62E ; hSELE ; ANA1046","CD62L ; hSELL ; ANA712","CD62P ; hSELP ; ANA1042","CD63 ; hCD63 ; ANA902","Cd63 ; mCD63 ; ANA1112","CD64 ; hFCGR1A ; ANA873","CD66a ; hCEACAM1 ; ANA1027","CD66b ; hCEACAM8 ; ANA1091","CD66c ; hCEACAM6 ; ANA1105","CD66d ; hCEACAM3 ; ANA1104","CD66e ; hCEACAM5 ; ANA990","CD66f ; hPSG1 ; ANA1010","CD68 ; hCD68 ; ANA1096","Cd68 ; mCD68 ; ANA1090","CD69 ; hCD69 ; ANA865","Cd69 ; mCD69 ; ANA1102","CD7 ; hCD7 ; ANA1002","Cd7 ; mCD7 ; ANA1121","CD70 ; hCD70 ; ANA44","Cd70 ; mCD70 ; ANA507","CD71a ; hTFRC ; ANA932","CD72 ; hCD72 ; ANA1066","Cd72 ; mCD72 ; ANA1067","CD73 ; hNT5E ; ANA1062","CD74 ; hCD74 ; ANA978","Cd74 ; mCD74 ; ANA981","CD79a ; hCD79A ; ANA1015","Cd79a ; mCD79A ; ANA1014","CD79b ; hCD79B ; ANA1109","Cd79b ; mCD79B ; ANA1037","CD8 ; hCD8A ; ANA810","Cd80 ; mCD80 ; ANA1135","CD81 ; hCD81 ; ANA1129","Cd81 ; mCD81 ; ANA1099","CD82 ; hCD82 ; ANA1082","Cd82 ; mCD82 ; ANA1107","CD83 ; hCD83 ; ANA916","Cd83 ; mCD83 ; ANA969","CD84 ; hCD84 ; ANA1254","Cd84 ; mCD84 ; ANA1162","CD85a ; hLILRB3 ; ANA962","CD85b ; hLILRA6 ; ANA1182","CD85c ; hLILRB5 ; ANA963","CD85d ; hLILRB2 ; ANA1201","CD85e ; hLILRA3 ; ANA1202","CD85f ; hLILRA5 ; ANA941","CD85g ; hLILRA4 ; ANA1128","CD85h ; hLILRA2 ; ANA1200","CD85i ; hLILRA1 ; ANA961","CD85J ; hLILRB1 ; ANA888","CD85k ; hLILRB4 ; ANA1205","Cd86 ; mCD86 ; ANA1114","CD87 ; hPLAUR ; ANA1140","CD88 ; hC5AR1 ; ANA1063","CD89 ; hFCAR ; ANA1075","Cd8a ; mCD8A ; ANA974","CD8b ; hCD8B ; ANA1007","Cd8b1 ; mCD8B ; ANA1004","CD9 ; hCD9 ; ANA1068","Cd9 ; mCD9 ; ANA1108","CD90 ; hTHY1 ; ANA934","CD91 ; hLRP1 ; ANA1144","Cd93 ; mCD93 ; ANA971","CD94 ; hKLRD1 ; ANA884","CD95 ; hFAS ; ANA85","CD96 ; hCD96 ; ANA1106","Cd96 ; mCD96 ; ANA1165","CD97 ; hADGRE5 ; ANA1120","CD98 ; hSLC7A5 ; ANA1136","CD99 ; hCD99 ; ANA1031","Cd99l2 ; mCD99L2 ; ANA1193","CDw113 ; hNECTIN3 ; ANA1243","CDw218b ; hIL18RAP ; ANA972","CDw293 ; hBMPR1B ; ANA945","CDw325 ; hCDH2 ; ANA1055","CDw327 ; hSIGLEC6 ; ANA955","CDw328 ; hSIGLEC7 ; ANA1262","CDw329 ; hSIGLEC9 ; ANA1263","CDw338 ; hABCG2 ; ANA1260","CDW92 ; hSLC44A1 ; ANA1211","CENPB ; hCENPB ; ANA821","CKLF ; hCKLF ; ANA45","Cklf ; mCKLF ; ANA508","CLA, CD162 ; hSELPLG ; ANA903","CLCF1 ; hCLCF1 ; ANA46","Clcf1 ; mCLCF1 ; ANA509","Cmtm1 ; CMTM1 ; ANA510","CMTM1 ; hCMTM1 ; ANA47","CMTM6 ; hCMTM6 ; ANA48","Cmtm6 ; mCMTM6 ; ANA511","CMTM7 ; hCMTM7 ; ANA49","Cmtm7 ; mCMTM7 ; ANA512","CNTFR ; hCNTFR ; ANA50","Cntfr ; mCNTFR ; ANA513","Csf1 ; mCSF1 ; ANA514","CSF1R ; hCSF1R ; ANA52","Csf1r ; mCSF1R ; ANA515","Csf2 ; mCSF2 ; ANA516","CSF2RA ; hCSF2RA ; ANA54","Csf2ra ; mCSF2RA ; ANA517","CSF2RB ; hCSF2RB ; ANA55","Csf2rb ; mCsf2rb ; ANA518","CSF3 ; hCSF3 ; ANA56","Csf3 ; mCSF3 ; ANA519","CSF3R ; hCSF3R ; ANA57","Csf3r ; mCSF3R ; ANA520","CTACK ; hCCL27 ; ANA19","Cx3cr1 ; mCX3CR1 ; ANA522","Cxcl1 ; mCXCL1 ; ANA523","CXCL11 ; hCXCL11 ; ANA62","Cxcl11 ; mCxcl11 ; ANA525","CXCL12 ; hCXCL12 ; ANA63","Cxcl12 ; mCXCL12 ; ANA526","CXCL13 ; hCXCL13 ; ANA64","Cxcl13 ; mCXCL13 ; ANA527","CXCL14 ; hCXCL14 ; ANA65","Cxcl14 ; mCXCL14 ; ANA528","CXCL16 ; hCXCL16 ; ANA66","Cxcl16 ; mCXCL16 ; ANA529","CXCL17 ; hCXCL17 ; ANA67","Cxcl17 ; mCXCL17 ; ANA530","Cxcl2 ; mCxcl2 ; ANA531","CXCL3 ; hCXCL3 ; ANA69","Cxcl3 ; mCxcl3 ; ANA532","CXCL5 ; hCXCL5 ; ANA70","Cxcl5 ; mCXCL5 ; ANA533","CXCL6 ; hCXCL6 ; ANA71","CXCL9 ; hCXCL9 ; ANA73","Cxcl9 ; mCXCL9 ; ANA534","CXCR1 ; hCXCR1 ; ANA74","Cxcr1 ; mCxcr1 ; ANA535","CXCR2 ; hCXCR2 ; ANA75","Cxcr2 ; mCXCR2 ; ANA536","CXCR3 ; hCXCR3 ; ANA76","Cxcr3 ; mCXCR3 ; ANA537","CXCR4 ; hCXCR4 ; ANA77","Cxcr4 ; mCXCR4 ; ANA538","CXCR5 ; hCXCR5 ; ANA78","Cxcr5 ; mCXCR5 ; ANA539","CXCR6 ; hCXCR6 ; ANA79","Cxcr6 ; mCXCR6 ; ANA540","DC-SIGN1 ; hCD209 ; ANA869","EBI3 ; hEBI3 ; ANA80","Ebi3 ; mEBI3 ; ANA541","EGF ; hEGF ; ANA81","Egf ; mEGF ; ANA542","EGFR ; hEGFR ; ANA82","Egfr ; mEGFR ; ANA543","Eotaxin ; hCCL11 ; ANA3","Eotaxin ; mCCL11 ; ANA477","EPO ; hEPO ; ANA83","Epo ; mEPO ; ANA544","EPOR ; hEPOR ; ANA84","Epor ; mEPOR ; ANA545","Fas ; mFAS ; ANA546","Fasl ; mFASLG ; ANA547","FASLG ; hFASLG ; ANA86","FGF1 ; hFGF1 ; ANA87","Fgf1 ; mFGF1 ; ANA548","FGFB ; hFGF2 ; ANA88","Fgfb ; mFGF2 ; ANA549","FIGF ; hVEGFD ; ANA710","FLT3 ; hFLT3 ; ANA89","Flt3 ; mFLT3 ; ANA550","Flt3l ; mFLT3LG ; ANA551","FLT3LG ; hFLT3LG ; ANA90","FOXP3 ; hFOXP3 ; ANA874","FRACTALKINE ; hCX3CL1 ; ANA58","Fractalkine ; mCX3CL1 ; ANA521","GDF15 ; hGDF15 ; ANA91","Gdf15 ; mGDF15 ; ANA552","GMCSF ; hCSF2 ; ANA53","GranB ; hGZMB ; ANA897","GRO ; hCXCL1 ; ANA60","HGF ; hHGF ; ANA92","Hgf ; mHGF ; ANA553","HLA-A ; hHLA-A ; ANA938","HLA-C ; hHLA-C ; ANA939","HLA-E ; hHLA-E ; ANA1029","HLA-G ; hHLA-G ; ANA1049","HLADR ; hHLA-DRA ; ANA812","ICAM1 ; ICAM1 ; ANA705","IFNA ; fam:hIFNA ; ANA717","IFNA1 ; Ifna1 ; ANA93","Ifna1 ; mIfna1 ; ANA554","IFNA10 ; hIFNA10 ; ANA94","Ifna10 ; IFNA10 ; ANA555","IFNA13 ; Ifna13 ; ANA95","Ifna13 ; mIfna13 ; ANA556","IFNA14 ; hIFNA14 ; ANA96","Ifna14 ; IFNA14 ; ANA557","IFNA16 ; hIFNA16 ; ANA97","Ifna16 ; IFNA16 ; ANA558","IFNA17 ; hIFNA17 ; ANA98","IFNA2 ; hIFNA2 ; ANA99","Ifna2 ; mIfna2 ; ANA559","IFNA21 ; hIFNA21 ; ANA100","IFNA4 ; hIFNA4 ; ANA101","Ifna4 ; mIfna4 ; ANA560","IFNA5 ; hIFNA5 ; ANA102","Ifna5 ; mIfna5 ; ANA561","IFNA6 ; hIFNA6 ; ANA103","Ifna6 ; mIfna6 ; ANA562","IFNA7 ; hIFNA7 ; ANA104","Ifna7 ; mIfna7 ; ANA563","IFNA8 ; hIFNA8 ; ANA105","IFNAR1 ; hIFNAR1 ; ANA106","Ifnar1 ; mIFNAR1 ; ANA565","IFNAR2 ; hIFNAR2 ; ANA107","Ifnar2 ; mIFNAR2 ; ANA566","IFNB1 ; hIFNB1 ; ANA108","Ifnb1 ; mIFNB1 ; ANA567","IFNE ; hIFNE ; ANA109","Ifne ; mIFNE ; ANA568","IFNG ; hIFNG ; ANA110","Ifng ; mIFNG ; ANA569","IFNGR1 ; hIFNGR1 ; ANA111","Ifngr1 ; mIFNGR1 ; ANA570","IFNGR2 ; hIFNGR2 ; ANA112","Ifngr2 ; IFNGR2 ; ANA571","IFNK ; hIFNK ; ANA113","Ifnk ; mIFNK ; ANA572","IFNL1 ; hIFNL1 ; ANA114","Ifnl2 ; mIfnl2 ; ANA573","IFNL3 ; hIFNL3 ; ANA116","Ifnl3 ; mIfnl3 ; ANA574","IFNLR1 ; hIFNLR1 ; ANA117","Ifnlr1 ; mIFNLR1 ; ANA575","IgA1 ; hIGHA1 ; ANA820","IgA2 ; hIGHA2 ; ANA819","IgD ; hIGHD ; ANA813","IGF1 ; IGF1 ; ANA713","IGFBP3 ; IGFBP3 ; ANA706","IgM ; hIGHM ; ANA817","IL10 ; hIL10 ; ANA118","Il10 ; mIL10 ; ANA576","IL10RA ; hIL10RA ; ANA119","Il10ra ; mIL10RA ; ANA577","IL10RB ; hIL10RB ; ANA120","Il10rb ; mIL10RB ; ANA578","IL11 ; hIL11 ; ANA121","Il11 ; mIL11 ; ANA579","IL11RA ; hIL11RA ; ANA122","Il11ra1 ; mIl11ra1 ; ANA580","IL12p35 ; hIL12A ; ANA123","Il12p35 ; mIL12A ; ANA581","IL12p40 ; hIL12B ; ANA124","IL12p40 ; mIL12B ; ANA582","IL12p70 ; hIL12 ; ANA800","IL12RB1 ; hIL12RB1 ; ANA125","Il12rb1 ; mIL12RB1 ; ANA583","IL12RB2 ; hIL12RB2 ; ANA126","Il12rb2 ; mIL12RB2 ; ANA584","IL13 ; hIL13 ; ANA127","Il13 ; mIL13 ; ANA585","Il13ra1 ; mIL13RA1 ; ANA586","Il13ra2 ; mIL13RA2 ; ANA587","IL15 ; hIL15 ; ANA130","Il15 ; mIL15 ; ANA588","IL15RA ; hIL15RA ; ANA131","Il15ra ; mIL15RA ; ANA589","IL16 ; hIL16 ; ANA132","Il16 ; mIL16 ; ANA590","IL17 ; hIL17F-17A ; ANA801","IL17A ; hIL17A ; ANA133","Il17a ; mIL17A ; ANA591","IL17B ; hIL17B ; ANA134","Il17b ; mIL17B ; ANA592","IL17C ; hIL17C ; ANA135","Il17c ; mIL17C ; ANA593","IL17D ; hIL17D ; ANA136","Il17d ; IL17D ; ANA594","IL17F ; hIL17F ; ANA137","Il17f ; mIL17F ; ANA595","IL17RA ; hIL17RA ; ANA138","Il17ra ; mIL17RA ; ANA596","IL18 ; hIL18 ; ANA139","Il18 ; mIL18 ; ANA597","IL18R1 ; hIL18R1 ; ANA140","il18r1 ; mIL18R1 ; ANA698","IL19 ; hIL19 ; ANA141","Il19 ; mIL19 ; ANA598","IL1A ; hIL1A ; ANA142","Il1a ; mIL1A ; ANA599","IL1B ; hIL1B ; ANA143","Il1b ; mIL1B ; ANA600","IL1F10 ; hIL1F10 ; ANA144","Il1f10 ; mIL1F10 ; ANA601","Il1f5 ; mIL36RN ; ANA602","IL1R1 ; hIL1R1 ; ANA145","Il1r1 ; mIL1R1 ; ANA603","IL1R2 ; hIL1R2 ; ANA146","Il1r2 ; mIL1R2 ; ANA604","IL1RN ; hIL1RN ; ANA147","Il1rn ; mIL1RN ; ANA605","IL2 ; hIL2 ; ANA148","Il2 ; mIL2 ; ANA606","IL20 ; hIL20 ; ANA149","Il20 ; mIL20 ; ANA607","IL20RA ; hIL20RA ; ANA150","Il20ra ; mIL20RA ; ANA608","IL20RB ; hIL20RB ; ANA151","Il20rb ; IL20RB ; ANA609","IL21 ; hIL21 ; ANA152","Il21 ; mIL21 ; ANA610","IL21R ; hIL21R ; ANA153","Il21r ; mIL21R ; ANA611","IL22 ; hIL22 ; ANA154","Il22 ; mIl22 ; ANA612","IL22RA1 ; hIL22RA1 ; ANA155","Il22ra1 ; mIL22RA1 ; ANA613","IL22RA2 ; hIL22RA2 ; ANA156","Il22ra2 ; mIL22RA2 ; ANA614","IL23 ; hIL23 ; ANA802","IL23A ; hIL23A ; ANA157","Il23a ; mIL23A ; ANA615","IL23R ; hIL23R ; ANA158","Il23r ; mIL23R ; ANA616","IL24 ; hIL24 ; ANA159","Il24 ; mIL24 ; ANA617","IL25 ; hIL25 ; ANA160","Il25 ; mMYDGF ; ANA618","IL26 ; hIL26 ; ANA161","IL27 ; hIL27 ; ANA162","Il27 ; mIL27 ; ANA619","IL28A ; hIFNL2 ; ANA115","IL2RA ; hIL2RA ; ANA163","Il2ra ; mIL2RA ; ANA620","IL2RB ; hIL2RB ; ANA164","Il2rb ; mIL2RB ; ANA621","IL2RG ; hIL2RG ; ANA165","Il2rg ; mIL2RG ; ANA622","IL3 ; hIL3 ; ANA166","Il3 ; mIL3 ; ANA623","IL31 ; hIL31 ; ANA167","Il31 ; mIL31 ; ANA624","IL32 ; hIL32 ; ANA168","IL33 ; hIL33 ; ANA169","Il33 ; mIL33 ; ANA625","IL34 ; hIL34 ; ANA170","Il34 ; mIL34 ; ANA626","IL36G ; hIL36G ; ANA171","IL36RN ; hIL36RN ; ANA172","Il3ra ; mIL3RA ; ANA627","IL4 ; hIL4 ; ANA174","Il4 ; mIL4 ; ANA628","IL4R ; hIL4R ; ANA175","Il4ra ; mIL4R ; ANA629","IL5 ; hIL5 ; ANA176","Il5 ; mIL5 ; ANA630","IL5RA ; hIL5RA ; ANA177","Il5ra ; mIL5RA ; ANA631","IL6 ; hIL6 ; ANA178","Il6 ; mIL6 ; ANA632","IL6R ; hIL6R ; ANA179","Il6ra ; mIL6R ; ANA633","IL6ST ; hIL6ST ; ANA180","Il6st ; mIL6ST ; ANA634","IL7 ; hIL7 ; ANA181","Il7 ; mIL7 ; ANA635","Il7r ; mIL7R ; ANA636","IL8 ; hCXCL8 ; ANA72","IL9 ; hIL9 ; ANA183","Il9 ; mIL9 ; ANA637","IL9R ; hIL9R ; ANA184","Il9r ; mIL9R ; ANA638","IP-10 ; hCXCL10 ; ANA61","IP-10 ; mCXCL10 ; ANA524","Itgal ; mITGAL ; ANA1074","Ki67 ; hMKI67 ; ANA889","Kir3dl1 ; mKir3dl1 ; ANA1134","KIT ; hKIT ; ANA185","Kit ; mKIT ; ANA639","Kitl ; mKITLG ; ANA640","KITLG ; hKITLG ; ANA186","LBT ; hLTB ; ANA187","LECT1 ; hCNMD ; ANA188","Lect1 ; mCNMD ; ANA641","LECT2 ; hLECT2 ; ANA189","Lect2 ; mLECT2 ; ANA642","LEP ; LEP ; ANA714","LIF ; hLIF ; ANA190","Lif ; mLIF ; ANA643","LIFR ; hLIFR ; ANA191","Lifr ; mLIFR ; ANA644","Ltb ; mLTB ; ANA646","LTBR ; hLTBR ; ANA193","Ltbr ; mLTBR ; ANA647","MCP1 ; hCCL2 ; ANA11","MCP3 ; hCCL7 ; ANA28","MCP4 ; hCCL13 ; ANA4","MCSF ; hCSF1 ; ANA51","MET ; hMET ; ANA194","Met ; mMET ; ANA648","MIF ; hMIF ; ANA195","Mif ; mMIF ; ANA649","MIP1A ; hCCL3 ; ANA20","MIP1B ; hCCL4 ; ANA24","Mip1b ; mCCL4 ; ANA489","MIP2 ; hCXCL2 ; ANA68","MPL ; hMPL ; ANA196","Mpl ; mMPL ; ANA650","MPO ; MPO ; ANA707","MST1 ; hMST1 ; ANA197","Mst1 ; mMST1 ; ANA651","MST1R ; hMST1R ; ANA198","Mst1r ; mMST1R ; ANA652","Nectin1 ; mNECTIN1 ; ANA1237","Nectin2 ; mNECTIN2 ; ANA1093","Nectin3 ; mNECTIN3 ; ANA1238","NGF ; NGF ; ANA699","NKG2A ; hKLRC1 ; ANA861","NKP44 ; hNCR2 ; ANA885","OPG ; hTNFRSF11B ; ANA226","OSM ; hOSM ; ANA199","Osm ; mOSM ; ANA653","OSMR ; hOSMR ; ANA200","Osmr ; mOSMR ; ANA654","PAI1 ; SERPINE1 ; ANA708","PAPPA ; PAPPA ; ANA700","PD1 ; hPDCD1 ; ANA818","PDGF ; hPDGF-AB ; ANA803","PDGFA ; hPDGFA ; ANA201","Pdgfa ; mPDGFA ; ANA655","PDGFB ; hPDGFB ; ANA202","Pdgfb ; mPDGFB ; ANA656","PDGFRA ; hPDGFRA ; ANA203","Pdgfra ; mPDGFRA ; ANA657","PDGFRB ; hPDGFRB ; ANA204","Pdgfrb ; mPDGFRB ; ANA658","PDL2 ; hPDCD1LG2 ; ANA931","Perforin ; hPRF1 ; ANA890","PF4 ; hPF4 ; ANA205","Pf4 ; mPF4 ; ANA659","PF4V1 ; hPF4V1 ; ANA206","PIGF ; PIGF ; ANA715","PPBP ; hPPBP ; ANA207","Ppbp ; PPBP ; ANA660","PRTN3 ; PRTN3 ; ANA703","pSTAT1 ; hSTAT1/iso:1/Phos:1 ; ANA907","pSTAT3 ; hSTAT3/Phos:1 ; ANA908","RANKL ; hTNFSF11 ; ANA238","RANTES ; hCCL5 ; ANA27","RETN ; hRETN ; ANA208","Retn ; mRETN ; ANA661","SIGLEC-2 ; hCD22 ; ANA862","SIGLEC-3 ; hCD33 ; ANA864","SLAN ; hSECISBP2L ; ANA906","SPP1 ; hSPP1 ; ANA209","Spp1 ; mSPP1 ; ANA662","STAT1 ; hSTAT1 ; ANA892","STAT3 ; hSTAT3 ; ANA900","STAT5 ; hSTAT5A ; ANA901","TARC ; hCCL17 ; ANA8","TDGF1P2 ; hTDGF1P3 ; ANA210","TDGF1P3 ; TDGF1P3 ; ANA211","TGFA ; TGFA ; ANA212","Tgfa ; Tgfa ; ANA663","TGFB1 ; hTGFB1 ; ANA213","Tgfb1 ; mTGFB1 ; ANA664","TGFB2 ; hTGFB2 ; ANA214","Tgfb2 ; mTGFB2 ; ANA665","TGFB3 ; hTGFB3 ; ANA215","Tgfb3 ; mTGFB3 ; ANA666","TGFBR1 ; hTGFBR1 ; ANA216","Tgfbr1 ; mTGFBR1 ; ANA667","TGFBR2 ; hTGFBR2 ; ANA217","Tgfbr2 ; mTGFBR2 ; ANA668","TGFBR3 ; hTGFBR3 ; ANA218","Tgfbr3 ; mTGFBR3 ; ANA669","THPO ; hTHPO ; ANA219","Thpo ; mTHPO ; ANA670","TLR5 ; hTLR5 ; ANA872","TLR6 ; hTLR6 ; ANA867","TLR7 ; hTLR7 ; ANA39","TNFA ; hTNF ; ANA220","Tnfa ; mTNF ; ANA671","TNFB ; hLTA ; ANA192","Tnfb ; mLTA ; ANA645","TNFRSF10A ; hTNFRSF10A ; ANA221","TNFRSF10B ; hTNFRSF10B ; ANA222","Tnfrsf10b ; mTnfrsf10b ; ANA672","TNFRSF10C ; hTNFRSF10C ; ANA223","TNFRSF10D ; hTNFRSF10D ; ANA224","TNFRSF11A ; hTNFRSF11A ; ANA225","Tnfrsf11a ; mTNFRSF11A ; ANA673","Tnfrsf11b ; mTNFRSF11B ; ANA674","TNFRSF13B ; hTNFRSF13B ; ANA227","Tnfrsf13b ; mTNFRSF13B ; ANA675","TNFRSF14 ; hTNFRSF14 ; ANA228","Tnfrsf14 ; mTNFRSF14 ; ANA676","TNFRSF17 ; hTNFRSF17 ; ANA229","Tnfrsf17 ; mTNFRSF17 ; ANA677","TNFRSF18 ; hTNFRSF18 ; ANA230","Tnfrsf18 ; mTnfrsf18 ; ANA678","TNFRSF1A ; hTNFRSF1A ; ANA231","Tnfrsf1a ; mTNFRSF1A ; ANA679","TNFRSF1B ; hTNFRSF1B ; ANA232","Tnfrsf1b ; mTNFRSF1B ; ANA680","TNFRSF25 ; hTNFRSF25 ; ANA233","Tnfrsf25 ; TNFRSF25 ; ANA681","TNFRSF4 ; hTNFRSF4 ; ANA234","Tnfrsf4 ; mTNFRSF4 ; ANA682","TNFRSF8 ; hTNFRSF8 ; ANA235","Tnfrsf8 ; mTNFRSF8 ; ANA683","TNFRSF9 ; hTNFRSF9 ; ANA236","Tnfrsf9 ; mTNFRSF9 ; ANA684","Tnfsf10 ; mTNFSF10 ; ANA685","Tnfsf11 ; mTNFSF11 ; ANA686","TNFSF12 ; hTNFSF12 ; ANA239","Tnfsf12 ; mTNFSF12 ; ANA687","TNFSF13 ; hTNFSF13 ; ANA240","Tnfsf13 ; mTNFSF13 ; ANA688","Tnfsf13b ; mTNFSF13B ; ANA689","TNFSF14 ; hTNFSF14 ; ANA242","Tnfsf14 ; mTNFSF14 ; ANA690","TNFSF15 ; hTNFSF15 ; ANA243","Tnfsf15 ; mTNFSF15 ; ANA691","TNFSF18 ; hTNFSF18 ; ANA244","Tnfsf18 ; mTNFSF18 ; ANA692","TNFSF4 ; hTNFSF4 ; ANA245","Tnfsf4 ; mTNFSF4 ; ANA693","TNFSF8 ; hTNFSF8 ; ANA246","Tnfsf8 ; mTNFSF8 ; ANA694","TNFSF9 ; hTNFSF9 ; ANA247","Tnfsf9 ; mTNFSF9 ; ANA695","TRAIL ; hTNFSF10 ; ANA237","TSLP ; TSLP ; ANA716","VCAM1 ; VCAM1 ; ANA702","VEGFA ; VEGFA ; ANA709","XCL1 ; hXCL1 ; ANA248","Xcl1 ; mXCL1 ; ANA696","XCL2 ; hXCL2 ; ANA249","XCR1 ; hXCR1 ; ANA250","Xcr1 ; mXCR1 ; ANA697"]
    },
    "valueReported":{
    "type":"number"
    },
    "unitReported":{
    "type":"string","enum":["Cq","Ct","Delta Ct","Delta Delta Ct","Not Specified"]
    },
    "geneId":{
    "type":"string","maxLength":10
    },
    "geneName":{
    "type":"string","maxLength":4000
    },
    "otherGeneAccession":{
    "type":"string","maxLength":250
    },
    "comments":{
    "type":"string","maxLength":500
    }
    },
  "required":["expsampleId","geneSymbolName","valueReported","unitReported"]
}