{
  "$schema":"http://json-schema.org/draft-04/schema",
  "title":"adverseEvents.json template schema",
  "description": "The Adverse Event Template reports adverse events that are recorded for subjects in a study.",
  "type":"object",
  "properties":{
      "fileName":{
	  "type":"string",
	  "enum":["adverseEvents.json"]
      },
     "name":{
	  "type":"string",
	  "enum":["adverseevents"]
      },
     "schemaVersion":{
	  "type":"string",
	  "enum":["3.36"]
      },
     "templateType":{
	  "type":"string",
	  "enum":["single"]
      },
     "validationLevel":{
	  "type":"string"
      },
     "data": {
       "type":"array",
       "items":{
         "$ref":"adverseEvents.Datum.json#"
       },
       "minItems":1
     }
  },
  "additionalProperties":false,
  "required":["fileName","name","schemaVersion","templateType","data"]
}