{
  "$schema":"http://json-schema.org/draft-04/schema",
  "title":" template schema",
  "description":"",
  "type":"object",
  "properties":{
    "studyId":{
    "type":"string"
    },
    "conditionReported":{
    "type":"string","enum":["acquired immunodeficiency syndrome","acute disseminated encephalomyelitis","Addison's disease","Aging","alcohol dependence","alcohol use disorder","allergic hypersensitivity disease","allergic rhinitis","alopecia areata","Alzheimer's disease","anemia","Angina","anthrax disease","antiphospholipid syndrome","antisynthetase syndrome","anxiety disorder","arrhythmia","aspiration pneumonia","asthma","atopic dermatitis","atrial fibrillation","autoimmune cardiomyopathy","autoimmune cholangitis","autoimmune disease","autoimmune disease of endocrine system","autoimmune disease of musculoskeletal system","autoimmune glomerulonephritis","autoimmune hemolytic anemia","autoimmune hepatitis","autoimmune peripheral neuropathy","autoimmune thrombocytopenic purpura","avian influenza","Bariatric Surgery","Bilateral pleural effusion (disorder)","biliary atresia","blood coagulation disease","Blood Transfusion","bone development disease","bone disease","brain glioblastoma multiforme","brain glioma","breast cancer","bronchiectasis","bronchiolitis","bronchitis","Bronchopulmonary Dysplasia","bullous skin disease","cancer","cardiac arrest","cardiomyopathy","cardiovascular system disease","celiac disease","Cephalohematoma","cerebral palsy","cerebrovascular disease","chickenpox","chikungunya","childhood type dermatomyositis","choledochal cyst","cholera","chorioamnionitis","chromosomal disease","chronic disease course","chronic kidney disease","Chronic Liver Disease","chronic obstructive pulmonary disease","chronic plaque psoriasis","Chronic Sinusitis","chronic spontaneous urticaria","cirrhosis","clinically isolated syndrome","Clostridium difficile colitis","colitis","colorectal cancer","common variable immunodeficiency","congenital adrenal insufficiency","congenital heart disease","congenital syphilis","congestive heart failure","conjunctivitis","connective tissue disease","coronary artery disease","COVID-19","cranial nerve disease","critical COVID-19","Crohn's disease","cutaneous lupus erythematosus","cystic fibrosis","cystic kidney disease","cystinosis","Cytogenetically Normal Acute Myeloid Leukemia","Cytomegaloviral Infection","dementia","Dementia with psychosis","dengue disease","dengue hemorrhagic fever","Dependence on peritoneal dialysis due to end stage renal disease","dermatomyositis","dermatophytosis","developmental disorder of mental health","diabetes mellitus","diphtheria","disease","disease by infectious agent","disease of metabolism","diverticulitis","Ebola hemorrhagic fever","EBV Infection","eczema herpeticum","eczema vaccinatum","egg allergy","encephalitis","end stage renal disease","endocarditis","eosinophilic esophagitis","epidermolysis bullosa","epilepsy","Escherichia Coli Infection","esophageal atresia","esophageal atresia/tracheoesophageal fistula","Failure to Thrive","Family Medical History","fibromyalgia","focal segmental glomerulosclerosis","food allergy","gastroesophageal reflux disease","glioblastoma","Goodpasture syndrome","granulomatosis with polyangiitis","Graves' disease","Guillain-Barre syndrome","haemophilus meningitis","healthy","Heart Failure","Heart Transplantation","Helicobacter Pylori Infection","hematologic cancer","hematopoietic system disease","hemiplegia","hemoglobinopathy","hemolytic-uremic syndrome","hepatitis","hepatitis A","hepatitis B","hepatitis C","herpes zoster","human cytomegalovirus infection","human immunodeficiency virus infectious disease","hydronephrosis","hypertension","Hypertension not adequately controlled","hypoglycemia","Hyponatremia","hypothyroidism","hysterectomy history","ichthyosis","idiopathic pulmonary fibrosis","Immunocompromised","Immunologic Tolerance","inflammatory bowel disease","influenza","interstitial lung disease","interstitial nephritis","intestinal infectious disease","Irritable bowel syndrome with diarrhea","juvenile rheumatoid arthritis","keratoconjunctivitis sicca","kidney cortex necrosis","kidney disease","kidney failure","Kidney Transplantation","Lambert-Eaton myasthenic syndrome","laryngomalacia","leukemia","lichen planus","Listeria meningitis","liver cancer","liver disease","Liver Transplantation","localized scleroderma","lung adenocarcinoma","lung cancer","lung disease","Lung Transplantation","lupus erythematosus","lupus nephritis","Lyme disease","lymphocytic choriomeningitis","lymphoma","malaria","Malignant Gastric Neoplasm","Malignant Lung Neoplasm","measles","meningitis","meningococcal meningitis","meningoencephalitis","mental depression","MERS-CoV","Metabolic Syndrome","milk allergy","miscarriage","mitral valve insufficiency","mixed connective tissue disease","molluscum contagiosum","multiple myeloma","Multiple Pulmonary Nodules","multiple sclerosis","mumps","muscle invasive bladder cancer","muscular dystrophy","musculoskeletal system disease","myasthenia gravis","myocardial infarction","myocarditis","narcolepsy","neonatal candidiasis","Neonatal Hypoxic Ischemic Encephalopathy","neoplastic, metastatic","nephrolithiasis","Nephrostomy tube (physical object)","nephrotic syndrome","nervous system disease","neurofibromatosis 1","neuromuscular disease","neuromyelitis optica","Newcastle disease","non-severe COVID-19","Not Applicable","Not Specified","nutritional deficiency disease","obesity","optic nerve glioma","optic neuritis","osteoarthritis","Pancreas Transplantation","pancreatic cancer","Pancreatic Islet Transplantation","panniculitis","paraplegia","Parkinson's disease","Partial Small Intestine Resection","peanut allergy","Pediatric acute-onset neuropsychiatric syndrome","pemphigus vulgaris","peptic ulcer disease","Perennial Allergic Rhinitis","perinatal necrotizing enterocolitis","peripheral vascular disease","Peritoneal Dialysis","pernicious anemia","pertussis","pervasive developmental disorder","pharyngitis","physical activity","physical disorder","pituitary gland disease","placenta disease","plague","Plasmodium falciparum malaria","Plasmodium vivax malaria","Pleural effusions, chronic","pneumonia","polymyalgia rheumatica","polymyositis","portal vein thrombosis","post-traumatic stress disorder","postinfectious encephalitis","pre-eclampsia","Pregnancy","Prenatal maternal abnormality","Preterm Birth","Previous","primary biliary cholangitis","primary immunodeficiency disease","primary sclerosing cholangitis","Primary Sjogren Syndrome","proctitis","psoriasis","psoriatic arthritis","Psychiatric Disorder","psychotic disorder","pulmonary hypertension","pustulosis of palm and sole","Radiation Exposure","Radiation Sickness Syndrome","Raynaud disease","recent","Recurrent pregnancy loss","Recurrent urinary tract infections","relapse","relapsing polychondritis","renal artery obstruction","Reproductive Surgery","respiratory syncytial virus infectious disease","rheumatic heart disease","rheumatoid arthritis","rhinitis","Rhinovirus Infection","rubella","salmonellosis","sarcoidosis","sarcoma","SARS-CoV","SARS-CoV-2","SARS-CoV-2 Alpha; B.1.1.7","SARS-CoV-2 Beta; B.1.351","SARS-CoV-2 Delta; B.1.617.2","SARS-CoV-2 Gamma; P.1","SARS-CoV-2 Lambda; C.37","SARS-CoV-2 Mu; B.1.621","SARS-CoV-2 Omicron variant BA.1","SARS-CoV-2 Omicron variant BA.2","SARS-CoV-2 Omicron variant BA.4","SARS-CoV-2 Omicron variant BA.5","SARS-CoV-2 Omicron varient BA.1","SARS-CoV-2 Omicron; B.1.1.529","SARS-CoV-2 WA1/2020 (D614G variant)","SARS-CoV-2 Wuhan/2020","SARS-CoV-2 Zeta; P.2","SARS-like coronavirus WIV1","schistosomiasis","scleroderma","Seasonal Allergic Rhinitis","severe COVID-19","Sexually Transmitted Disorder","Shoulder Dislocation","sinusitis","Sjogren's syndrome","Small for Gestational Age","smallpox","Solid Neoplasm","Solid Organ Transplant Recipient","specific developmental disorder","spinal muscular atrophy","spontaneous abortion","Spontaneous Preterm Birth","Staphylococcus Aureus Infection","Stevens-Johnson syndrome","stillbirth","Streptococcal Pharyngitis","Streptococcus pneumonia","substance abuse","substance-related disorder","Sweet syndrome","swine influenza","systemic lupus erythematosus","systemic scleroderma","tetanus","tonsillitis","TORCH syndrome","transverse myelitis","tuberculosis","tularemia","type 1 diabetes mellitus","type 2 diabetes mellitus","typhoid fever","ulcerative colitis","upper respiratory tract disease","urinary tract obstruction","uveitis","vasculitis","Viral Respiratory Tract Infection","viral tropism","vitiligo","Water-Electrolyte Imbalance","weight loss","West Nile encephalitis","West Nile fever","yellow fever","Zika fever"]
    }
    },
  "required":["studyId","conditionReported"]
}