{
  "$schema":"http://json-schema.org/draft-04/schema",
  "title":"labTests.json template schema",
  "description":"The lab tests template defines and annotates the lab test panels, the lab tests and results. This template combines the functions of the legacy lab test panels and lab test results templates into a single template.   The biological sample and the lab test panel can be either new or pre-defined in this template. Any combination is acceptable. The only restriction is that the biological sample is the key to template and must be unique within the template.",
  "type":"object",
  "properties":{
    "studyId":{
    "type":"string"
    },
    "biosampleId":{
    "type":"string","maxLength":100
    },
    "subjectId":{
    "type":"string"
    },
    "plannedVisitId":{
    "type":"string"
    },
    "type":{
    "type":"string","enum":["Amniotic Fluid","Appendix","B cell","Basophils","Bone","Bone Marrow","Brachial lymph node","brain","Breast Milk","Bronchoalveolar Lavage Fluid","Carbohydrate","Cell culture supernatant","cell line","Cerebrospinal Fluid","Cervical lymph nodes","Colon","Colonic Lamina Propria","Convalescent Plasma","Cord blood","Dendritic cell","Dermis","DNA","Dried Blood Spot","Endotracheal aspirate","Epithelium","Feces","Fibroblast","Gastric lamina propria","Ileum","Inguinal lymph node","Jejunum","Kidney","Leukocytes","Lipid","Liver","Lung","Lung lymph node","Lymph node","Lymphocyte","Macrophage","Mesenteric lymph node","Monocyte","Mouse Ear","Nasal lavage fluid","Nasal Swab","Nasal Swab or Nose Specimen","Nasopharyngeal Swab Specimen","Negative Control","Neutrophil","NK cell","Not Specified","Optic Nerve","Organoids","Oropharyngeal Swab Specimen","Osteoblasts","Other","Pancreas","Pancreatic Stellate Cells","PBL","PBMC","Placenta","Plasma","Pooled Sample","Popliteal lymph node","Positive Control","Protein","Rectal Swab Specimen","Red Blood Cell","Saliva","Salivary Glands","Serum","Skin of body","Small intestine","Spleen","Sputum","Stomach","Synovial fluid","Synovial tissue","T cell","Thymus","Tonsil","Trachea","Tumor Tissue","Umbilical cord blood","Urinary bladder","Urine","Vagina","Whole blood"]
    },
    "subtype":{
    "type":"string","maxLength":50
    },
    "name":{
    "type":"string","maxLength":200
    },
    "description":{
    "type":"string","maxLength":4000
    },
    "studyTimeCollected":{
    "type":"number"
    },
    "studyTimeCollectedUnit":{
    "type":"string","enum":["d.p.c.","Days","Hours","Minutes","Months","Not Specified","Seconds","Weeks","Years"]
    },
    "studyTimeT0Event":{
    "type":"string","enum":["Not Specified","Other","Time of enrollment","Time of hospital admission","Time of infection","Time of initial treatment","Time of initial vaccine administration","Time of transplantation"]
    },
    "studyTimeT0EventSpecify":{
    "type":"string","maxLength":50
    },
    "labTestPanelId":{
    "type":"string","maxLength":100
    },
    "protocolIds":{
    "type":"array","items":{"type":"string"}
    },
    "nameReported":{
    "type":"string","enum":["Autoimmune liver disease panel","Blood Cell Count","Blood Cell Count with Differential","Blood Flow Cytometry","Blood Measurement","Chemistry Test","Comprehensive Metabolic Panel","Drug Test","Fasting Lipid Profile","Hormone measurement","Immunology Test","Laboratory test related to hemostasis","Mixed-Meal Tolerance Test","Protein or Enzyme Type Measurement","Renal Function Test","serum antibody level","Serum protein electrophoresis","Thyroid Panel","Total Protein Measurement","Urinalysis","Vitamin measurement"]
    }
    },
  "required":["biosampleId","labTestPanelId"]
}