{
  "$schema":"http://json-schema.org/draft-04/schema",
  "title":"bioSamples.json template schema",
  "description":"The biological sample template is a legacy template that defines and annotates the types of samples derived from study subjects and when during the study schedule the sample was derived. The function of this template is also captured in the experiment samples template. This template will continue to be supported for the foreseeable future to support backward compatibility.",
  "type":"object",
  "properties":{
    "userDefinedId":{
    "type":"string","maxLength":100
    },
    "type":{
    "type":"string","enum":["Amniotic Fluid","Appendix","B cell","Basophils","Bone","Bone Marrow","Brachial lymph node","brain","Breast Milk","Bronchoalveolar Lavage Fluid","Carbohydrate","Cell culture supernatant","cell line","Cerebrospinal Fluid","Cervical lymph nodes","Colon","Colonic Lamina Propria","Convalescent Plasma","Cord blood","Decidua","Dendritic cell","Dermis","DNA","Dried Blood Spot","Endotracheal aspirate","Epithelium","Feces","Fibroblast","Gastric lamina propria","Ileum","Inguinal lymph node","Jejunum","Kidney","Leukocytes","Lipid","Liver","Lung","Lung lymph node","Lymph node","Lymphocyte","Macrophage","Mesenteric lymph node","Monocyte","Mouse Ear","Multiple Epithelial Tissues Sample","Multiple Immune Cells Blood Sample","Multiple Immune Cells Tissue Sample","Nasal lavage fluid","Nasal Swab","Nasal Swab or Nose Specimen","Nasopharyngeal Swab Specimen","Negative Control","Neutrophil","NK cell","Non-B-cell Non T-cell Sorted Blood Sample","Not Specified","Optic Nerve","Organoids","Oropharyngeal Swab Specimen","Osteoblasts","Other","Pancreas","Pancreatic Stellate Cells","PBL","PBMC","Placenta","Plasma","Pooled Sample","Popliteal lymph node","Positive Control","Protein","Rectal Swab Specimen","Red Blood Cell","Saliva","Salivary Glands","Serum","Skin of body","Small intestine","Sorted Tissue Sample","Spleen","Sputum","Stomach","Synovial fluid","Synovial tissue","T cell","Thymus","Tonsil","Trachea","Tumor Tissue","Umbilical cord blood","Unsorted Tissue Sample","Urinary bladder","Urine","Vagina","Whole blood"]
    },
    "subtype":{
    "type":"string","maxLength":50
    },
    "name":{
    "type":"string","maxLength":200
    },
    "description":{
    "type":"string","maxLength":4000
    },
    "subjectId":{
    "type":"string"
    },
    "studyId":{
    "type":"string"
    },
    "plannedVisitId":{
    "type":"string"
    },
    "treatmentIds":{
    "type":"array","items":{"type":"string"}
    },
    "studyTimeCollected":{
    "type":"number"
    },
    "studyTimeCollectedUnit":{
    "type":"string","enum":["d.p.c.","Days","Hours","Minutes","Months","Not Specified","Seconds","Weeks","Years"]
    },
    "studyTimeT0Event":{
    "type":"string","enum":["Not Specified","Other","Time of enrollment","Time of hospital admission","Time of infection","Time of initial treatment","Time of initial vaccine administration","Time of transplantation"]
    },
    "studyTimeT0EventSpecify":{
    "type":"string","maxLength":50
    }
    },
  "required":["userDefinedId","type","subjectId","studyId","plannedVisitId","studyTimeCollected","studyTimeCollectedUnit","studyTimeT0Event"]
}