{
  "$schema":"http://json-schema.org/draft-04/schema",
  "title":" template schema",
  "description":"",
  "type":"object",
  "properties":{
    "studyId":{
    "type":"string"
    },
    "fileName":{
    "type":"string","maxLength":250
    },
    "description":{
    "type":"string","maxLength":4000
    },
    "studyFileType":{
    "type":"string","enum":["Adverse Events","Assessment Results","Case Report Form","Concomitant Medications","Data Dictionary","Demographics","Interventions","JSON Summary Description","Lab Test Results","Medical History Data","Protocol Deviation Data","Screening Data","Study Data","Study Medication","Study Summary Description","Substance Use"]
    }
    },
  "required":["studyId","fileName","description","studyFileType"]
}