{
  "$schema":"http://json-schema.org/draft-04/schema",
  "title":"bioSamples.json template schema",
  "description": "The biological sample template is a legacy template that defines and annotates the types of samples derived from study subjects and when during the study schedule the sample was derived. The function of this template is also captured in the experiment samples template. This template will continue to be supported for the foreseeable future to support backward compatibility.",
  "type":"object",
  "properties":{
      "fileName":{
	  "type":"string",
	  "enum":["bioSamples.json"]
      },
     "name":{
	  "type":"string",
	  "enum":["biosamples"]
      },
     "schemaVersion":{
	  "type":"string",
	  "enum":["3.36"]
      },
     "templateType":{
	  "type":"string",
	  "enum":["single"]
      },
     "validationLevel":{
	  "type":"string"
      },
     "data": {
       "type":"array",
       "items":{
         "$ref":"bioSamples.Datum.json#"
       },
       "minItems":1
     }
  },
  "additionalProperties":false,
  "required":["fileName","name","schemaVersion","templateType","data"]
}