{
  "$schema":"http://json-schema.org/draft-04/schema",
  "title":"controlSamples.json template schema",
  "description":"The control sample template defines and annotates the control samples included in MBAA assays. Control samples are not assumed to be of biologic origin. This template requires that the control sample be always new, while the experiment can be new or pre-defined. The control sample is the key to the templates and must be unique within the template.",
  "type":"object",
  "properties":{
    "controlSampleId":{
    "type":"string","maxLength":100
    },
    "source":{
    "type":"string","maxLength":100
    },
    "catalogId":{
    "type":"string","maxLength":100
    },
    "dilutionFactor":{
    "type":"string","maxLength":100
    },
    "assayId":{
    "type":"string","maxLength":100
    },
    "assayGroupId":{
    "type":"string","maxLength":100
    },
    "immportTemplate":{
    "type":"string","enum":["No","Yes"]
    },
    "resultFileName":{
    "type":"string","maxLength":240
    },
    "lotNumber":{
    "type":"string","maxLength":100
    },
    "additionalResultFileNames":{
    "type":"array","items":{"type":"string","maxLength":240}
    },
    "experimentId":{
    "type":"string","maxLength":100
    },
    "studyId":{
    "type":"string"
    },
    "protocolIds":{
    "type":"array","items":{"type":"string"}
    },
    "name":{
    "type":"string","maxLength":500
    },
    "description":{
    "type":"string","maxLength":4000
    },
    "measurementTechnique":{
    "type":"string","enum":["16S rRNA gene sequencing","1D Gel","2D Gel","Array","B cell receptor repertoire sequencing assay","Cell Culture","Cell Mediated Immunoassay","Chemiluminescent Assay","Circular Dichroism","CyTOF","Cytometric Bead Array Assay","DNA methylation profiling assay","DNA microarray","ELISA","ELISPOT","EMSA","Exome Sequencing","Flow Cytometry","Fluorescent Antibody Procedure","GC_MS","Hemagglutination Inhibition","HLA Typing","HPLC","IgH Sequencing","Immune Repertoire Deep Sequencing","Immunoblot","Immunohistochemistry","Immunoprecipitation","in situ Hybridization","Iontrap_MS","KIR Typing","Lateral Flow Assay","LC_MS","Line Probe Assay","Liquid Chromatography","Luminex xMAP","Mass Spectrometry","Meso Scale Discovery ECL","Methylation Sequencing","microRNA profiling assay","Microscopy","Mixed Lymphocyte Reaction","Molecular Cloning","MS_MS","Multiplex Bead Array Assay","Multiplex Immunoassay","Nanostring","Neutralizing Antibody Titer Assay","NMR","Northern Blot","Not Specified","O link","Other","PCR","phage display binding assay","Plaque Reduction Neutralization Assay","Protein microarray","Pseudovirus Neutralization Assay","Q-PCR","Real time polymerase chain reaction assay","RNA sequencing","Rnase Protection Assay","SARS-CoV-2 Virus Sequencing","scRNA-seq","Sequencing","SNP microarray","SOMAscan","Southern Blot","Surface Plasmon Resonance","T cell receptor repertoire sequencing assay","TCID50","Transcription profiling assay","Transcription profiling by array","Virus Neutralization","Virus Plaque Assay","Western Blot","Whole Genome Sequencing","Yeast Two Hybrid"]
    }
    },
  "required":["controlSampleId","experimentId"]
}