{
  "$schema":"http://json-schema.org/draft-04/schema",
  "title":"ELISA_Results.json template schema",
  "description": "The ELISA experiment sample template defines and annotates the assay results for a sample by linking sample, experiment, and results together. More than one analyte's results per assayed sample may be reported by copying the group of columns 'Analyte', 'Calculated Concentration Value', and 'Calculated Concentration Unit' needed to describe each assay result.",
  "type":"object",
  "properties":{
      "fileName":{
	  "type":"string",
	  "enum":["ELISA_Results.json"]
      },
     "name":{
	  "type":"string",
	  "enum":["elisa_results"]
      },
     "schemaVersion":{
	  "type":"string",
	  "enum":["3.36"]
      },
     "templateType":{
	  "type":"string",
	  "enum":["multiple"]
      },
     "validationLevel":{
	  "type":"string"
      },
     "data": {
       "type":"array",
       "items":{
         "$ref":"ELISA_Results.Datum.json#"
       },
       "minItems":1
     }
  },
  "additionalProperties":false,
  "required":["fileName","name","schemaVersion","templateType","data"]
}