{
  "$schema":"http://json-schema.org/draft-04/schema",
  "title":"experimentSamples.Genotyping_Array.json template schema",
  "description":"The genotyping experiment sample template defines and annotates the assay results for a sample by linking sample, experiment, and results together.  The experiment samples template allows you to describe to ImmPort new experiments and biological samples or link experiments and biological samples stored in ImmPort with assay results. There is considerable flexibility in linking ImmPort content with new content in the templates and there are some general guidelines to remember. All of the experiment sample IDs in the template must always be unique in the template and must not already be stored in ImmPort. The biological sample and the experiment in the template may be new or they both may be new. If the biological sample or the experiment are new, then you must complete the required columns to describe them. The column header names in the templates indicate to what is being described and the '.xls' spreadsheet versions use color codes to indicate what is being described.",
  "type":"object",
  "properties":{
    "studyId":{
    "type":"string"
    },
    "expsampleId":{
    "type":"string","maxLength":100
    },
    "reagentIds":{
    "type":"array","items":{"type":"string"}
    },
    "treatmentIds":{
    "type":"array","items":{"type":"string"}
    },
    "expsampleName":{
    "type":"string","maxLength":200
    },
    "expsampleDescription":{
    "type":"string","maxLength":4000
    },
    "additionalResultFileNames":{
    "type":"array","items":{"type":"string","maxLength":240}
    },
    "repositoryName":{
    "type":"string","enum":["ArrayExpress","Broad Single Cell Portal","dbGAP","ENA","Ensembl","FlowRepository","GenBank","GEO","GISAID","IEDB","ImmPort","MassIVE","MetaboLights","Metabolomics Workbench","MG-RAST","MGnify","NCBI Gene","PRIDE","SRA","UniProt"]
    },
    "repositoryAccession":{
    "type":"string","maxLength":20
    },
    "biosampleId":{
    "type":"string","maxLength":100
    },
    "subjectId":{
    "type":"string"
    },
    "plannedVisitId":{
    "type":"string"
    },
    "type":{
    "type":"string","enum":["Amniotic Fluid","Appendix","B cell","Basophils","Bone","Bone Marrow","Brachial lymph node","brain","Breast Milk","Bronchoalveolar Lavage Fluid","Carbohydrate","Cell culture supernatant","cell line","Cerebrospinal Fluid","Cervical lymph nodes","Colon","Colonic Lamina Propria","Convalescent Plasma","Cord blood","Decidua","Dendritic cell","Dermis","DNA","Dried Blood Spot","Endotracheal aspirate","Epithelium","Feces","Fibroblast","Gastric lamina propria","Ileum","Inguinal lymph node","Jejunum","Kidney","Leukocytes","Lipid","Liver","Lung","Lung lymph node","Lymph node","Lymphocyte","Macrophage","Mesenteric lymph node","Monocyte","Mouse Ear","Multiple Epithelial Tissues Sample","Multiple Immune Cells Blood Sample","Multiple Immune Cells Tissue Sample","Nasal lavage fluid","Nasal Swab","Nasal Swab or Nose Specimen","Nasopharyngeal Swab Specimen","Negative Control","Neutrophil","NK cell","Non-B-cell Non T-cell Sorted Blood Sample","Not Specified","Optic Nerve","Organoids","Oropharyngeal Swab Specimen","Osteoblasts","Other","Pancreas","Pancreatic Stellate Cells","PBL","PBMC","Placenta","Plasma","Pooled Sample","Popliteal lymph node","Positive Control","Protein","Rectal Swab Specimen","Red Blood Cell","Saliva","Salivary Glands","Serum","Skin of body","Small intestine","Sorted Tissue Sample","Spleen","Sputum","Stomach","Synovial fluid","Synovial tissue","T cell","Thymus","Tonsil","Trachea","Tumor Tissue","Umbilical cord blood","Unsorted Tissue Sample","Urinary bladder","Urine","Vagina","Whole blood"]
    },
    "subtype":{
    "type":"string","maxLength":50
    },
    "biosampleName":{
    "type":"string","maxLength":200
    },
    "biosampleDescription":{
    "type":"string","maxLength":4000
    },
    "studyTimeCollected":{
    "type":"number"
    },
    "studyTimeCollectedUnit":{
    "type":"string","enum":["d.p.c.","Days","Hours","Minutes","Months","Not Specified","Seconds","Weeks","Years"]
    },
    "studyTimeT0Event":{
    "type":"string","enum":["Not Specified","Other","Time of enrollment","Time of hospital admission","Time of infection","Time of initial treatment","Time of initial vaccine administration","Time of transplantation"]
    },
    "studyTimeT0EventSpecify":{
    "type":"string","maxLength":50
    },
    "experimentId":{
    "type":"string","maxLength":100
    },
    "protocolIds":{
    "type":"array","items":{"type":"string"}
    },
    "experimentName":{
    "type":"string","maxLength":500
    },
    "experimentDescription":{
    "type":"string","maxLength":4000
    },
    "measurementTechnique":{
    "type":"string","enum":["16S rRNA gene sequencing","1D Gel","2D Gel","Array","B cell receptor repertoire sequencing assay","Cell Culture","Cell Mediated Immunoassay","Chemiluminescent Assay","Circular Dichroism","CyTOF","Cytometric Bead Array Assay","DNA methylation profiling assay","DNA microarray","ELISA","ELISPOT","EMSA","Exome Sequencing","Flow Cytometry","Fluorescent Antibody Procedure","GC_MS","Hemagglutination Inhibition","HLA Typing","HPLC","IgH Sequencing","Immune Repertoire Deep Sequencing","Immunoblot","Immunohistochemistry","Immunoprecipitation","in situ Hybridization","Iontrap_MS","KIR Typing","Lateral Flow Assay","LC_MS","Line Probe Assay","Liquid Chromatography","Luminex xMAP","Mass Spectrometry","Meso Scale Discovery ECL","Methylation Sequencing","microRNA profiling assay","Microscopy","Mixed Lymphocyte Reaction","Molecular Cloning","MS_MS","Multiplex Bead Array Assay","Multiplex Immunoassay","Nanostring","Neutralizing Antibody Titer Assay","NMR","Northern Blot","Not Specified","O link","Other","PCR","phage display binding assay","Plaque Reduction Neutralization Assay","Protein microarray","Pseudovirus Neutralization Assay","Q-PCR","Real time polymerase chain reaction assay","RNA sequencing","Rnase Protection Assay","SARS-CoV-2 Virus Sequencing","scRNA-seq","Sequencing","SNP microarray","SOMAscan","Southern Blot","Surface Plasmon Resonance","T cell receptor repertoire sequencing assay","TCID50","Transcription profiling assay","Transcription profiling by array","Virus Neutralization","Virus Plaque Assay","Western Blot","Whole Genome Sequencing","Yeast Two Hybrid"]
    }
    },
  "required":["expsampleId","biosampleId","experimentId"]
}