{
  "$schema":"http://json-schema.org/draft-04/schema",
  "title":"subjectAnimals.json template schema",
  "description":"The subject animal template defines and annotates key elements of study subjects including demographics and links subjects to an arm within a study. In mouse studies, data providers may choose to define a single subject to represent a set of inbred mice treated the same way rather than describe each mouse (i.e. a cage of mice treated the same way). This approach is driven by how the assay results are recorded: if assay results are available for individual animals, then each animal should be defined to ImmPort.",
  "type":"object",
  "properties":{
    "subjectId":{
    "type":"string","maxLength":100
    },
    "gender":{
    "type":"string","enum":["Female","Intersex","Male","Not Specified","Other","Prefer Not to Answer","Transgender","Unknown"]
    },
    "minSubjectAge":{
    "type":"number"
    },
    "maxSubjectAge":{
    "type":"number"
    },
    "ageUnit":{
    "type":"string","enum":["d.p.c.","Days","Hours","Minutes","Months","Not Specified","Seconds","Weeks","Years"]
    },
    "ageEvent":{
    "type":"string","enum":["Age at enrollment","Age at infection","Age at initial treatment","Age at initial vaccine administration","Age at Study Day 0","Not Specified","Other","Postmenstrual age"]
    },
    "ageEventSpecify":{
    "type":"string","maxLength":50
    },
    "subjectPhenotype":{
    "type":"string","maxLength":200
    },
    "subjectLocation":{
    "type":"string","enum":["Afghanistan","Albania","Algeria","American Samoa","Andorra","Angola","Antigua and Barbuda","Argentina","Armenia","Australia","Austria","Azerbaijan","Bahamas","Bahrain","Bangladesh","Barbados","Belarus","Belgium","Belize","Benin","Bermuda","Bhutan","Bolivia","Borneo","Bosnia and Herzegovina","Botswana","Brazil","Brunei Darussalam","Bulgaria","Burkina Faso","Burundi","Cambodia","Cameroon","Canada","Cape Verde","Central African Republic","Chad","Chile","China","Colombia","Comoros","Cook Islands","Costa Rica","Croatia","Cuba","Curacao","Czech Republic","Democratic Republic of the Congo","Denmark","Djibouti","Dominica","Dominican Republic","Ecuador","Egypt","El Salvador","England","Equatorial Guinea","Eritrea","Estonia","Ethiopia","Fiji","Finland","Gabon","Gambia","Georgia","Germany","Ghana","Greece","Greenland","Grenada","Guam","Guatemala","Guinea","Guinea-Bissau","Guyana","Haiti","Honduras","Hungary","Iceland","India","Indonesia","Iran","Iraq","Israel","Italy","Ivory Coast","Jamaica","Japan","Java","Jordan","Kazakhstan","Kenya","Kiribati","Kosovo","Kurdistan","Kuwait","Kyrgyzstan","Laos","Latvia","Lebanon","Lesotho","Liberia","Libya","Liechtenstein","Lithuania","Luxembourg","Macedonia","Malawi","Malaysia","Mali","Mauritania","Metropolitan Denmark","Metropolitan France","Metropolitan Norway","Metropolitan Portugal","Metropolitan Spain","Mexico","Moldova","Monaco","Mongolia","Montenegro","Montserrat","Morocco","Mozambique","Myanmar","Namibia","Nauru","Nepal","Netherlands","New Zealand","Nicaragua","Niger","Nigeria","Niue Fekai","North America","North Korea","Northern Ireland","Northern Mariana Islands","Norway","Oman","Other","Pakistan","Palau","Palestinian Territories","Panama","Papua New Guinea","Paraguay","Peru","Philippines","Poland","Puerto Rico","Qatar","Republic of Congo","Republic of Ireland","Romania","Russia","Rwanda","Saint Kitts-Nevis","Saint Lucia","Saint Vincent and the Grenadines","Samoa","San Marino","Sao Tome and Principe","Saudi Arabia","Scotland","Senegal","Serbia","Sierra Leone","Singapore","Slovak Republic","Slovenia","Solomon Islands","Somalia","South Africa","South Korea","South Sudan","Sri Lanka","Sudan","Sumatra","Suriname","Swaziland","Sweden","Switzerland","Syria","Tahiti","Tajikistan","Tanzania","Tawain","Thailand","Timor-Leste","Togo","Tonga","Trinidad and Tobago","Tunisia","Turkey","Turkmenistan","Tuvalu","U.S. Virgin Islands","Uganda","Ukraine","United Arab Emirates","United States of America","Uruguay","US: Alabama","US: Alaska","US: Arizona","US: Arkansas","US: California","US: Colorado","US: Connecticut","US: Delaware","US: District of Columbia","US: Florida","US: Georgia","US: Hawaii","US: Idaho","US: Illinois","US: Indiana","US: Iowa","US: Kansas","US: Kentucky","US: Louisiana","US: Maine","US: Maryland","US: Massachusetts","US: Michigan","US: Midwest","US: Minnesota","US: Mississippi","US: Missouri","US: Montana","US: Nebraska","US: Nevada","US: New Hampshire","US: New Jersey","US: New Mexico","US: New York","US: North Carolina","US: North Dakota","US: Northeast","US: Ohio","US: Oklahoma","US: Oregon","US: Pennsylvania","US: Rhode Island","US: South","US: South Carolina","US: South Dakota","US: Tennessee","US: Texas","US: Utah","US: Vermont","US: Virginia","US: Washington","US: West","US: West Virginia","US: Wisconsin","US: Wyoming","Uzbekistan","Vanuatu","Vatican City","Venezuela","Vietnam","Wales","Western Sahara","Yemen","Yugoslavia (formerly)","Zambia","Zimbabwe"]
    },
    "species":{
    "type":"string","enum":["Anas platyrhynchos","Aotus nancymaae","Canis lupus familiaris","Chlorocebus sabaeus","Drosophila melanogaster","Gallus gallus","Homo sapiens","Macaca fascicularis","Macaca mulatta","Mesocricetus auratus","Mus musculus","Mus musculus castaneus","Mus spretus","Mustela putorius furo","Not Specified","Other","Pan troglodytes","Rattus norvegicus","Rattus rattus","Sigmodon hispidus","Sus scrofa domesticus"]
    },
    "strain":{
    "type":"string","maxLength":50
    },
    "strainCharacteristics":{
    "type":"string","maxLength":500
    },
    "armOrCohortId":{
    "type":"string","maxLength":100
    }
    },
  "required":["subjectId","armOrCohortId"]
}