{
  "$schema":"http://json-schema.org/draft-04/schema",
  "title":"experimentSamples.HAI.json template schema",
  "description":"The HAI experiment sample template defines and annotates the assay results for a sample by linking sample, experiment, and results together. More than one analyte's results per assayed sample may be reported by copying the group of columns 'Virus Strain'and 'Titration Dilution Value' needed to describe each assay result.  The experiment samples template allows you to describe to ImmPort new experiments and biological samples or link experiments and biological samples stored in ImmPort with assay results. There is considerable flexibility in linking ImmPort content with new content in the templates and there are some general guidelines to remember. All of the experiment sample IDs in the template must always be unique in the template and must not already be stored in ImmPort. The biological sample and the experiment in the template may be new or they both may be new. If the biological sample or the experiment is new, then you must complete the required columns to describe them. When defining a new experiment or biological sample, it is only necessary to complete the required descriptive columns once per experiment or biological sample. The column header names in the templates indicate to what is being described and the '.xls' spreadsheet versions use color codes to indicate what is being described.",
  "type":"object",
  "properties":{
    "virusStrainReported":{
    "type":"string","enum":["A/Anhui/1/2005","A/Brisbane/02/2018","A/Brisbane/10/2007","A/Brisbane/59/2007","A/California/04/2009","A/California/07/2004","A/California/7/2009","A/Egypt/306","A/Hong Kong/4801/2014","A/Indonesia/5/2005","A/Kansas/14/2017","A/Michigan/45/2015","A/New Caledonia/20/1999","A/Perth/16/2009","A/Perth/19/2009","A/Puerto Rico/8/1934","A/Solomon Islands/3/2006","A/South Dakota/06/2007","A/Switzerland/9715293/2013","A/Texas/50/2012","A/Turkey/15/2006","A/Uruguay/716/2007","A/Victoria/3/1975","A/Victoria/361/2011","A/Vietnam/1196/2004","A/Wisconsin/67/2005","A/X-31","B/Brisbane/03/2007","B/Brisbane/3/2007","B/Brisbane/60/2008","B/Colorado/06/2017","B/Florida/04/2006","B/Florida/4/2006","B/Lee/1940","B/Malaysia/2506/2004","B/Massachusetts/02/2012","B/Massachusetts/2/2012","B/Phuket/3073/2013","B/Shanghai/361/2002","B/Wisconsin/01/2010","B/Wisonsin/01/2010","SARS-CoV-2","SARS-COV-2 WUHAN-HU-1 in pseudovirus","Yellow fever virus 17D"]
    },
    "valueReported":{
    "type":"number"
    },
    "unitReported":{
    "type":"string","enum":["Antibody titer","Not Specified","titer"]
    },
    "comments":{
    "type":"string","maxLength":500
    }
    },
  "required":["virusStrainReported","valueReported","unitReported"]
}