{
  "$schema":"http://json-schema.org/draft-04/schema",
  "title":"labTests.json template schema",
  "description":"The lab tests template defines and annotates the lab test panels, the lab tests and results. This template combines the functions of the legacy lab test panels and lab test results templates into a single template.   The biological sample and the lab test panel can be either new or pre-defined in this template. Any combination is acceptable. The only restriction is that the biological sample is the key to template and must be unique within the template.",
  "type":"object",
  "properties":{
    "userDefinedId":{
    "type":"string","maxLength":100
    },
    "nameReported":{
    "type":"string","enum":["25-Hydroxyvitamin D Measurement","A/G RATIO","Acanthocytes","Acanthocytes/Erythrocytes","Activated Partial Thromboplastin Time","Alanine Aminotransferase","Albumin","Albumin/Creatinine","Alkaline Phosphatase","Amylase","Anion Gap","Anisocytes","Anti-DNA Antibodies","Anti-Double Stranded DNA","Anti-Ribonucleoprotein Antibody","Anti-Saccharomyces cerevisiae Antibody","Anti-Smith Antibody","Anti-SS-A antibody","Anti-SS-B antibody","Anticardiolipin IgG Antibody","Anticardiolipin IgM Antibody","Antiglobulin Test, Direct","Antimitochondrial Antibodies","Antinuclear Antibodies","Apolipoprotein A1","Apolipoprotein B","Aspartate Aminotransferase","Aspartate Aminotransferase Antigen","Auer Rods","Bacteria Count","Band","Basophil % of WBC","Basophils","Basophils/Leukocytes","BC_GLUC (GLUC)","Beta-2 Glycoprotein Antibody","Bicarbonate","Bilirubin","Bite Cells","Bite Cells/Erythrocytes","Blasts","Blasts/Leukocytes","blood alanine aminotransferase activity level","blood alkaline phosphatase activity level","blood aspartate aminotransferase activity level","blood calcium level","blood carbon dioxide level","blood chloride level","blood creatine kinase activity level","blood creatinine measurement","blood eosinophil count","blood fibrinogen level","blood high density lipoprotein cholesterol level","blood lactate dehydrogenase activity level","blood low density lipoprotein cholesterol level","blood magnesium level","blood phosphate level","blood potassium level","blood sodium level","blood triglyceride level","Blood Urea Nitrogen","blood urea nitrogen level","BUN","Burr Cells","C Reactive Protein","C-peptide","Cabot Rings","Calcium","calculated urine creatinine level","Cancer Antigen 125","Cancer Antigen 19-9","Carbon Dioxide","Carcinoembryonic Antigen","CD19","CD19/Lymphocytes","CD20 Expressing Cell Measurement","CD3","CD3 Positive","CD3/Lymphocytes","CD4","CD4 Positive","CD4/CD8","CD4/Lymphocytes","CD40","CD40 Ligand","CD8","CD8 Positive","CD8/Lymphocytes","Chloride","Cholesterol","Cholesterol/HDL-Cholesterol","Complement Bb","Complement C1q Antibody","Complement C3","Complement C3a","Complement C3b","Complement C4","Complement C4a","Complement C5a","Complement Total","Creatine Kinase","Creatinine","Creatinine clearance","Crenated Cells","Cytomegalovirus Viral Load Measurement","Dacryocytes","Differential Segment (percent)","Dohle Bodies","Elliptocytes","Eosinophil","Eosinophil % of WBC","Eosinophil Metamyelocytes","Eosinophil Myelocytes","Eosinophils","Eosinophils/Leukocytes","Epithelial cells","Erythrocyte Sedimentation Rate","Erythrocytes","Erythrocytes Distribution Width","Estimated GFR by Cockcroft-Gault","Estimated GFR by MDRD","Gamma Glutamyl Transpeptidase","Giant Platelets","Globulin","Glomerular Filtration Rate","GLUC (GLUC)","Glucose","Glutamic Acid Decarboxylase 2 Antibody","Glutamic Acid Decarboxylase Antibody","Glycosylated Hemoglobin","Hairy Cells","Hairy Cells/Lymphocytes","HDL Cholesterol","Heinz Bodies","Helmet Cells","Hematocrit","Hemoglobin","Hepatitis A Virus Surface Antibody","Hepatitis B Virus Core Antibody","Hepatitis B Virus Surface Antibody","Hepatitis B Virus Surface Antigen","Hepatitis C Virus Antibody","Hepatitis C Virus Surface Antibody","Heterophile Antibodies","HIV-1 Antibody","HIV-1/2 Antibody","HIV-2 Antibody","Howell-Jolly Bodies","Hypersegmented Cells","Hypochromia","IgG1","IgG2","Immunoglobulin A","Immunoglobulin D","Immunoglobulin E","Immunoglobulin G","Immunoglobulin M","Indirect Antiglobulin Test","Insulin Autoantibody","Interferon Alpha","Interferon Beta","Interferon Gamma","Interleukin 1","Interleukin 10","Interleukin 11","Interleukin 12","Interleukin 13","Interleukin 14","Interleukin 15","Interleukin 16","Interleukin 17","Interleukin 18","Interleukin 19","Interleukin 2","Interleukin 20","Interleukin 21","Interleukin 22","Interleukin 23","Interleukin 24","Interleukin 25","Interleukin 26","Interleukin 27","Interleukin 28","Interleukin 29","Interleukin 3","Interleukin 30","Interleukin 31","Interleukin 32","Interleukin 33","Interleukin 4","Interleukin 5","Interleukin 6","Interleukin 7","Interleukin 8","Interleukin 9","Islet Cell 512 Antibody","Islet Cell 512 Antigen","Islet Neogenesis Associated Protein Antibody","Ketones","Lactate Dehydrogenase","Large Platelets","Large Unstained Cells","Large Unstained Cells/Leukocytes","LDL Cholesterol","Leukemic Blasts","Leukemic Blasts/Lymphocytes","Leukocyte esterase","Leukocytes","Lymphocyte","Lymphocyte % of WBC","Lymphocyte count","Lymphocytes Atypical","Lymphocytes Atypical/Leukocytes","Lymphocytes/Leukocytes","Lymphoma Cells","Lymphoma Cells/Lymphocytes","Macrocytes","Magnesium","Malignant Cells, NOS","Malignant Cells, NOS/Blood Cells","Mature Plasma Cells","Mature Plasma Cells/Lymphocytes","May-Hegglin Anomaly","Mean Corpuscular Hemoglobin","mean corpuscular hemoglobin concentration","mean corpuscular hemoglobin level","Mean Corpuscular HGB Concentration","Mean Corpuscular Volume","Mean Platelet Volume","Metamyelocytes","Metamyelocytes/Leukocytes","Microcytes","Milk protein","Milk protein CAP-Klasse","Monoblasts","Monoblasts/Leukocytes","Monocyte % of WBC","Monocytes","Monocytes/Leukocytes","Myeloblasts","Myeloblasts/Leukocytes","Myelocytes","Myelocytes/Leukocytes","Myoglobin","Neutrophil","Neutrophil % of WBC","Neutrophilic Metamyelocytes","Neutrophilic Myelocytes","Neutrophils Band Form","Neutrophils Band Form/Leukocytes","Neutrophils, Segmented","Neutrophils, Segmented/Leukocytes","Neutrophils/Leukocytes","Nitrite","Non-HDL Cholesterol, calc","Nucleated Erythrocytes","Nucleated Erythrocytes/Erythrocytes","Nucleated Erythrocytes/Leukocytes","Panel Reactive Antibody","Pappenheimer Bodies","Parathyroid Hormone, Intact","Partial thromboplastin time","Pelger Huet Anomaly","Pemphigoid Antibodies","percent change in hematocrit","pH","Phosphate","Plasmacytoid Lymphocytes","Plasmacytoid Lymphocytes/Lymphocytes","Plasminogen Activator Inhibitor-1 Antigen","Platelet","Platelet count","Platelet Distribution Width","Poikilocytes","Poikilocytes/Erythrocytes","Polychromasia","Polymorphonuclear leukocyte count","Potassium","Precursor Plasma Cells","Precursor Plasma Cells/Lymphocytes","Prolymphocytes","Prolymphocytes/Leukocytes","Prolymphocytes/Lymphocytes","Promonocytes","Promonocytes/Leukocytes","Promyelocytes","Promyelocytes/Leukocytes","Prostate Specific Antigen","Protein","Protein/Creatinine","Prothrombin time","Rapid Plasma Reagin","Reactive Lymphocytes","Reactive Lymphocytes/Lymphocytes","Reticulocytes","Reticulocytes/Erythrocytes","RF","Rheumatoid Factor","Rouleaux Formation","SARS-CoV-2 PCR test","Schistocytes","serum anti-coronavirus antibody","serum anti-cytomegalovirus (CMV) antibody level","serum anti-Epstein-Barr virus (EBV) antibody level","Sezary Cells","Sezary Cells/Lymphocytes","SGOT","SGPT","Sickle Cells","Sickle Cells/Erythrocytes","Smudge Cells","Sodium","Specific Gravity","Spherocytes","Stomatocytes","Thyroid Antibodies","Thyroid Antimicrosomal Antibodies","Thyroid Antithyroglobulin Antibodies","Thyrotropin","Thyroxine","Tissue Plasminogen Activator Antigen","TNFA","Triglyceride","Triiodothyronine","Urea Nitrogen, Serum/Plasma","Uric Acid","Urobilinogen","Vacuolated Neutrophils","White Blood Cell Count"]
    },
    "resultValueReported":{
    "type":"number"
    },
    "resultUnitReported":{
    "type":"string","enum":["AFU","AI","Antibody titer","AU/ml","BCLC Stage","Beats per Minute","Body Mass Index Finding","Boolean","Breaths per Minute","C","Capsule Dosing Unit","categorical","cells","cells/ml","cells/ul","CFU/ml","cm","Count","Cq","Ct","Day","Delta Ct","Delta Delta Ct","DK units/ml","Donor Information","Dose","F","FPKM","g/dl","g/l","Gender","gm","Grade","Gy","HAU","Hour","in","IU","iu/l","IU/ml","K","Kallikrein Inactivator Unit per Milliliter","kg","kg/m2","l","L/sec","m","MFI at 90th percentile","mg","mg/dl","mg/l","mg/ml","miu/ml","ml","mL/min","mL/min/(173/100).m2","mL/min/mmHg","mm","mmHg","MOI","Month","Multidimensional Fatigue Inventory","ng","ng/dl","ng/ml","ng/nl","ng/ul","nl","nM","Not Specified","NPX","Number of Episodes","optical density","percentage","PFU","PFUe","pg","pg/mg creatinine","pg/ml","pg/nl","pg/ul","pl","pM","Point","Pound","Ratio","RPKM","Scale","Schirmer Test Wetting","Score","stim/unstim fold change","TCID50","titer","TPM","ug","ug/dl","ug/kg","ug/l","ug/ml","ug/ul","ugEq/g","uiu/ml","ul","uM","umol/l","units/ml","Week","Year","Yes, No, or Unknown Response"]
    }
    },
  "required":["userDefinedId","nameReported","resultValueReported","resultUnitReported"]
}