{
  "$schema":"http://json-schema.org/draft-04/schema",
  "title":"assessmentpanel.json template schema",
  "description":"The assessment panel can be either new or pre-defined in this template. Any combination is acceptable. The only restriction is that the assessment panel id is the key to the template and must be unique within the template.",
  "type":"object",
  "properties":{
    "userDefinedId":{
    "type":"string","maxLength":100
    },
    "studyId":{
    "type":"string"
    },
    "nameReported":{
    "type":"string","maxLength":125
    },
    "assessmentType":{
    "type":"string","maxLength":125
    },
    "status":{
    "type":"string","maxLength":40
    },
    "crfFileNames":{
    "type":"array","items":{"type":"string","maxLength":240}
    }
    },
  "required":["userDefinedId","studyId","nameReported"]
}