{
  "$schema":"http://json-schema.org/draft-04/schema",
  "title":"Mass_Spectrometry_Proteomic_Results.json template schema",
  "description": "The Protein Mass Spectrometry experiment sample template defines and annotates the assay results for a sample by linking sample, experiment, and results together. More than one intensity results per assayed sample.",
  "type":"object",
  "properties":{
      "fileName":{
	  "type":"string",
	  "enum":["Mass_Spectrometry_Proteomic_Results.json"]
      },
     "name":{
	  "type":"string",
	  "enum":["mass_spec_proteomic_results"]
      },
     "schemaVersion":{
	  "type":"string",
	  "enum":["3.36"]
      },
     "templateType":{
	  "type":"string",
	  "enum":["multiple"]
      },
     "validationLevel":{
	  "type":"string"
      },
     "data": {
       "type":"array",
       "items":{
         "$ref":"Mass_Spectrometry_Proteomic_Results.Datum.json#"
       },
       "minItems":1
     }
  },
  "additionalProperties":false,
  "required":["fileName","name","schemaVersion","templateType","data"]
}