{
    "pubmed_id": 33276369,
    "study_identifier": "PMID33276369_study-01",
    "study_name": "Correlates of Protection Against SARS-CoV-2 in Rhesus Macaques",
    "publication_title": "Correlates of Protection Against SARS-CoV-2 in Rhesus Macaques",
    "study_objective": "To demonstrate the immunological determinants of protection and the importance of humoral immunity, cellular immunity and innate immunity in protecting against SARS-CoV-2 in Rhesus macaques.",
    "study_description": "Recent studies have reported protective efficacy of both natural immunity\u00a0and vaccine-induced immunity\u00a0against severe acute respiratory syndrome coronavirus 2 (SARS-CoV-2) challenge in rhesus macaques. However, the importance of humoral and cellular immunity for protection against SARS-CoV-2 infection remains to be determined. Here we show that adoptive transfer of purified IgG from convalescent macaques protects na\u00efve recipient rhesus macaques against SARS-CoV-2 challenge in a dose dependent fashion. Depletion of CD8+ T cells in convalescent animals partially abrogated the protective efficacy of natural immunity against SARS-CoV-2 re-challenge, suggesting the importance of cellular immunity in the context of waning or subprotective antibody titers. These data demonstrate that relatively low antibody titers are sufficient for protection against SARS-CoV-2 in rhesus macaques, and that cellular immune responses may also contribute to protection if antibody responses are suboptimal. We also show that higher antibody titers are required for therapy of SARS-CoV-2 infection in macaques. These findings have important implications for the development of SARS-CoV-2 vaccines and immune-based therapeutics.",
    "primary_institution_name": "Harvard University",
    "study_personnel": [
        {
            "personnel_id": "PMID33276369_personnel-01",
            "honorific": "",
            "last_name": "Barouch",
            "first_name": "Dan",
            "suffixes": "",
            "organization": "Harvard University",
            "orchid_id": "",
            "email": "dbarouch@bidmc.harvard.edu",
            "seronet_title_in_study": "SeroNet Principal Investigator",
            "role_in_study": "Corresponding author",
            "site_name": "Harvard University"
        }
    ],
    "study_file": [
        {
            "study_file_name": "PMID33276369_Fig.1_12-22-21.xlsx",
            "study_file_description": "Data Figure 1 TCID50 assay. Log10 sgRNA copies/ml in bronchoalveolar lavage and nasal swabs following challenge",
            "study_file_type": "Study Data"
        },
        {
            "study_file_name": "PMID33276369_Fig.2_12-22-21.xlsx",
            "study_file_description": "Data figure 2 Pseudovirus neutralization assay and ELISA. Differences in pseudovirus NAb titers, RBD ELISA titer, and S (FLED) ELISA titer between protected and not protected animals",
            "study_file_type": "Study Data"
        },
        {
            "study_file_name": "PMID33276369_Fig.3_12-22-21.xlsx",
            "study_file_description": "Data figure 3 TCID50 assay. Log10 sgRNA copies/ml in bronchoalveolar lavage and nasal swabs following challenge by intranasal and intratracheal routes with SARS-CoV-2 on day 0 and then intravenous infusion of 250 mg/kg, 25 mg/kg, or 0 mg/kg purified SARS-CoV-2 IgG on day 1",
            "study_file_type": "Study Data"
        },
        {
            "study_file_name": "PMID33276369_Fig.4_12-22-21.xlsx",
            "study_file_description": "Data figure 4 TCID50 assay. Log10 sgRNA copies/ml in bronchoalveolar lavage and nasal swabs following infection with SARS-CoV-2 and receiving 50 mg/kg anti-CD8\u03b1 mAb, anti-CD8\u03b2 mAb, or sham mAb",
            "study_file_type": "Study Data"
        },
        {
            "study_file_name": "PMID33276369_v1.2.5_reviewed.xlsm",
            "study_file_description": "Completed curation of the study into SeroNet Registry Template which includes SeroNet Study Descriptors.",
            "study_file_type": "Study Summary Description"
        },
        {
            "study_file_name": "PMID33276369_JSON.json",
            "study_file_description": "JSON format of completed curation of the study into SeroNet Registry Template which includes SeroNet Study Descriptors",
            "study_file_type": "Study Summary Description"
        }
    ],
    "study_link": [],
    "research_focus": "Immune Response",
    "study_type": "Basic Research",
    "keyword": [
        "Adoptive Transfer",
        "Animals",
        "CD8-Positive T-Lymphocytes",
        "cytology",
        "immunology",
        "COVID-19",
        "prevention & control Disease Models",
        "Immunization",
        "Passive",
        "Immunoglobulin G",
        "Macaca",
        "Regression Analysis",
        "SARS-CoV-2",
        "Viral load"
    ],
    "clinical_study_design": "Not Applicable",
    "in_silico_model_type": "",
    "protocol": {
        "protocol_id": "PMID33276369_protocol-01",
        "protocol_file_name": "PMID33276369_protocol-01.txt",
        "protocol_name": "PMID33276369_protocol-01",
        "protocol_description": "Study protocol",
        "protocol_type": "Study Protocol"
    },
    "reported_health_condition": [
        "Covid-19"
    ],
    "sars_cov_2_vaccine_type": [],
    "clinical_outcome_measure": "Not Applicable",
    "enrollment_start_date": "",
    "enrollment_end_date": "",
    "number_of_study_subjects": "",
    "age_unit": "Years",
    "minimum_age": "",
    "maximum_age": "",
    "study_human_cohort": [],
    "study_model_cohort": [
        {
            "arm_id": "PMID33276369_aoc-01",
            "arm_name": "Prophylactic adoptive transfer study group",
            "study_population_description": "Rhesus macaques intravenous infused with 250 mg/kg, 25 mg/kg, 2.5 mg/kg purified SARS-CoV-2 IgG or sham IgG (n=12)",
            "arm_type": "Experimental Arm",
            "genus_and_species": [
                "Macaca mulatta"
            ],
            "biosample_type": [
                "Animal"
            ],
            "strain_characteristics": [],
            "sex_at_birth": [
                "Other"
            ],
            "age_event": "Age at enrollment",
            "subject_phenotype": "",
            "study_location": [
                "US: Massachusetts"
            ],
            "sars_cov_2_history": [],
            "sars_cov_2_vaccine_type": [],
            "covid_19_disease_severity": [],
            "post_covid_19_symptons": [],
            "covid_19_complications": []
        },
        {
            "arm_id": "PMID33276369_aoc-02",
            "arm_name": "Therapeutic adoptive transfer study  group",
            "study_population_description": "Rhesus macaques challenged with 1.0\u00d7105 TCID50 SARS-CoV-2 on day 0, next IV infusion of 250 mg/kg, 25 mg/kg, or 0 mg/kg purified SARS-CoV-2 IgG on day 1 (n=6)",
            "arm_type": "Experimental Arm",
            "genus_and_species": [
                "Macaca mulatta"
            ],
            "biosample_type": [
                "Animal"
            ],
            "strain_characteristics": [],
            "sex_at_birth": [
                "Other"
            ],
            "age_event": "Age at enrollment",
            "subject_phenotype": "",
            "study_location": [
                "US: Massachusetts"
            ],
            "sars_cov_2_history": [],
            "sars_cov_2_vaccine_type": [],
            "covid_19_disease_severity": [],
            "post_covid_19_symptons": [],
            "covid_19_complications": []
        },
        {
            "arm_id": "PMID33276369_aoc-03",
            "arm_name": "CD8 depletion study group",
            "study_population_description": "Rhesus macaques were infected with 1.0\u00d7105 TCID50 SARS-CoV-2, next IV infusion of 50 mg/kg of the anti-CD8\u03b1 CDR-grafted rhesus IgG1 antibody MT807R1, or anti-CD8\u03b2 rhesus IgG1 antibody CD8b255R1, or a sham antibody (n=13)",
            "arm_type": "Experimental Arm",
            "genus_and_species": [
                "Macaca mulatta"
            ],
            "biosample_type": [
                "Animal"
            ],
            "strain_characteristics": [],
            "sex_at_birth": [
                "Other"
            ],
            "age_event": "Age at enrollment",
            "subject_phenotype": "",
            "study_location": [
                "US: Massachusetts"
            ],
            "sars_cov_2_history": [],
            "sars_cov_2_vaccine_type": [],
            "covid_19_disease_severity": [],
            "post_covid_19_symptons": [],
            "covid_19_complications": []
        }
    ],
    "planned_visit": [
        {
            "visit_id": "PMID33276369_pv-01",
            "visit_name": "Bronchoalveolar lavage 7 to 10 days after challenge with virus",
            "visit_order_number": 1,
            "visit_min_start_day": 3,
            "visit_max_start_day": 10,
            "visit_start_rule": ""
        },
        {
            "visit_id": "PMID33276369_pv-02",
            "visit_name": "Nasal swabs 10 to 14 days after challenge with virus",
            "visit_order_number": 2,
            "visit_min_start_day": 10,
            "visit_max_start_day": 14,
            "visit_start_rule": ""
        }
    ],
    "experiment": [
        {
            "arm_id": [
                "PMID33276369_aoc-01"
            ],
            "associated_first_planned_visit_id": [
                "PMID33276369_pv-01 | PMID33276369_pv-02"
            ],
            "assay_type": "ELISA",
            "experiment_name": "ELISA",
            "experiment_results_file_name": "na",
            "biospecimen_type": [
                "Plasma"
            ],
            "biospecimen_collection_point": [
                "Other"
            ],
            "sars_cov_2_antigen": [
                "Receptor Binding Domain (RBD)",
                "Full Length Spike Trimer"
            ],
            "assay_use": "",
            "manufacture": "",
            "catalog_number": "",
            "virus_target": [
                "SARS-CoV-2"
            ],
            "antibody_isotype": [
                "IgG"
            ],
            "reporting_units": "",
            "assay_reporting_format": "Quantitative"
        },
        {
            "arm_id": [
                "PMID33276369_aoc-01"
            ],
            "associated_first_planned_visit_id": [
                "PMID33276369_pv-01 | PMID33276369_pv-02"
            ],
            "assay_type": "PCR",
            "experiment_name": "PCR",
            "experiment_results_file_name": "na",
            "biospecimen_type": [
                "Bronchoalveolar lavage",
                "Nasal Swab"
            ],
            "biospecimen_collection_point": [
                "Other"
            ],
            "sars_cov_2_antigen": [
                "n/a"
            ],
            "assay_use": "",
            "manufacture": "",
            "catalog_number": "",
            "virus_target": [],
            "antibody_isotype": [
                "Other"
            ],
            "reporting_units": "",
            "assay_reporting_format": ""
        },
        {
            "arm_id": [
                "PMID33276369_aoc-01"
            ],
            "associated_first_planned_visit_id": [
                "PMID33276369_pv-01 | PMID33276369_pv-02"
            ],
            "assay_type": "Pseudovirus Neutralization Assay",
            "experiment_name": "Pseudovirus Neutralization Assay",
            "experiment_results_file_name": "na",
            "biospecimen_type": [
                "Bronchoalveolar lavage",
                "Nasal Swab"
            ],
            "biospecimen_collection_point": [
                "Other"
            ],
            "sars_cov_2_antigen": [
                "n/a"
            ],
            "assay_use": "",
            "manufacture": "",
            "catalog_number": "",
            "virus_target": [],
            "antibody_isotype": [
                "Other"
            ],
            "reporting_units": "",
            "assay_reporting_format": ""
        }
    ],
    "geriatric_subjects": "Not Specified",
    "pediatric_subjects": "Not Specified",
    "pregnant_subjects": "Not Specified",
    "sars_cov_2_antibodies_measured": "Yes",
    "survey_instrument_shared": "Not Specified",
    "who_disease_severity_scale_used": "Not Specified",
    "inclusion_exclusion": [
        {
            "inclusion_exculusion_id": "PMID33276369_ie_01",
            "inclusion_criterion": "SARS-CoV-2 Antibodies Measured",
            "inclusion_criterion_category": "inclusion"
        }
    ],
    "status_note": "Data at individual level available.",
    "suggestions": [
        "abrogated",
        "acute",
        "adoptive",
        "adoptive transfer",
        "also",
        "animals",
        "antibodies",
        "antibody",
        "applicable",
        "basic",
        "cd8+",
        "cd8-positive t-lymphocytes",
        "cells",
        "cellular",
        "challenge",
        "context",
        "contribute",
        "convalescent",
        "coronavirus",
        "correlates",
        "covid-19",
        "cytology",
        "data",
        "demonstrate",
        "dependent",
        "depletion",
        "determinants",
        "determined",
        "development",
        "dose",
        "efficacy",
        "fashion",
        "findings",
        "harvard",
        "higher",
        "however",
        "humoral",
        "igg",
        "immune",
        "immune-based",
        "immunity",
        "immunization",
        "immunoglobulin g",
        "immunological",
        "immunology",
        "implications",
        "importance",
        "important",
        "infection",
        "innate",
        "low",
        "macaca",
        "macaques",
        "may",
        "measured",
        "natural",
        "na\u00efve",
        "partially",
        "passive",
        "prevention & control disease models",
        "protecting",
        "protection",
        "protective",
        "protects",
        "purified",
        "re-challenge",
        "recent",
        "recipient",
        "regression analysis",
        "relatively",
        "remains",
        "reported",
        "required",
        "research",
        "respiratory",
        "response",
        "responses",
        "rhesus",
        "sars-cov-2",
        "severe",
        "show",
        "studies",
        "suboptimal",
        "subprotective",
        "sufficient",
        "suggesting",
        "syndrome",
        "therapeutics",
        "therapy",
        "titers",
        "transfer",
        "university",
        "vaccine-induced",
        "vaccines",
        "viral load",
        "waning"
    ]
}