{
    "pubmed_id": 34835131,
    "study_identifier": "PMID34835131_study-01",
    "study_name": "Cross-Reactive Antibodies to SARS-CoV-2 and MERS-CoV in Pre-COVID-19 Blood Samples from Sierra Leoneans",
    "publication_title": "Cross-Reactive Antibodies to SARS-CoV-2 and MERS-CoV in Pre-COVID-19 Blood Samples from Sierra Leoneans",
    "study_objective": "To characterize serological responses to coronaviruses in Pre-COVID-19 Blood Samples from Sierra Leoneans",
    "study_description": "Many countries in sub-Saharan Africa have experienced lower COVID-19 caseloads and fewer deaths than countries in other regions worldwide. Under-reporting of cases and a younger population could partly account for these differences, but pre-existing immunity to coronaviruses is another potential factor. Blood samples from Sierra Leonean Lassa fever and Ebola survivors and their contacts collected before the first reported COVID-19 cases were assessed using enzyme-linked immunosorbent assays for the presence of antibodies binding to proteins of coronaviruses that infect humans. Results were compared to COVID-19 subjects and healthy blood donors from the United States. Prior to the pandemic, Sierra Leoneans had more frequent exposures than Americans to coronaviruses with epitopes that cross-react with severe acute respiratory syndrome coronavirus-2 (SARS-CoV-2), SARS-CoV, and Middle Eastern respiratory syndrome coronavirus (MERS-CoV). The percentage of Sierra Leoneans with antibodies reacting to seasonal coronaviruses was also higher than for American blood donors. Serological responses to coronaviruses by Sierra Leoneans did not differ by age or sex. Approximately a quarter of Sierra Leonian pre-pandemic blood samples had neutralizing antibodies against SARS-CoV-2 pseudovirus, while about a third neutralized MERS-CoV pseudovirus. Prior exposures to coronaviruses that induce cross-protective immunity may contribute to reduced COVID-19 cases and deaths in Sierra Leone.",
    "primary_institution_name": "Tulane University School of Medicine",
    "study_personnel": [
        {
            "personnel_id": "PMID34835131_personnel-01",
            "honorific": "",
            "last_name": "Robinson",
            "first_name": "James",
            "suffixes": "",
            "organization": "Tulane",
            "orchid_id": "",
            "email": "jrobinso@tulane.edu",
            "seronet_title_in_study": "SeroNet Principal Invesitgator",
            "role_in_study": "Investigator",
            "site_name": "Tulane School of Medicine"
        },
        {
            "personnel_id": "PMID34835131_personnel-02",
            "honorific": "",
            "last_name": "Shaffer",
            "first_name": "Jeff",
            "suffixes": "",
            "organization": "Tulane",
            "orchid_id": "",
            "email": "jshaffer@tulane.edu",
            "seronet_title_in_study": "Corresponding Author",
            "role_in_study": "Corresponding Author",
            "site_name": "Tulane School of Public Health & Tropical Medicine"
        }
    ],
    "study_file": [
        {
            "study_file_name": "PMID34835131_Serological Responses.xlsx",
            "study_file_description": "Demographics and Serological Responses to Coronavirus Antigens",
            "study_file_type": "Study Data"
        },
        {
            "study_file_name": "PMID34835131_viruses-1422563- rsupl for pub.pdf",
            "study_file_description": "Extended serology data, demographic information and Reactivity of antibodies in samples of the participants",
            "study_file_type": "Study Data"
        },
        {
            "study_file_name": "PMID34835131_JSON.json",
            "study_file_description": "JSON format of completed curation of the study into SeroNet Registry Template which includes SeroNet Study Descriptors",
            "study_file_type": "JSON Summary Description"
        },
        {
            "study_file_name": "PMID34835131_v1.2.5.xlsm",
            "study_file_description": "Completed curation of the study into SeroNet Registry Template which includes SeroNet Study Descriptors",
            "study_file_type": "Study Summary Description"
        }
    ],
    "study_link": [
        {
            "link_name": "Supplementary Materials",
            "value": "https://www.mdpi.com/article/10.3390/v13112325/s1"
        }
    ],
    "research_focus": "Immune Response",
    "study_type": "Clinical Research",
    "keyword": [
        "Age Distribution",
        "Alphacoronavirus",
        "immunology",
        "Antibodies",
        "Neutralizing",
        "blood",
        "Antigens",
        "Betacoronavirus",
        "Blood Donors",
        "COVID-19",
        "Coronavirus Nucleocapsid Proteins\nCross Protection",
        "Cross Reactions",
        "Epitopes",
        "Female",
        "Humans",
        "Male",
        "Middle East Respiratory Syndrome Coronavirus",
        "Phosphoproteins",
        "SARS-CoV-2",
        "Sierra Leone",
        "United States",
        "Viral Pseudotyping"
    ],
    "clinical_study_design": "Prospective Cohort",
    "in_silico_model_type": "",
    "protocol": {
        "protocol_id": "PMID34835131_protocol-01",
        "protocol_file_name": "PMID34835131_protocol-01.txt",
        "protocol_name": "PMID34835131_protocol-01",
        "protocol_description": "Study Protocol",
        "protocol_type": "Study Protocol"
    },
    "reported_health_condition": [
        "Covid-19",
        "MERS-CoV",
        "SARS-CoV-2"
    ],
    "sars_cov_2_vaccine_type": [
        ""
    ],
    "clinical_outcome_measure": "Serological responses to coronavirus",
    "enrollment_start_date": "",
    "enrollment_end_date": "",
    "number_of_study_subjects": 226,
    "age_unit": "Years",
    "minimum_age": "",
    "maximum_age": "",
    "study_human_cohort": [
        {
            "arm_id": "PMID34835131_human_subject-01",
            "arm_name": "Healthy United States bood donors",
            "study_population_description": "Anonymous healthy United States blood donors were obtained from BioIVT",
            "arm_type": "Healthy Control",
            "ethnicity": [
                "Not Specified"
            ],
            "race": [
                "Not Specified"
            ],
            "race_specify": [],
            "description": "",
            "sex_at_birth": [
                "Not specified"
            ],
            "age_event": "Not Specified",
            "subject_phenotype": "",
            "assessment_name": [],
            "study_location": [
                ""
            ],
            "measured_behavioral_or_pyschological_factor": [],
            "measured_social_factor": [],
            "sars_cov_2_symptoms": [],
            "assessment_clinical_and_demographic_data_provenance": [],
            "assessment_demographic_data_types_collected": [],
            "sars_cov_2_history": [
                ""
            ],
            "sars_cov_2_vaccine_type": [],
            "covid_19_disease_severity": [],
            "post_covid_19_symptoms": [],
            "covid_19_complications": []
        },
        {
            "arm_id": "PMID34835131_human_subject-02",
            "arm_name": "Confirmed COVID-19 individuals",
            "study_population_description": "Individuals with polymerase chain reaction (PCR)-confirmed COVID-19 were collected in New Orleans",
            "arm_type": "Observational",
            "ethnicity": [
                "Not Specified"
            ],
            "race": [
                "Not Specified"
            ],
            "race_specify": [],
            "description": "",
            "sex_at_birth": [
                "Not specified"
            ],
            "age_event": "Not specified",
            "subject_phenotype": "",
            "assessment_name": [],
            "study_location": [
                ""
            ],
            "measured_behavioral_or_pyschological_factor": [],
            "measured_social_factor": [],
            "sars_cov_2_symptoms": [],
            "assessment_clinical_and_demographic_data_provenance": [],
            "assessment_demographic_data_types_collected": [],
            "sars_cov_2_history": [
                ""
            ],
            "sars_cov_2_vaccine_type": [],
            "covid_19_disease_severity": [],
            "post_covid_19_symptoms": [],
            "covid_19_complications": []
        },
        {
            "arm_id": "PMID34835131_human_subject-03",
            "arm_name": "Lassa fever or Ebola survivors",
            "study_population_description": "Lassa fever or Ebola survivors and their contacts between September 2016 and April 2019. Samples were collected from Lassa fever and Ebola survivors and their contacts in Kenema, Kailahun, and Kono Districts in the Eastern Province of Sierra Leone between September 2016 and April 2019",
            "arm_type": "Observational",
            "ethnicity": [
                "Not Specified"
            ],
            "race": [
                "Not Specified"
            ],
            "race_specify": [],
            "description": "",
            "sex_at_birth": [
                "Not specified"
            ],
            "age_event": "Not specified",
            "subject_phenotype": "",
            "assessment_name": [],
            "study_location": [
                ""
            ],
            "measured_behavioral_or_pyschological_factor": [],
            "measured_social_factor": [],
            "sars_cov_2_symptoms": [],
            "assessment_clinical_and_demographic_data_provenance": [],
            "assessment_demographic_data_types_collected": [],
            "sars_cov_2_history": [
                ""
            ],
            "sars_cov_2_vaccine_type": [],
            "covid_19_disease_severity": [],
            "post_covid_19_symptoms": [],
            "covid_19_complications": []
        }
    ],
    "study_model_cohort": [],
    "planned_visit": [
        {
            "visit_id": "PMID34835131_visit-01",
            "visit_name": "Blood samples collected from individuals with confirmed COVID-19 infection",
            "visit_order_number": 1,
            "visit_min_start_day": 0,
            "visit_max_start_day": "",
            "visit_start_rule": ""
        },
        {
            "visit_id": "PMID34835131_visit-02",
            "visit_name": "Serum collected from anonymous healthy United States blood donors",
            "visit_order_number": 2,
            "visit_min_start_day": 0,
            "visit_max_start_day": "",
            "visit_start_rule": ""
        },
        {
            "visit_id": "PMID34835131_visit-03",
            "visit_name": "Plasma or serum samples collected from Lassa fever or Ebola survivors",
            "visit_order_number": 3,
            "visit_min_start_day": 0,
            "visit_max_start_day": "",
            "visit_start_rule": ""
        },
        {
            "visit_id": "PMID34835131_assessment_recorded_pv",
            "visit_name": "Visit where an assessment is recorded",
            "visit_order_number": 4,
            "visit_min_start_day": 0,
            "visit_max_start_day": "",
            "visit_start_rule": ""
        }
    ],
    "experiment": [
        {
            "arm_id": [
                "PMID34835131_human_subject-01, PMID34835131_human_subject-02, PMID34835131_human_subject-03"
            ],
            "associated_first_planned_visit_id": [
                "PMID34835131_visit-01, PMID34835131_visit-02, PMID34835131_visit-03"
            ],
            "assay_type": "PCR",
            "experiment_name": "PCR",
            "experiment_results_file_name": "PMID34835131_Serological Responses.xlsx",
            "biospecimen_type": [
                "Blood"
            ],
            "biospecimen_collection_point": [
                "Post-symptom onset"
            ],
            "sars_cov_2_antigen": [
                "n/a"
            ],
            "assay_use": "",
            "manufacture": "components from multiple manufacturers",
            "catalog_number": "",
            "virus_target": [
                "SARS-COV-2"
            ],
            "antibody_isotype": [
                "Other"
            ],
            "reporting_units": "",
            "assay_reporting_format": ""
        },
        {
            "arm_id": [
                "PMID34835131_human_subject-01, PMID34835131_human_subject-02, PMID34835131_human_subject-03"
            ],
            "associated_first_planned_visit_id": [
                "PMID34835131_visit-01, PMID34835131_visit-02, PMID34835131_visit-03"
            ],
            "assay_type": "ELISA",
            "experiment_name": "ELISA",
            "experiment_results_file_name": "PMID34835131_Serological Responses.xlsx",
            "biospecimen_type": [
                "Blood"
            ],
            "biospecimen_collection_point": [
                "Post-symptom onset"
            ],
            "sars_cov_2_antigen": [
                "Full Length Spike Trimer",
                "Nucleocapsid",
                "Receptor Binding Domain (RBD)",
                "S2"
            ],
            "assay_use": "",
            "manufacture": "components from multiple manufacturers",
            "catalog_number": "",
            "virus_target": [
                "SARS-COV-2"
            ],
            "antibody_isotype": [
                "IgG"
            ],
            "reporting_units": "",
            "assay_reporting_format": ""
        },
        {
            "arm_id": [
                "PMID34835131_human_subject-01, PMID34835131_human_subject-02, PMID34835131_human_subject-03"
            ],
            "associated_first_planned_visit_id": [
                "PMID34835131_visit-01, PMID34835131_visit-02, PMID34835131_visit-03"
            ],
            "assay_type": "Pseudovirus Neutralization Assay",
            "experiment_name": "Pseudovirus Neutralization Assay",
            "experiment_results_file_name": "PMID34835131_Serological Responses.xlsx",
            "biospecimen_type": [
                "Blood"
            ],
            "biospecimen_collection_point": [
                "Post-symptom onset"
            ],
            "sars_cov_2_antigen": [
                "Full Length Spike Trimer",
                "Nucleocapsid",
                "Receptor Binding Domain (RBD)",
                "S2"
            ],
            "assay_use": "",
            "manufacture": "components from multiple manufacturers",
            "catalog_number": "",
            "virus_target": [
                "SARS-COV-2"
            ],
            "antibody_isotype": [
                "Other"
            ],
            "reporting_units": "",
            "assay_reporting_format": ""
        }
    ],
    "geriatric_subjects": "Not Specified",
    "pediatric_subjects": "Not Specified",
    "pregnant_subjects": "Not Specified",
    "sars_cov_2_antibodies_measured": "No",
    "survey_instrument_shared": "Not Specified",
    "who_disease_severity_scale_used": "Not Specified",
    "inclusion_exclusion": [
        {
            "inclusion_exculusion_id": "PMID34835131_inexcl-01",
            "inclusion_criterion": "SARS-CoV-2 Antibodies Measured",
            "inclusion_criterion_category": "Inclusion"
        },
        {
            "inclusion_exculusion_id": "PMID34835131_inexcl-02",
            "inclusion_criterion": "Lassa fever or Ebola survivors",
            "inclusion_criterion_category": "Inclusion"
        }
    ],
    "status_note": "Data at individual level available.",
    "suggestions": [
        "",
        "account",
        "acute",
        "africa",
        "age",
        "age distribution",
        "alphacoronavirus",
        "also",
        "american",
        "americans",
        "another",
        "antibodies",
        "antigens",
        "approximately",
        "assays",
        "assessed",
        "betacoronavirus",
        "binding",
        "blood",
        "blood donors",
        "caseloads",
        "cases",
        "characterize",
        "clinical",
        "cohort",
        "collected",
        "compared",
        "contacts",
        "contribute",
        "coronavirus",
        "coronavirus nucleocapsid proteins\ncross protection",
        "coronavirus-2",
        "coronaviruses",
        "could",
        "countries",
        "covid-19",
        "cross reactions",
        "cross-protective",
        "cross-react",
        "cross-reactive",
        "deaths",
        "differ",
        "differences",
        "donors",
        "eastern",
        "ebola",
        "enzyme-linked",
        "epitopes",
        "experienced",
        "exposures",
        "factor",
        "female",
        "fever",
        "fewer",
        "first",
        "frequent",
        "healthy",
        "higher",
        "humans",
        "immune",
        "immunity",
        "immunology",
        "immunosorbent",
        "induce",
        "infect",
        "lassa",
        "leone",
        "leonean",
        "leoneans",
        "leonian",
        "lower",
        "male",
        "many",
        "may",
        "measured",
        "medicine",
        "mers-cov",
        "middle",
        "middle east respiratory syndrome coronavirus",
        "neutralized",
        "neutralizing",
        "pandemic",
        "partly",
        "percentage",
        "phosphoproteins",
        "population",
        "potential",
        "pre-covid-19",
        "pre-existing",
        "pre-pandemic",
        "presence",
        "prior",
        "prospective",
        "proteins",
        "pseudovirus",
        "quarter",
        "reacting",
        "reduced",
        "regions",
        "reported",
        "research",
        "respiratory",
        "response",
        "responses",
        "results",
        "samples",
        "sars-cov",
        "sars-cov-2",
        "school",
        "seasonal",
        "serological",
        "severe",
        "sex",
        "sierra",
        "sierra leone",
        "states",
        "sub-saharan",
        "subjects",
        "survivors",
        "syndrome",
        "third",
        "tulane",
        "under-reporting",
        "united",
        "united states",
        "university",
        "using",
        "viral pseudotyping",
        "worldwide",
        "younger"
    ]
}