{
    "pubmed_id": 35881005,
    "study_identifier": "PMID35881005_study-01",
    "study_name": "The molecular epidemiology of multiple zoonotic origins of SARS-CoV-2",
    "publication_title": "The molecular epidemiology of multiple zoonotic origins of SARS-CoV-2",
    "study_objective": "To determine the genomic sequence characteristics of the most recent common ancestor at the root of the SARS-CoV-2 phylogeny",
    "study_description": "Understanding the circumstances that lead to pandemics is important for their prevention. Here, we analyze the genomic diversity of severe acute respiratory syndrome coronavirus 2 (SARS-CoV-2) early in the coronavirus disease 2019 (COVID-19) pandemic. We show that SARS-CoV-2 genomic diversity before February 2020 likely comprised only two distinct viral lineages, denoted A and B. Phylodynamic rooting methods, coupled with epidemic simulations, reveal that these lineages were the result of at least two separate cross-species transmission events into humans. The first zoonotic transmission likely involved lineage B viruses around 18 November 2019 (23 October-8 December), while the separate introduction of lineage A likely occurred within weeks of this event. These findings indicate that it is unlikely that SARS-CoV-2 circulated widely in humans prior to November 2019 and define the narrow window between when SARS-CoV-2 first jumped into humans and when the first cases of COVID-19 were reported. As with other coronaviruses, SARS-CoV-2 emergence likely resulted from multiple zoonotic events.",
    "primary_institution_name": "University of California",
    "study_personnel": [
        {
            "personnel_id": "PMID35881005_personnel-01",
            "honorific": "",
            "last_name": "Garry",
            "first_name": "Robert",
            "suffixes": "",
            "organization": "University of California",
            "orchid_id": "",
            "email": "rfgarry@TULANE.EDU",
            "seronet_title_in_study": "Seronet investigator",
            "role_in_study": "Investigator",
            "site_name": "University of California"
        }
    ],
    "study_file": [
        {
            "study_file_name": "PMID35881005_science.abp8337_sm.pdf",
            "study_file_description": "Materials and Methods, Figures S1 to S31, Tables S1 to S15 and References 67 \u2013 110",
            "study_file_type": "Study Data"
        },
        {
            "study_file_name": "PMID35881005_science.abp8337_sm_data_s1.tsv",
            "study_file_description": "List of GISAID accession ID of near-full-length genomes and metadata",
            "study_file_type": "Study Data"
        },
        {
            "study_file_name": "PMID35881005_science.abp8337_sm_data_s2.tsv",
            "study_file_description": "List of GISAID accession ID of near-full-length genomes and metadata",
            "study_file_type": "Study Data"
        },
        {
            "study_file_name": "PMID35881005_science.abp8337_sm_data_s3.xlsx",
            "study_file_description": "Posterior probabilities of inferred ancestral haplotype at the MRCA of SARS-CoV-2",
            "study_file_type": "Study Data"
        },
        {
            "study_file_name": "PMID35881005_v1.2.5.xlsm",
            "study_file_description": "Completed curation of the study into SeroNet Registry Template which includes SeroNet Study Descriptors",
            "study_file_type": "Study Summary Description"
        },
        {
            "study_file_name": "PMID35881005_JSON.json",
            "study_file_description": "JSON format of completed curation of the study into SeroNet Registry Template which includes SeroNet Study Descriptors",
            "study_file_type": "Study Summary Description"
        }
    ],
    "study_link": [
        {
            "link_name": "NCBI SRA (PRJNA806767)",
            "value": "https://www.ncbi.nlm.nih.gov/bioproject/PRJNA806767"
        },
        {
            "link_name": "NCBI SRA (PRJNA802993)",
            "value": "https://www.ncbi.nlm.nih.gov/bioproject/PRJNA802993"
        },
        {
            "link_name": "Zenodo\u00a0",
            "value": "https://zenodo.org/record/6585475#.Yvvjd3bMIuU"
        },
        {
            "link_name": "Zenodo\u00a0",
            "value": "https://zenodo.org/record/6887187#.YvvkFHbMIuU"
        }
    ],
    "research_focus": "Molecular Biology",
    "study_type": "Basic Research",
    "keyword": [
        "Animals",
        "COVID-19-epidemiology",
        "COVID-19-transmission",
        "COVID-19-virology",
        "Computer Simulation",
        "Genetic Variation",
        "Genomics-methods",
        "Humans",
        "Molecular Epidemiology",
        "Pandemics",
        "Phylogeny",
        "SARS-CoV-2-classification",
        "SARS-CoV-2-genetics",
        "SARS-CoV-2-isolation & purification",
        "Viral Zoonoses-epidemiology",
        "Viral Zoonoses-virology"
    ],
    "clinical_study_design": "Not Applicable",
    "in_silico_model_type": "Epidemiological Model",
    "protocol": {
        "protocol_id": "PMID35881005_protocol-01",
        "protocol_file_name": "PMID35881005_protocol-01.txt",
        "protocol_name": "PMID35881005_protocol-01",
        "protocol_description": "Study Protocol",
        "protocol_type": "Study Protocol"
    },
    "reported_health_condition": [
        "Covid-19",
        "SARS-CoV-2 Wuhan/2020",
        "SARS-CoV-2"
    ],
    "sars_cov_2_vaccine_type": [
        ""
    ],
    "clinical_outcome_measure": "Not Applicable",
    "enrollment_start_date": "2020-02-14",
    "enrollment_end_date": "2020-02-14",
    "number_of_study_subjects": "",
    "age_unit": "Years",
    "minimum_age": "",
    "maximum_age": "",
    "study_human_cohort": [],
    "study_model_cohort": [
        {
            "arm_id": "PMID35881005_organism_subject-01",
            "arm_name": "High-coverage SARS-CoV-2 genomes",
            "study_population_description": "Complete high-coverage SARS-CoV-2 genomes collected from GISAID database, GenBank, and National Genomics Data Center of the China National Center for Bioinformatics (CNCB)",
            "arm_type": "No Intervention Arm",
            "genus_and_species": [
                "Not specified"
            ],
            "biosample_type": [
                "Other"
            ],
            "strain_characteristics": [],
            "sex_at_birth": [
                "Not specified"
            ],
            "age_event": "Not Specified",
            "subject_phenotype": "",
            "study_location": [
                "US: California"
            ],
            "sars_cov_2_history": [],
            "sars_cov_2_vaccine_type": [
                "n/a"
            ],
            "covid_19_disease_severity": [],
            "post_covid_19_symptons": [],
            "covid_19_complications": []
        }
    ],
    "planned_visit": [
        {
            "visit_id": "PMID35881005_pv-01",
            "visit_name": "Model Created",
            "visit_order_number": 1,
            "visit_min_start_day": 0,
            "visit_max_start_day": "",
            "visit_start_rule": ""
        }
    ],
    "experiment": [],
    "geriatric_subjects": "Not Specified",
    "pediatric_subjects": "Not Specified",
    "pregnant_subjects": "Not Specified",
    "sars_cov_2_antibodies_measured": "Not Specified",
    "survey_instrument_shared": "Not Specified",
    "who_disease_severity_scale_used": "Not Specified",
    "inclusion_exclusion": [
        {
            "inclusion_exculusion_id": "PMID35881005_inexcl-01",
            "inclusion_criterion": "zoonotic transmission",
            "inclusion_criterion_category": "Yes"
        }
    ],
    "status_note": "Data at study and cohort level.",
    "suggestions": [
        "",
        "2019",
        "2020",
        "acute",
        "analyze",
        "ancestor",
        "animals",
        "applicable",
        "around",
        "basic",
        "biology",
        "california",
        "cases",
        "characteristics",
        "circulated",
        "circumstances",
        "common",
        "comprised",
        "computer simulation",
        "coronavirus",
        "coronaviruses",
        "coupled",
        "covid-19",
        "covid-19-epidemiology",
        "covid-19-transmission",
        "covid-19-virology",
        "cross-species",
        "december",
        "define",
        "denoted",
        "determine",
        "disease",
        "distinct",
        "diversity",
        "early",
        "emergence",
        "epidemic",
        "epidemiology",
        "event",
        "events",
        "february",
        "findings",
        "first",
        "genetic variation",
        "genomic",
        "genomics-methods",
        "humans",
        "important",
        "indicate",
        "introduction",
        "involved",
        "jumped",
        "lead",
        "least",
        "likely",
        "lineage",
        "lineages",
        "methods",
        "molecular",
        "molecular epidemiology",
        "multiple",
        "narrow",
        "november",
        "occurred",
        "october-8",
        "origins",
        "pandemic",
        "pandemics",
        "phylodynamic",
        "phylogeny",
        "prevention",
        "prior",
        "recent",
        "reported",
        "research",
        "respiratory",
        "result",
        "resulted",
        "reveal",
        "root",
        "rooting",
        "sars-cov-2",
        "sars-cov-2 wuhan/2020",
        "sars-cov-2-classification",
        "sars-cov-2-genetics",
        "sars-cov-2-isolation & purification",
        "separate",
        "sequence",
        "severe",
        "show",
        "simulations",
        "syndrome",
        "transmission",
        "two",
        "understanding",
        "university",
        "unlikely",
        "viral",
        "viral zoonoses-epidemiology",
        "viral zoonoses-virology",
        "viruses",
        "weeks",
        "widely",
        "window",
        "within",
        "zoonotic"
    ]
}