{
    "pubmed_id": 35284808,
    "study_identifier": "PMID35284808_study-01",
    "study_name": "Safety and immunogenicity of an inactivated recombinant Newcastle disease virus vaccine expressing SARS-CoV-2 spike: Interim results of a randomised, placebo-controlled, phase 1 trial",
    "publication_title": "Safety and immunogenicity of an inactivated recombinant Newcastle disease virus vaccine expressing SARS-CoV-2 spike: Interim results of a randomised, placebo-controlled, phase 1 trial",
    "study_objective": "To assess safety and immunogenicity of an affordable egg-based recombinant Newcastle disease virus vaccine (NDV-HXP-S) expressing the spike (S) protein of SARS-CoV-2",
    "study_description": "Background: Production of affordable coronavirus disease 2019 (COVID-19) vaccines in low- and middle-income countries is needed. NDV-HXP-S is an inactivated egg-based recombinant Newcastle disease virus vaccine expressing the spike (S) protein of severe acute respiratory syndrome coronavirus 2 (SARS-CoV-2). It's being developed by public sector manufacturers in Thailand, Vietnam, and Brazil; herein are initial results from Thailand.  Methods: This phase 1 stage of a randomised, dose-escalation, observer-blind, placebo-controlled, phase 1/2 trial was conducted at the Vaccine Trial Centre, Mahidol University (Bangkok). Healthy males and non-pregnant females, aged 18-59 years and negative for SARS-CoV-2 antibodies, were eligible. Participants were randomised to receive one of six treatments by intramuscular injection twice, 28 days apart: 1 \u00b5g, 1 \u00b5g+CpG1018 (a toll-like receptor 9 agonist), 3 \u00b5g, 3 \u00b5g+CpG1018, 10 \u00b5g, or placebo. Participants and personnel assessing outcomes were masked to treatment. The primary outcomes were solicited and spontaneously reported adverse events (AEs) during 7 and 28 days after each vaccination, respectively. Secondary outcomes were immunogenicity measures (anti-S IgG and pseudotyped virus neutralisation). An interim analysis assessed safety at day 57 in treatment-exposed individuals and immunogenicity through day 43 per protocol. ClinicalTrials.gov (NCT04764422).  Findings: Between March 20 and April 23, 2021, 377 individuals were screened and 210 were enroled (35 per group); all received dose one; five missed dose two. The most common solicited AEs among vaccinees, all predominantly mild, were injection site pain (<63%), fatigue (<35%), headache (<32%), and myalgia (<32%). The proportion reporting a vaccine-related AE ranged from 5\u00b77% to 17\u00b71% among vaccine groups and was 2\u00b79% in controls; there was no vaccine-related serious adverse event. The 10 \u00b5g formulation's immunogenicity ranked best, followed by 3 \u00b5g+CpG1018, 3 \u00b5g, 1 \u00b5g+CpG1018, and 1 \u00b5g formulations. On day 43, the geometric mean concentrations of 50% neutralising antibody ranged from 122\u00b723 international units per mL (IU/mL; 1 \u00b5g, 95% confidence interval (CI) 86\u00b740-172\u00b791) to 474\u00b735 IU/mL (10 \u00b5g, 95% CI 320\u00b790-701\u00b719), with 93\u00b79% to 100% of vaccine groups attaining a \u2265 4-fold increase over baseline.  Interpretation: NDV-HXP-S had an acceptable safety profile and potent immunogenicity. The 3 \u00b5g and 3 \u00b5g+CpG1018 formulations advanced to phase 2",
    "primary_institution_name": "Icahn School of Medicine at Mount Sinai",
    "study_personnel": [
        {
            "personnel_id": "PMID35284808_personnel-01",
            "honorific": "",
            "last_name": "Krammer",
            "first_name": "Florian",
            "suffixes": "",
            "organization": "Icahn School of Medicine at Mount Sinai",
            "orchid_id": "",
            "email": "florian.krammer@mssm.edu",
            "seronet_title_in_study": "SeroNet Investigator",
            "role_in_study": "Investigator",
            "site_name": "Icahn School of Medicine at Mount Sinai"
        }
    ],
    "study_file": [
        {
            "study_file_name": "PMID35284808_mmc1.docx",
            "study_file_description": "Figure S1: description, calculation of NT50 on day 1, 29 and 43 post vaccination",
            "study_file_type": "Study Data"
        },
        {
            "study_file_name": "PMID35284808_mmc2.pdf",
            "study_file_description": "Figures explaining NT50 values on day 1, 29 and 43 post vaccination",
            "study_file_type": "Study Data"
        },
        {
            "study_file_name": "PMID35284808-data.xlsx",
            "study_file_description": "Demographics, ELISA, Pseudovirus Neutralization Assay and ELISPOT experimental values",
            "study_file_type": "Study Data"
        },
        {
            "study_file_name": "PMID35284808_v1.2.5.xlsm",
            "study_file_description": "Completed curation of the study into SeroNet Registry Template which includes SeroNet Study Descriptors.",
            "study_file_type": "Study Summary Description"
        },
        {
            "study_file_name": "PMID35284808_JSON.json",
            "study_file_description": "JSON format of completed curation of the study into SeroNet Registry Template which includes SeroNet Study Descriptors",
            "study_file_type": "JSON Summary Description"
        }
    ],
    "study_link": [],
    "research_focus": "Vaccine Response",
    "study_type": "Clinical Research",
    "keyword": [
        "COVID-19"
    ],
    "clinical_study_design": "Randomized Controlled Trial",
    "in_silico_model_type": "",
    "protocol": {
        "protocol_id": "PMID35284808_protocol-01",
        "protocol_file_name": "PMID35284808_protocol-01.txt",
        "protocol_name": "PMID35284808_protocol-01",
        "protocol_description": "Study Protocol",
        "protocol_type": "Study Protocol"
    },
    "reported_health_condition": [
        "Covid-19"
    ],
    "sars_cov_2_vaccine_type": [
        "Other SARS-CoV-2 vaccine"
    ],
    "clinical_outcome_measure": "Safety and immunogenicity of an inactivated recombinant Newcastle disease virus vaccine (NDV-HXP-S) expressing spike protein of SARS-CoV-2 (primary and secondary)",
    "enrollment_start_date": "2021-03-22",
    "enrollment_end_date": "2021-04-23",
    "number_of_study_subjects": 210,
    "age_unit": "Years",
    "minimum_age": 18,
    "maximum_age": 59,
    "study_human_cohort": [
        {
            "arm_id": "PMID35284808_human_subject-01",
            "arm_name": "Subjects received NDV-HXP-S (1 mg)",
            "study_population_description": "Subjects received 0.5 ml intramuscular injection of NDV-HXP-S (1 mg) on day 1 and 29 (N=35)",
            "arm_type": "Vaccination",
            "ethnicity": [
                "Not Specified"
            ],
            "race": [
                "Asian"
            ],
            "race_specify": [],
            "description": "",
            "sex_at_birth": [
                "Female",
                "Male"
            ],
            "age_event": "Age at enrollment",
            "subject_phenotype": "",
            "assessment_name": [
                "assessment_recorded_pv"
            ],
            "study_location": [
                ""
            ],
            "measured_behavioral_or_pyschological_factor": [],
            "measured_social_factor": [],
            "sars_cov_2_symptoms": [],
            "assessment_clinical_and_demographic_data_provenance": [
                "Self Reported"
            ],
            "assessment_demographic_data_types_collected": [],
            "sars_cov_2_history": [
                "",
                ""
            ],
            "sars_cov_2_vaccine_type": [
                "Other"
            ],
            "covid_19_disease_severity": [],
            "post_covid_19_symptoms": [],
            "covid_19_complications": []
        },
        {
            "arm_id": "PMID35284808_human_subject-02",
            "arm_name": "Subjects received NDV-HXP-S (1 mg) + 1.5 mg CpG1018 adjuvant",
            "study_population_description": "Subjects received 0.5 ml intramuscular injection of NDV-HXP-S (1 mg) + 1.5 mg CpG1018 adjuvant on day 1 and 29 (N=35)",
            "arm_type": "Vaccination",
            "ethnicity": [
                "Not Specified"
            ],
            "race": [
                "Asian"
            ],
            "race_specify": [],
            "description": "",
            "sex_at_birth": [
                "Female",
                "Male"
            ],
            "age_event": "Age at enrollment",
            "subject_phenotype": "",
            "assessment_name": [
                "assessment_recorded_pv"
            ],
            "study_location": [
                ""
            ],
            "measured_behavioral_or_pyschological_factor": [],
            "measured_social_factor": [],
            "sars_cov_2_symptoms": [],
            "assessment_clinical_and_demographic_data_provenance": [
                "Self Reported"
            ],
            "assessment_demographic_data_types_collected": [],
            "sars_cov_2_history": [
                "",
                ""
            ],
            "sars_cov_2_vaccine_type": [
                "Other"
            ],
            "covid_19_disease_severity": [],
            "post_covid_19_symptoms": [],
            "covid_19_complications": []
        },
        {
            "arm_id": "PMID35284808_human_subject-03",
            "arm_name": "Subjects received NDV-HXP-S (3 mg)",
            "study_population_description": "Subjects received 0.5 ml intramuscular injection of NDV-HXP-S (3 mg) on day 1 and 29 (N=35)",
            "arm_type": "Vaccination",
            "ethnicity": [
                "Not Specified"
            ],
            "race": [
                "Asian"
            ],
            "race_specify": [],
            "description": "",
            "sex_at_birth": [
                "Female",
                "Male"
            ],
            "age_event": "Age at enrollment",
            "subject_phenotype": "",
            "assessment_name": [
                "assessment_recorded_pv"
            ],
            "study_location": [
                ""
            ],
            "measured_behavioral_or_pyschological_factor": [],
            "measured_social_factor": [],
            "sars_cov_2_symptoms": [],
            "assessment_clinical_and_demographic_data_provenance": [
                "Self Reported"
            ],
            "assessment_demographic_data_types_collected": [],
            "sars_cov_2_history": [
                "",
                ""
            ],
            "sars_cov_2_vaccine_type": [
                "Other"
            ],
            "covid_19_disease_severity": [],
            "post_covid_19_symptoms": [],
            "covid_19_complications": []
        },
        {
            "arm_id": "PMID35284808_human_subject-04",
            "arm_name": "Subjects received NDV-HXP-S (3 mg) + 1.5 mg CpG1018 adjuvant",
            "study_population_description": "Subjects received 0.5 ml intramuscular injection of NDV-HXP-S (3 mg) + 1.5 mg CpG1018 adjuvant on day 1 and 29 (N=35)",
            "arm_type": "Vaccination",
            "ethnicity": [
                "Not Specified"
            ],
            "race": [
                "Asian"
            ],
            "race_specify": [],
            "description": "",
            "sex_at_birth": [
                "Female",
                "Male"
            ],
            "age_event": "Age at enrollment",
            "subject_phenotype": "",
            "assessment_name": [
                "assessment_recorded_pv"
            ],
            "study_location": [
                ""
            ],
            "measured_behavioral_or_pyschological_factor": [],
            "measured_social_factor": [],
            "sars_cov_2_symptoms": [],
            "assessment_clinical_and_demographic_data_provenance": [
                "Self Reported"
            ],
            "assessment_demographic_data_types_collected": [],
            "sars_cov_2_history": [
                "",
                ""
            ],
            "sars_cov_2_vaccine_type": [
                "Other"
            ],
            "covid_19_disease_severity": [],
            "post_covid_19_symptoms": [],
            "covid_19_complications": []
        },
        {
            "arm_id": "PMID35284808_human_subject-05",
            "arm_name": "Subjects received NDV-HXP-S (10 mg)",
            "study_population_description": "Subjects received 0.5 ml intramuscular injection of NDV-HXP-S (10 mg) on day 1 and 29 (N=35)",
            "arm_type": "Vaccination",
            "ethnicity": [
                "Not Specified"
            ],
            "race": [
                "Asian"
            ],
            "race_specify": [],
            "description": "",
            "sex_at_birth": [
                "Female",
                "Male"
            ],
            "age_event": "Age at enrollment",
            "subject_phenotype": "",
            "assessment_name": [
                "assessment_recorded_pv"
            ],
            "study_location": [
                ""
            ],
            "measured_behavioral_or_pyschological_factor": [],
            "measured_social_factor": [],
            "sars_cov_2_symptoms": [],
            "assessment_clinical_and_demographic_data_provenance": [
                "Self Reported"
            ],
            "assessment_demographic_data_types_collected": [],
            "sars_cov_2_history": [
                "",
                ""
            ],
            "sars_cov_2_vaccine_type": [
                "Other"
            ],
            "covid_19_disease_severity": [],
            "post_covid_19_symptoms": [],
            "covid_19_complications": []
        },
        {
            "arm_id": "PMID35284808_human_subject-06",
            "arm_name": "Subjects received placebo",
            "study_population_description": "Subjects received saline placebo on day 1 and 29 (N=35)",
            "arm_type": "Placebo Comparator Arm",
            "ethnicity": [
                "Not Specified"
            ],
            "race": [
                "Asian"
            ],
            "race_specify": [],
            "description": "",
            "sex_at_birth": [
                "Female",
                "Male"
            ],
            "age_event": "Age at enrollment",
            "subject_phenotype": "",
            "assessment_name": [
                "assessment_recorded_pv"
            ],
            "study_location": [
                ""
            ],
            "measured_behavioral_or_pyschological_factor": [],
            "measured_social_factor": [],
            "sars_cov_2_symptoms": [],
            "assessment_clinical_and_demographic_data_provenance": [
                "Self Reported"
            ],
            "assessment_demographic_data_types_collected": [],
            "sars_cov_2_history": [
                ""
            ],
            "sars_cov_2_vaccine_type": [
                "Other"
            ],
            "covid_19_disease_severity": [],
            "post_covid_19_symptoms": [],
            "covid_19_complications": []
        }
    ],
    "study_model_cohort": [],
    "planned_visit": [
        {
            "visit_id": "PMID35284808_visit-01",
            "visit_name": "Blood sample collected from all individuals on day 1 of vaccination",
            "visit_order_number": 1,
            "visit_min_start_day": 1,
            "visit_max_start_day": "",
            "visit_start_rule": ""
        },
        {
            "visit_id": "PMID35284808_visit-02",
            "visit_name": "Blood sample collected from all individuals on day 8 after first dose of vaccination",
            "visit_order_number": 2,
            "visit_min_start_day": 8,
            "visit_max_start_day": "",
            "visit_start_rule": ""
        },
        {
            "visit_id": "PMID35284808_visit-03",
            "visit_name": "Blood sample collected from all individuals on day 29 second dose of vaccination",
            "visit_order_number": 3,
            "visit_min_start_day": 29,
            "visit_max_start_day": "",
            "visit_start_rule": ""
        },
        {
            "visit_id": "PMID35284808_visit-04",
            "visit_name": "Blood sample collected from all individuals on day 36 after two doses of vaccination",
            "visit_order_number": 4,
            "visit_min_start_day": 36,
            "visit_max_start_day": "",
            "visit_start_rule": ""
        },
        {
            "visit_id": "PMID35284808_visit-05",
            "visit_name": "Blood sample collected from all individuals on day 43 after two doses of vaccination",
            "visit_order_number": 5,
            "visit_min_start_day": 43,
            "visit_max_start_day": "",
            "visit_start_rule": ""
        },
        {
            "visit_id": "PMID35284808_visit-06",
            "visit_name": "Blood sample collected from all individuals on day 57 after two doses of vaccination",
            "visit_order_number": 6,
            "visit_min_start_day": 57,
            "visit_max_start_day": "",
            "visit_start_rule": ""
        }
    ],
    "experiment": [
        {
            "arm_id": [
                "PMID35284808_human_subject-01 | PMID35284808_human_subject-02 | PMID35284808_human_subject-03 | PMID35284808_human_subject-04 | PMID35284808_human_subject-05 | PMID35284808_human_subject-06"
            ],
            "associated_first_planned_visit_id": [
                "PMID35284808_visit-01 | PMID35284808_visit-03 | PMID35284808_visit-05"
            ],
            "assay_type": "ELISA",
            "experiment_name": "ELISA",
            "experiment_results_file_name": "PMID35284808-data.xlsx",
            "biospecimen_type": [
                "Serum"
            ],
            "biospecimen_collection_point": [
                "Post-vaccination"
            ],
            "sars_cov_2_antigen": [
                "S1"
            ],
            "assay_use": "",
            "manufacture": "components from multiple manufacturers",
            "catalog_number": "",
            "virus_target": [
                "SARS-CoV-2"
            ],
            "antibody_isotype": [
                "IgG"
            ],
            "reporting_units": "International Standard Unit",
            "assay_reporting_format": "Quantitative"
        },
        {
            "arm_id": [
                "PMID35284808_human_subject-01 | PMID35284808_human_subject-02 | PMID35284808_human_subject-03 | PMID35284808_human_subject-04 | PMID35284808_human_subject-05 | PMID35284808_human_subject-06"
            ],
            "associated_first_planned_visit_id": [
                "PMID35284808_visit-01 | PMID35284808_visit-03 | PMID35284808_visit-05"
            ],
            "assay_type": "Pseudovirus Neutralization Assay",
            "experiment_name": "Pseudovirus Neutralization Assay",
            "experiment_results_file_name": "PMID35284808-data.xlsx",
            "biospecimen_type": [
                "Serum"
            ],
            "biospecimen_collection_point": [
                "Post-vaccination"
            ],
            "sars_cov_2_antigen": [
                "Full Length Spike Trimer"
            ],
            "assay_use": "",
            "manufacture": "components from multiple manufacturers",
            "catalog_number": "",
            "virus_target": [
                "SARS-CoV-2 Wuhan / 2020",
                "SARS-CoV-2 Beta; B.1.351",
                "SARS-CoV-2 Gamma; P.1",
                "SARS-CoV-2 Delta; B.1.617.2"
            ],
            "antibody_isotype": [
                "IgG"
            ],
            "reporting_units": "50% Neutralization End-point",
            "assay_reporting_format": "Quantitative"
        },
        {
            "arm_id": [
                "PMID35284808_human_subject-04 | PMID35284808_human_subject-05 | PMID35284808_human_subject-06"
            ],
            "associated_first_planned_visit_id": [
                "PMID35284808_visit-01 | PMID35284808_visit-05"
            ],
            "assay_type": "ELISPOT",
            "experiment_name": "ELISPOT",
            "experiment_results_file_name": "PMID35284808-data.xlsx",
            "biospecimen_type": [
                "Peripheral Blood Mononuclear Cell (PBMC)"
            ],
            "biospecimen_collection_point": [
                "Post-vaccination"
            ],
            "sars_cov_2_antigen": [
                "Full Length Spike Trimer"
            ],
            "assay_use": "",
            "manufacture": "Cellular Technologies",
            "catalog_number": "",
            "virus_target": [
                "SARS-CoV-2 Beta; B.1.351",
                "SARS-CoV-2 Gamma; P.1",
                "SARS-CoV-2 Delta; B.1.617.2"
            ],
            "antibody_isotype": [
                "IgG"
            ],
            "reporting_units": "International Standard Unit",
            "assay_reporting_format": "Quantitative"
        }
    ],
    "geriatric_subjects": "No",
    "pediatric_subjects": "No",
    "pregnant_subjects": "No",
    "sars_cov_2_antibodies_measured": "Yes",
    "survey_instrument_shared": "Not Specified",
    "who_disease_severity_scale_used": "Not Specified",
    "inclusion_exclusion": [
        {
            "inclusion_exculusion_id": "PMID35284808_inexcl-01",
            "inclusion_criterion": "SARS-CoV-2 Antibodies Measured",
            "inclusion_criterion_category": "inclusion"
        },
        {
            "inclusion_exculusion_id": "PMID35284808_inexcl-02",
            "inclusion_criterion": "SARS-COV-2 negative individuals",
            "inclusion_criterion_category": "inclusion"
        },
        {
            "inclusion_exculusion_id": "PMID35284808_inexcl-03",
            "inclusion_criterion": "Pregnant subjects",
            "inclusion_criterion_category": "exclusion"
        },
        {
            "inclusion_exculusion_id": "PMID35284808_inexcl-04",
            "inclusion_criterion": "Geriatric subjects",
            "inclusion_criterion_category": "exclusion"
        },
        {
            "inclusion_exculusion_id": "PMID35284808_inexcl-05",
            "inclusion_criterion": "Pediatric subjects",
            "inclusion_criterion_category": "exclusion"
        },
        {
            "inclusion_exculusion_id": "PMID35284808_inexcl-06",
            "inclusion_criterion": "Hepatitis B negative individuals",
            "inclusion_criterion_category": "inclusion"
        },
        {
            "inclusion_exculusion_id": "PMID35284808_inexcl-07",
            "inclusion_criterion": "HIV negative individuals",
            "inclusion_criterion_category": "inclusion"
        },
        {
            "inclusion_exculusion_id": "PMID35284808_inexcl-08",
            "inclusion_criterion": "Hepatitis C negative individuals",
            "inclusion_criterion_category": "inclusion"
        }
    ],
    "status_note": "Data at individual level available.",
    "suggestions": [
        "1/2",
        "100",
        "122\u00b723",
        "17\u00b71",
        "18-59",
        "2019",
        "2021",
        "210",
        "2\u00b79",
        "320\u00b790-701\u00b719",
        "377",
        "4-fold",
        "474\u00b735",
        "5\u00b77",
        "86\u00b740-172\u00b791",
        "93\u00b79",
        "acceptable",
        "acute",
        "advanced",
        "adverse",
        "aes",
        "affordable",
        "aged",
        "agonist",
        "among",
        "analysis",
        "anti-s",
        "antibodies",
        "antibody",
        "apart",
        "april",
        "assess",
        "assessed",
        "assessing",
        "attaining",
        "background",
        "bangkok",
        "baseline",
        "best",
        "brazil",
        "centre",
        "clinical",
        "clinicaltrials.gov",
        "common",
        "concentrations",
        "conducted",
        "confidence",
        "controlled",
        "controls",
        "coronavirus",
        "countries",
        "covid-19",
        "day",
        "days",
        "developed",
        "disease",
        "dose",
        "dose-escalation",
        "egg-based",
        "eligible",
        "enroled",
        "event",
        "events",
        "expressing",
        "fatigue",
        "females",
        "findings",
        "five",
        "followed",
        "formulation",
        "formulations",
        "geometric",
        "geriatric",
        "group",
        "groups",
        "headache",
        "healthy",
        "hepatitis",
        "herein",
        "hiv",
        "icahn",
        "igg",
        "immunogenicity",
        "inactivated",
        "increase",
        "individuals",
        "initial",
        "injection",
        "interim",
        "international",
        "interpretation",
        "interval",
        "intramuscular",
        "iu/ml",
        "low-",
        "mahidol",
        "males",
        "manufacturers",
        "march",
        "masked",
        "mean",
        "measured",
        "measures",
        "medicine",
        "methods",
        "middle-income",
        "mild",
        "missed",
        "mount",
        "myalgia",
        "nct04764422",
        "ndv-hxp-s",
        "needed",
        "negative",
        "neutralisation",
        "neutralising",
        "newcastle",
        "non-pregnant",
        "observer-blind",
        "one",
        "other sars-cov-2 vaccine",
        "outcomes",
        "pain",
        "participants",
        "pediatric",
        "per",
        "personnel",
        "phase",
        "placebo",
        "placebo-controlled",
        "potent",
        "predominantly",
        "pregnant",
        "primary",
        "production",
        "profile",
        "proportion",
        "protein",
        "protocol",
        "pseudotyped",
        "public",
        "randomised",
        "randomized",
        "ranged",
        "ranked",
        "receive",
        "received",
        "receptor",
        "recombinant",
        "reported",
        "reporting",
        "research",
        "respectively",
        "respiratory",
        "response",
        "results",
        "safety",
        "sars-cov-2",
        "school",
        "screened",
        "secondary",
        "sector",
        "serious",
        "severe",
        "sinai",
        "site",
        "six",
        "solicited",
        "spike",
        "spontaneously",
        "stage",
        "subjects",
        "syndrome",
        "thailand",
        "toll-like",
        "treatment",
        "treatment-exposed",
        "treatments",
        "trial",
        "twice",
        "two",
        "units",
        "university",
        "vaccination",
        "vaccine",
        "vaccine-related",
        "vaccinees",
        "vaccines",
        "vietnam",
        "virus",
        "years",
        "\u00b5g+cpg1018"
    ]
}