{
    "pubmed_id": 34546094,
    "study_identifier": "PMID34546094_study-01",
    "study_name": "Prior infection with SARS-CoV-2 WA1/2020 partially protects rhesus macaques against reinfection with B.1.1.7 and B.1.351 variants",
    "publication_title": "Prior infection with SARS-CoV-2 WA1/2020 partially protects rhesus macaques against reinfection with B.1.1.7 and B.1.351 variants",
    "study_objective": "To assess the protective efficacy of natural immunity after WA1/2020 infection on rechallenge with WA1/2020, B.1.1.7, or B.1.351 variants in rhesus macaques.",
    "study_description": "Severe acute respiratory syndrome coronavirus 2 (SARS-CoV-2) variants that result in increased transmissibility and partial evasion of neutralizing antibodies have recently emerged. Whether natural immunity induced by the original SARS-CoV-2 WA1/2020 strain protects against rechallenge with these SARS-CoV-2 variants remains a critical unresolved question. In this study, we show that natural immunity induced by the WA1/2020 strain leads to partial but incomplete protection against the SARS-CoV-2 variants B.1.1.7 (alpha) and B.1.351 (beta) in rhesus macaques. We challenged rhesus macaques with B.1.1.7 and B.1.351 and showed that infection with these variants resulted in high viral replication in the upper and lower respiratory tract. We then infected rhesus macaques with the WA1/2020 strain and rechallenged them on day 35 with the WA1/2020, B.1.1.7, or B.1.351 variants. Natural immunity to WA1/2020 led to robust protection against rechallenge with WA1/2020 but only partial protection against rechallenge with B.1.351. An intermediate degree of protection was observed in rhesus macaques against rechallenge with B.1.1.7. These data demonstrate partial but incomplete protective efficacy of natural immunity induced by WA1/2020 against SARS-CoV-2 variants of concern. Our findings have important implications for both vaccination and public health strategies in the context of emerging SARS-CoV-2 variants of concern.",
    "primary_institution_name": "Harvard University",
    "study_personnel": [
        {
            "personnel_id": "PMID34546094_personnel-01",
            "honorific": "",
            "last_name": "Barouch",
            "first_name": "Dan",
            "suffixes": "",
            "organization": "Harvard University",
            "orchid_id": "",
            "email": "dbarouch@bidmc.harvard.edu",
            "seronet_title_in_study": "Corresponding author",
            "role_in_study": "Corresponding author",
            "site_name": "Harvard University"
        }
    ],
    "study_file": [
        {
            "study_file_name": "PMID34546094_All Data_04-21-22.xlsx",
            "study_file_description": "Subject level Pseudovirus Neutralization Assay, ELISA, Chemiluminescent Assay, ELISPOT, Flow Cytometry, and PCR data supporting figures in the publication",
            "study_file_type": "Study data"
        },
        {
            "study_file_name": "PMID34546094_NIHMS1757749-supplement-Supplemental_Figures.docx",
            "study_file_description": "Supplementary data includes Antibodies used, Chemiluminescent Assay, heatmap, and  Flow Cytometry",
            "study_file_type": "Study data"
        },
        {
            "study_file_name": "PMID34546094_v1.2.5.xlsm",
            "study_file_description": "Completed curation of the study into SeroNet Registry Template which includes SeroNet Study Descriptors",
            "study_file_type": "Study Summary Description"
        },
        {
            "study_file_name": "PMID34546094_JSON.json",
            "study_file_description": "JSON format of completed curation of the study into SeroNet Registry Template which includes SeroNet Study Descriptors",
            "study_file_type": "Study Summary Description"
        }
    ],
    "study_link": [
        {
            "link_name": "BioProject",
            "value": "https://www.ncbi.nlm.nih.gov/bioproject/?term=PRJNA744242"
        },
        {
            "link_name": "SRA",
            "value": "https://www.ncbi.nlm.nih.gov/sra/?term=SRR14313077"
        },
        {
            "link_name": "SRA",
            "value": "https://www.ncbi.nlm.nih.gov/sra/?term=SRR14313078"
        }
    ],
    "research_focus": "Immune Response",
    "study_type": "Basic Research",
    "keyword": [
        "Animals",
        "Neutralizing Antibodies",
        "Viral Antibodies",
        "COVID-19",
        "Humans",
        "Macaca mulatta",
        "Reinfection",
        "SARS-CoV-2"
    ],
    "clinical_study_design": "",
    "in_silico_model_type": "",
    "protocol": {
        "protocol_id": "PMID34546094_protocol-01",
        "protocol_file_name": "PMID34546094_protocol-01.txt",
        "protocol_name": "PMID34546094_protocol-01",
        "protocol_description": "Study Protocol",
        "protocol_type": "Study Protocol"
    },
    "reported_health_condition": [
        "Covid-19"
    ],
    "sars_cov_2_vaccine_type": [
        ""
    ],
    "clinical_outcome_measure": "Not Applicable",
    "enrollment_start_date": "",
    "enrollment_end_date": "",
    "number_of_study_subjects": "",
    "age_unit": "Years",
    "minimum_age": "",
    "maximum_age": "",
    "study_human_cohort": [],
    "study_model_cohort": [
        {
            "arm_id": "PMID34546094_organism_subject-01",
            "arm_name": "Group 1, Animals Infected with WA1/2020 rechallenged with WA1/2020 (N=6)",
            "study_population_description": "Group 1, Animals Infected with WA1/2020 rechallenged with WA1/2020 on day 35, n=6",
            "arm_type": "Experimental Arm",
            "genus_and_species": [
                "Macaca mulatta"
            ],
            "biosample_type": [
                "Animal"
            ],
            "strain_characteristics": [],
            "sex_at_birth": [
                "Other"
            ],
            "age_event": "Age at Study Day 0",
            "subject_phenotype": "",
            "study_location": [
                "US: Massachusetts"
            ],
            "sars_cov_2_history": [
                "Infected"
            ],
            "sars_cov_2_vaccine_type": [],
            "covid_19_disease_severity": [
                "Unknown"
            ],
            "post_covid_19_symptons": [],
            "covid_19_complications": []
        },
        {
            "arm_id": "PMID34546094_organism_subject-02",
            "arm_name": "Group 2, Animals Infected with WA1/2020  rechallenged with B.1.1.7 (N=6)",
            "study_population_description": "Group 2, Animals Infected with WA1/2020 rechallenged with B.1.1.7 on day 35, n=6",
            "arm_type": "Experimental Arm",
            "genus_and_species": [
                "Macaca mulatta"
            ],
            "biosample_type": [
                "Animal"
            ],
            "strain_characteristics": [],
            "sex_at_birth": [
                "Other"
            ],
            "age_event": "Age at Study Day 0",
            "subject_phenotype": "",
            "study_location": [
                "US: Massachusetts"
            ],
            "sars_cov_2_history": [
                "Infected"
            ],
            "sars_cov_2_vaccine_type": [],
            "covid_19_disease_severity": [
                "Unknown"
            ],
            "post_covid_19_symptons": [],
            "covid_19_complications": []
        },
        {
            "arm_id": "PMID34546094_organism_subject-03",
            "arm_name": "Group 3, Animals Infected with WA1/2020  rechallenged with B.1.351 (N=6)",
            "study_population_description": "Group 3,  Animals Infected with WA1/2020  rechallenged with B.1.351  on day 35, n=6",
            "arm_type": "Experimental Arm",
            "genus_and_species": [
                "Macaca mulatta"
            ],
            "biosample_type": [
                "Animal"
            ],
            "strain_characteristics": [],
            "sex_at_birth": [
                "Other"
            ],
            "age_event": "Age at Study Day 0",
            "subject_phenotype": "",
            "study_location": [
                "US: Massachusetts"
            ],
            "sars_cov_2_history": [
                "Infected"
            ],
            "sars_cov_2_vaccine_type": [],
            "covid_19_disease_severity": [
                "Unknown"
            ],
            "post_covid_19_symptons": [],
            "covid_19_complications": []
        },
        {
            "arm_id": "PMID34546094_organism_subject-04",
            "arm_name": "Group 4, positive controls",
            "study_population_description": "Group 4, Na\u00efve animals, challenged with B.1.351, n=3",
            "arm_type": "Positive control",
            "genus_and_species": [
                "Macaca mulatta"
            ],
            "biosample_type": [
                "Animal"
            ],
            "strain_characteristics": [],
            "sex_at_birth": [
                "Other"
            ],
            "age_event": "Age at Study Day 0",
            "subject_phenotype": "",
            "study_location": [
                "US: Massachusetts"
            ],
            "sars_cov_2_history": [
                "Infected"
            ],
            "sars_cov_2_vaccine_type": [],
            "covid_19_disease_severity": [
                "Unknown"
            ],
            "post_covid_19_symptons": [],
            "covid_19_complications": []
        }
    ],
    "planned_visit": [
        {
            "visit_id": "PMID34546094_visit-01",
            "visit_name": "BAL collected",
            "visit_order_number": 1,
            "visit_min_start_day": 1,
            "visit_max_start_day": "",
            "visit_start_rule": ""
        },
        {
            "visit_id": "PMID34546094_visit-02",
            "visit_name": "BAL collected",
            "visit_order_number": 2,
            "visit_min_start_day": 3,
            "visit_max_start_day": "",
            "visit_start_rule": ""
        },
        {
            "visit_id": "PMID34546094_visit-03",
            "visit_name": "BAL collected",
            "visit_order_number": 3,
            "visit_min_start_day": 5,
            "visit_max_start_day": "",
            "visit_start_rule": ""
        },
        {
            "visit_id": "PMID34546094_visit-04",
            "visit_name": "BAL collected",
            "visit_order_number": 4,
            "visit_min_start_day": 7,
            "visit_max_start_day": "",
            "visit_start_rule": ""
        },
        {
            "visit_id": "PMID34546094_visit-05",
            "visit_name": "BAL collected",
            "visit_order_number": 5,
            "visit_min_start_day": 9,
            "visit_max_start_day": "",
            "visit_start_rule": ""
        },
        {
            "visit_id": "PMID34546094_visit-06",
            "visit_name": "BAL collected",
            "visit_order_number": 6,
            "visit_min_start_day": 11,
            "visit_max_start_day": "",
            "visit_start_rule": ""
        },
        {
            "visit_id": "PMID34546094_visit-07",
            "visit_name": "Nasal swab collected",
            "visit_order_number": 7,
            "visit_min_start_day": 1,
            "visit_max_start_day": "",
            "visit_start_rule": ""
        },
        {
            "visit_id": "PMID34546094_visit-08",
            "visit_name": "Nasal swab collected",
            "visit_order_number": 8,
            "visit_min_start_day": 3,
            "visit_max_start_day": "",
            "visit_start_rule": ""
        },
        {
            "visit_id": "PMID34546094_visit-09",
            "visit_name": "Nasal swab collected",
            "visit_order_number": 9,
            "visit_min_start_day": 5,
            "visit_max_start_day": "",
            "visit_start_rule": ""
        },
        {
            "visit_id": "PMID34546094_visit-10",
            "visit_name": "Nasal swab collected",
            "visit_order_number": 10,
            "visit_min_start_day": 7,
            "visit_max_start_day": "",
            "visit_start_rule": ""
        },
        {
            "visit_id": "PMID34546094_visit-11",
            "visit_name": "Nasal swab collected",
            "visit_order_number": 11,
            "visit_min_start_day": 9,
            "visit_max_start_day": "",
            "visit_start_rule": ""
        },
        {
            "visit_id": "PMID34546094_visit-12",
            "visit_name": "Nasal swab collected",
            "visit_order_number": 12,
            "visit_min_start_day": 11,
            "visit_max_start_day": "",
            "visit_start_rule": ""
        },
        {
            "visit_id": "PMID34546094_visit-13",
            "visit_name": "Blood collected",
            "visit_order_number": 13,
            "visit_min_start_day": 7,
            "visit_max_start_day": "",
            "visit_start_rule": ""
        },
        {
            "visit_id": "PMID34546094_visit-14",
            "visit_name": "Blood collected",
            "visit_order_number": 14,
            "visit_min_start_day": 28,
            "visit_max_start_day": "",
            "visit_start_rule": ""
        },
        {
            "visit_id": "PMID34546094_visit-15",
            "visit_name": "Blood collected",
            "visit_order_number": 15,
            "visit_min_start_day": 49,
            "visit_max_start_day": "",
            "visit_start_rule": ""
        }
    ],
    "experiment": [
        {
            "arm_id": [
                "PMID34546094_organism_subject-02, PMID34546094_organism_subject-03"
            ],
            "associated_first_planned_visit_id": [
                "PMID34546094_visit-13, PMID34546094_visit-14, PMID34546094_visit-15"
            ],
            "assay_type": "Pseudovirus Neutralization Assay",
            "experiment_name": "Pseudovirus-based virus neutralization assay",
            "experiment_results_file_name": "na",
            "biospecimen_type": [
                "Plasma",
                "Serum"
            ],
            "biospecimen_collection_point": [
                "Post-symptom onset"
            ],
            "sars_cov_2_antigen": [
                "n/a"
            ],
            "assay_use": "",
            "manufacture": "components from multiple manufacturers",
            "catalog_number": "",
            "virus_target": [],
            "antibody_isotype": [
                "Other"
            ],
            "reporting_units": "50% Neutralization End-point",
            "assay_reporting_format": "Qualitative"
        },
        {
            "arm_id": [
                "PMID34546094_organism_subject-01, PMID34546094_organism_subject-02, PMID34546094_organism_subject-03"
            ],
            "associated_first_planned_visit_id": [
                "PMID34546094_visit-13, PMID34546094_visit-14, PMID34546094_visit-15"
            ],
            "assay_type": "ELISA",
            "experiment_name": "ELISA",
            "experiment_results_file_name": "na",
            "biospecimen_type": [
                "Serum"
            ],
            "biospecimen_collection_point": [
                "Post-symptom onset"
            ],
            "sars_cov_2_antigen": [
                "Receptor Binding Domain (RBD)"
            ],
            "assay_use": "",
            "manufacture": "components from multiple manufacturers",
            "catalog_number": "",
            "virus_target": [],
            "antibody_isotype": [
                "IgG"
            ],
            "reporting_units": "",
            "assay_reporting_format": ""
        },
        {
            "arm_id": [
                "PMID34546094_organism_subject-01, PMID34546094_organism_subject-02, PMID34546094_organism_subject-03"
            ],
            "associated_first_planned_visit_id": [
                "PMID34546094_visit-13, PMID34546094_visit-14, PMID34546094_visit-15"
            ],
            "assay_type": "Chemiluminescent Assay",
            "experiment_name": "ECLA",
            "experiment_results_file_name": "na",
            "biospecimen_type": [
                "Serum"
            ],
            "biospecimen_collection_point": [
                "Post-symptom onset"
            ],
            "sars_cov_2_antigen": [
                "Full Length Spike Trimer",
                "Receptor Binding Domain (RBD)"
            ],
            "assay_use": "",
            "manufacture": "components from multiple manufacturers",
            "catalog_number": "",
            "virus_target": [],
            "antibody_isotype": [
                "Other"
            ],
            "reporting_units": "",
            "assay_reporting_format": ""
        },
        {
            "arm_id": [
                "PMID34546094_organism_subject-01, PMID34546094_organism_subject-02, PMID34546094_organism_subject-03, PMID34546094_organism_subject-04"
            ],
            "associated_first_planned_visit_id": [
                "PMID34546094_visit-14, PMID34546094_visit-15"
            ],
            "assay_type": "ELISPOT",
            "experiment_name": "ELISPOT",
            "experiment_results_file_name": "na",
            "biospecimen_type": [
                "Peripheral Blood Mononuclear Cell (PBMC)"
            ],
            "biospecimen_collection_point": [
                "Post-symptom onset"
            ],
            "sars_cov_2_antigen": [
                "Full Length Spike Trimer"
            ],
            "assay_use": "",
            "manufacture": "components from multiple manufacturers",
            "catalog_number": "",
            "virus_target": [],
            "antibody_isotype": [
                "Other"
            ],
            "reporting_units": "",
            "assay_reporting_format": ""
        },
        {
            "arm_id": [
                "PMID34546094_organism_subject-01, PMID34546094_organism_subject-02, PMID34546094_organism_subject-03, PMID34546094_organism_subject-04"
            ],
            "associated_first_planned_visit_id": [
                "PMID34546094_visit-15"
            ],
            "assay_type": "Flow Cytometry",
            "experiment_name": "Multiparameter ICS assay",
            "experiment_results_file_name": "na",
            "biospecimen_type": [
                "Peripheral Blood Mononuclear Cell (PBMC)"
            ],
            "biospecimen_collection_point": [
                "Post-symptom onset"
            ],
            "sars_cov_2_antigen": [
                "Other"
            ],
            "assay_use": "",
            "manufacture": "components from multiple manufacturers",
            "catalog_number": "",
            "virus_target": [],
            "antibody_isotype": [
                "Other"
            ],
            "reporting_units": "",
            "assay_reporting_format": ""
        },
        {
            "arm_id": [
                "PMID34546094_organism_subject-01, PMID34546094_organism_subject-02, PMID34546094_organism_subject-03, PMID34546094_organism_subject-04"
            ],
            "associated_first_planned_visit_id": [
                "PMID34546094_visit-01, PMID34546094_visit-02, PMID34546094_visit-03, PMID34546094_visit-04, PMID34546094_visit-05, PMID34546094_visit-06, PMID34546094_visit-07, PMID34546094_visit-08, PMID34546094_visit-09, PMID34546094_visit-10, PMID34546094_visit-11, PMID34546094_visit-12"
            ],
            "assay_type": "PCR",
            "experiment_name": "sgRNA assessed by RT PCR",
            "experiment_results_file_name": "na",
            "biospecimen_type": [
                "Bronchoalveolar lavage",
                "Nasal Swab"
            ],
            "biospecimen_collection_point": [
                "Post-symptom onset"
            ],
            "sars_cov_2_antigen": [
                "n/a"
            ],
            "assay_use": "",
            "manufacture": "components from multiple manufacturers",
            "catalog_number": "",
            "virus_target": [],
            "antibody_isotype": [
                "Other"
            ],
            "reporting_units": "Arbitrary Unit",
            "assay_reporting_format": "Quantitative"
        }
    ],
    "geriatric_subjects": "Not Specified",
    "pediatric_subjects": "Not Specified",
    "pregnant_subjects": "Not Specified",
    "sars_cov_2_antibodies_measured": "Not Specified",
    "survey_instrument_shared": "Not Specified",
    "who_disease_severity_scale_used": "Not Specified",
    "inclusion_exclusion": [
        {
            "inclusion_exculusion_id": "PMID34546094_ie-01",
            "inclusion_criterion": "Not specified",
            "inclusion_criterion_category": "Inclusion"
        }
    ],
    "status_note": "Data at individual level available.",
    "suggestions": [
        "",
        "acute",
        "alpha",
        "animals",
        "antibodies",
        "applicable",
        "assess",
        "b.1.1.7",
        "b.1.351",
        "basic",
        "beta",
        "challenged",
        "concern",
        "context",
        "coronavirus",
        "covid-19",
        "critical",
        "data",
        "day",
        "degree",
        "demonstrate",
        "efficacy",
        "emerged",
        "emerging",
        "evasion",
        "findings",
        "harvard",
        "health",
        "high",
        "humans",
        "immune",
        "immunity",
        "implications",
        "important",
        "incomplete",
        "increased",
        "induced",
        "infected",
        "infection",
        "intermediate",
        "leads",
        "led",
        "lower",
        "macaca mulatta",
        "macaques",
        "natural",
        "neutralizing",
        "neutralizing antibodies",
        "observed",
        "original",
        "partial",
        "partially",
        "prior",
        "protection",
        "protective",
        "protects",
        "public",
        "question",
        "recently",
        "rechallenge",
        "rechallenged",
        "reinfection",
        "remains",
        "replication",
        "research",
        "respiratory",
        "response",
        "result",
        "resulted",
        "rhesus",
        "robust",
        "sars-cov-2",
        "severe",
        "show",
        "showed",
        "specified",
        "strain",
        "strategies",
        "study",
        "syndrome",
        "tract",
        "transmissibility",
        "university",
        "unresolved",
        "upper",
        "vaccination",
        "variants",
        "viral",
        "viral antibodies",
        "wa1/2020",
        "whether"
    ]
}