{
    "pubmed_id": 33160316,
    "study_identifier": "PMID33160316_study-01",
    "study_name": "Efficacy of clinical evaluations for COVID-19 on the front line",
    "publication_title": "Efficacy of clinical evaluations for COVID-19 on the front line",
    "study_objective": "To evaluate the efficacy of clinical evaluations for possible COVID-19 illness on the front line",
    "study_description": "We conducted a retrospective review of patients assessed for possible COVID-19 illness at our urban medical center in Los Angeles, California. We carefully reviewed all clinical records to ascertain the provider\u2019s level of clinical suspicion for COVID-19 illness and compared these assessments with available results of SARS-CoV-2 testing, in addition to longitudinal data on clinical outcomes. We found that the vast majority of patients (96% of N = 25) clinically assessed to have a low probability of COVID-19 illness were subsequently confirmed to have either a negative SARS-CoV-2 test result or, in the absence of testing, clinical stability without any further concern for COVID-19 illness (Table \u200b(Table1).1). All clinical assessments were performed by a physician, with some (16%) conducted by a nurse practitioner or physician assistant in conjunction with physician supervision.",
    "primary_institution_name": "Smidt Heart Institute, Cedars-Sinai Medical Center",
    "study_personnel": [
        {
            "personnel_id": "PMID33160316_personnel-01",
            "honorific": "",
            "last_name": "Cheng",
            "first_name": "Susan",
            "suffixes": "",
            "organization": "Cedars Sinai Medical Center",
            "orchid_id": "",
            "email": "susan.cheng@cshs.org",
            "seronet_title_in_study": "SeroNet Principal Investigator",
            "role_in_study": "Investigator",
            "site_name": "Smidt Heart Institute, Cedars-Sinai Medical Center"
        },
        {
            "personnel_id": "PMID33160316_personnel-02",
            "honorific": "",
            "last_name": "Barsky",
            "first_name": "Lili",
            "suffixes": "",
            "organization": "Cedars Sinai Medical Center",
            "orchid_id": "",
            "email": "oodlesoflili@gmail.com",
            "seronet_title_in_study": "Corresponding author",
            "role_in_study": "Corresponding author",
            "site_name": "Smidt Heart Institute, Cedars-Sinai Medical Center"
        }
    ],
    "study_file": [
        {
            "study_file_name": "PMID33160316_demographics.xlsx",
            "study_file_description": "Demographics, clinical symptoms, and COVID-19 status of the participants",
            "study_file_type": "Demographics"
        },
        {
            "study_file_name": "PMID33160316_v1.2.5.xlsm",
            "study_file_description": "Completed curation of the study into SeroNet Registry Template which includes SeroNet Study Descriptors",
            "study_file_type": "Study Summary Description"
        },
        {
            "study_file_name": "PMID33160316_JSON.json",
            "study_file_description": "JSON format of completed curation of the study into SeroNet Registry Template which includes SeroNet Study Descriptors",
            "study_file_type": "JSON Summary Description"
        }
    ],
    "study_link": [],
    "research_focus": "No Research Focus Specified",
    "study_type": "Clinical Research",
    "keyword": [
        "COVID-19",
        "Clinical assessment",
        "Effectiveness."
    ],
    "clinical_study_design": "Retrospective Cohort",
    "in_silico_model_type": "",
    "protocol": {
        "protocol_id": "PMID33160316_protocol-01",
        "protocol_file_name": "PMID33160316_protocol-01.txt",
        "protocol_name": "PMID33160316_protocol-01",
        "protocol_description": "Study Protocol",
        "protocol_type": "Study Protocol"
    },
    "reported_health_condition": [
        "Covid-19"
    ],
    "sars_cov_2_vaccine_type": [],
    "clinical_outcome_measure": "Efficacy of clinical evaluations for possible COVID-19 illness",
    "enrollment_start_date": "",
    "enrollment_end_date": "",
    "number_of_study_subjects": 25,
    "age_unit": "Years",
    "minimum_age": 40,
    "maximum_age": 105,
    "study_human_cohort": [
        {
            "arm_id": "PMID33160316_aoc-01",
            "arm_name": "Patients assessed for possible COVID-19 illness",
            "study_population_description": "Patients assessed for possible COVID-19 illness at urban medical center in Los Angeles, California (n=25).",
            "arm_type": "Other",
            "ethnicity": [
                "Not Specified"
            ],
            "race": [
                "Not Specified"
            ],
            "race_specify": [],
            "description": "",
            "sex_at_birth": [
                "Male",
                "Female"
            ],
            "age_event": "Not Specified",
            "subject_phenotype": "",
            "assessment_name": [],
            "study_location": [
                ""
            ],
            "measured_behavioral_or_pyschological_factor": [],
            "measured_social_factor": [],
            "sars_cov_2_symptoms": [],
            "assessment_clinical_and_demographic_data_provenance": [],
            "assessment_demographic_data_types_collected": [],
            "sars_cov_2_history": [
                "",
                ""
            ],
            "sars_cov_2_vaccine_type": [],
            "covid_19_disease_severity": [],
            "post_covid_19_symptoms": [],
            "covid_19_complications": []
        }
    ],
    "study_model_cohort": [],
    "planned_visit": [
        {
            "visit_id": "PMID33160316_pv_01",
            "visit_name": "Records review",
            "visit_order_number": 1,
            "visit_min_start_day": 1,
            "visit_max_start_day": "",
            "visit_start_rule": ""
        },
        {
            "visit_id": "PMID33160316_assessment_recorded_pv",
            "visit_name": "Visit where an assessment is recorded",
            "visit_order_number": 2,
            "visit_min_start_day": 0,
            "visit_max_start_day": "",
            "visit_start_rule": ""
        }
    ],
    "experiment": [],
    "geriatric_subjects": "No",
    "pediatric_subjects": "Not Specified",
    "pregnant_subjects": "Not Specified",
    "sars_cov_2_antibodies_measured": "No",
    "survey_instrument_shared": "Not Specified",
    "who_disease_severity_scale_used": "Not Specified",
    "inclusion_exclusion": [
        {
            "inclusion_exculusion_id": "PMID33160316_ie_01",
            "inclusion_criterion": "SARS-CoV-2 Antibodies Measured",
            "inclusion_criterion_category": "Inclusion"
        },
        {
            "inclusion_exculusion_id": "PMID33160316_ie_02",
            "inclusion_criterion": "Geriatric subjects",
            "inclusion_criterion_category": "Inclusion"
        }
    ],
    "status_note": "Data at individual level available.",
    "suggestions": [
        "absence",
        "addition",
        "angeles",
        "antibodies",
        "ascertain",
        "assessed",
        "assessments",
        "assistant",
        "available",
        "california",
        "carefully",
        "cedars-sinai",
        "center",
        "clinical",
        "clinical assessment",
        "clinically",
        "cohort",
        "compared",
        "concern",
        "conducted",
        "confirmed",
        "conjunction",
        "covid-19",
        "data",
        "effectiveness.",
        "efficacy",
        "either",
        "evaluate",
        "evaluations",
        "focus",
        "found",
        "front",
        "geriatric",
        "heart",
        "illness",
        "institute",
        "level",
        "line",
        "longitudinal",
        "los",
        "low",
        "majority",
        "measured",
        "medical",
        "negative",
        "nurse",
        "outcomes",
        "patients",
        "performed",
        "physician",
        "possible",
        "practitioner",
        "probability",
        "provider",
        "records",
        "research",
        "result",
        "results",
        "retrospective",
        "review",
        "reviewed",
        "sars-cov-2",
        "smidt",
        "specified",
        "stability",
        "subjects",
        "subsequently",
        "supervision",
        "suspicion",
        "table",
        "table1",
        "test",
        "testing",
        "urban",
        "vast",
        "without"
    ]
}