{
    "pubmed_id": 33688034,
    "study_identifier": "PMID33688034_study-01",
    "study_name": "A safe and highly efficacious measles virus-based vaccine expressing SARS-CoV-2 stabilized prefusion spike",
    "publication_title": "A safe and highly efficacious measles virus-based vaccine expressing SARS-CoV-2 stabilized prefusion spike",
    "study_objective": "To develop a safe, efficacious, and durable SARS-CoV-2 vaccine, using a measles virus (rMeV) vaccine strain as the backbone",
    "study_description": "The current pandemic of COVID-19 caused by severe acute respiratory syndrome coronavirus 2 (SARS-CoV-2) highlights an urgent need to develop a safe, efficacious, and durable vaccine. Using a measles virus (rMeV) vaccine strain as the backbone, we developed a series of recombinant attenuated vaccine candidates expressing various forms of the SARS-CoV-2 spike (S) protein and its receptor binding domain (RBD) and evaluated their efficacy in cotton rat, IFNAR-/-mice, IFNAR-/--hCD46 mice, and golden Syrian hamsters. We found that rMeV expressing stabilized prefusion S protein (rMeV-preS) was more potent in inducing SARS-CoV-2-specific neutralizing antibodies than rMeV expressing full-length S protein (rMeV-S), while the rMeVs expressing different lengths of RBD (rMeV-RBD) were the least potent. Animals immunized with rMeV-preS produced higher levels of neutralizing antibody than found in convalescent sera from COVID-19 patients and a strong Th1-biased T cell response. The rMeV-preS also provided complete protection of hamsters from challenge with SARS-CoV-2, preventing replication in lungs and nasal turbinates, body weight loss, cytokine storm, and lung pathology. These data demonstrate that rMeV-preS is a safe and highly efficacious vaccine candidate, supporting its further development as a SARS-CoV-2 vaccine",
    "primary_institution_name": "Ohio State University",
    "study_personnel": [
        {
            "personnel_id": "PMID33688034_personnel-01",
            "honorific": "",
            "last_name": "Liu",
            "first_name": "Shan-Lu",
            "suffixes": "",
            "organization": "Ohio State University",
            "orchid_id": "",
            "email": "liu.6244@osu.edu",
            "seronet_title_in_study": "SeroNet Investigator",
            "role_in_study": "Investigator",
            "site_name": "Ohio State University"
        }
    ],
    "study_file": [
        {
            "study_file_name": "PMID33688034_pnas.2026153118.sapp.pdf",
            "study_file_description": "Extended serology data and description of ELISPOT, Flow cytometry, ELISA, plaque reduction neutralization and Immunohistochemistry assays",
            "study_file_type": "Study Data"
        },
        {
            "study_file_name": "PMID33688034_v1.2.5.xlsm",
            "study_file_description": "Completed curation of the study into SeroNet Registry Template which includes SeroNet Study Descriptors",
            "study_file_type": "Study Summary Description"
        },
        {
            "study_file_name": "PMID33688034_JSON.json",
            "study_file_description": "JSON format of completed curation of the study into SeroNet Registry Template which includes SeroNet Study Descriptors",
            "study_file_type": "JSON Summary Description"
        }
    ],
    "study_link": [
        {
            "link_name": "GenBank",
            "value": "https://www.ncbi.nlm.nih.gov/nuccore/MN985325"
        }
    ],
    "research_focus": "Vaccine Response",
    "study_type": "Basic Research",
    "keyword": [
        "SARS-CoV-2 vaccine",
        "measles virus vector",
        "prefusion spike"
    ],
    "clinical_study_design": "Not Applicable",
    "in_silico_model_type": "",
    "protocol": {
        "protocol_id": "PMID33688034_protocol-02",
        "protocol_file_name": "PMID33688034_protocol-02.txt",
        "protocol_name": "PMID33688034_protocol-02",
        "protocol_description": "Study Protocol",
        "protocol_type": "Study Protocol"
    },
    "reported_health_condition": [
        "Covid-19",
        "SARS-CoV-2 Wuhan/2020"
    ],
    "sars_cov_2_vaccine_type": [
        "Other SARS-CoV-2 vaccine"
    ],
    "clinical_outcome_measure": "Not Applicable",
    "enrollment_start_date": "",
    "enrollment_end_date": "",
    "number_of_study_subjects": 6,
    "age_unit": "Years",
    "minimum_age": "",
    "maximum_age": "",
    "study_human_cohort": [
        {
            "arm_id": "PMID33688034_human_subject-01",
            "arm_name": "SARS-CoV-2 positive individuals",
            "study_population_description": "Serum sample collected from 6 COVID-19 positive patients",
            "arm_type": "Observational",
            "ethnicity": [
                "Not Specified"
            ],
            "race": [
                "Not Specified"
            ],
            "race_specify": [],
            "description": "",
            "sex_at_birth": [
                "Not specified"
            ],
            "age_event": "Not Specified",
            "subject_phenotype": "",
            "assessment_name": [
                "assessment_recorded_pv"
            ],
            "study_location": [
                ""
            ],
            "measured_behavioral_or_pyschological_factor": [],
            "measured_social_factor": [],
            "sars_cov_2_symptoms": [],
            "assessment_clinical_and_demographic_data_provenance": [],
            "assessment_demographic_data_types_collected": [],
            "sars_cov_2_history": [
                ""
            ],
            "sars_cov_2_vaccine_type": [
                ""
            ],
            "covid_19_disease_severity": [],
            "post_covid_19_symptoms": [],
            "covid_19_complications": []
        }
    ],
    "study_model_cohort": [
        {
            "arm_id": "PMID33688034_organism_subject-02",
            "arm_name": "Group 1 Cotton rats inoculated with PBS, rMeV vaccine strain.",
            "study_population_description": "Cotton rats (4 weeks old) subcutaneously inoculated with PBS, 4*105 PFU of parental rMeV vaccine strain and after 4 weeks boosted with 2\u00d7106 PFU of rMeV (N=5).",
            "arm_type": "Vaccination",
            "genus_and_species": [
                "Sigmodon hispidus"
            ],
            "biosample_type": [
                "Animal"
            ],
            "strain_characteristics": [],
            "sex_at_birth": [
                "Not specified"
            ],
            "age_event": "Age at enrollment",
            "subject_phenotype": "",
            "study_location": [
                "US: Ohio"
            ],
            "sars_cov_2_history": [
                "Vaccinated"
            ],
            "sars_cov_2_vaccine_type": [
                "Other"
            ],
            "covid_19_disease_severity": [],
            "post_covid_19_symptons": [],
            "covid_19_complications": []
        },
        {
            "arm_id": "PMID33688034_organism_subject-03",
            "arm_name": "Group 2 Cotton rats inoculated with PBS, rMeV-S vaccine strain.",
            "study_population_description": "Cotton rats  (4 weeks old) subcutaneously inoculated with PBS, 4*105 PFU of rMeV-S vaccine strain and after 4 weeks boosted with  2\u00d7106 PFU of rMeV-S (N=5).",
            "arm_type": "Vaccination",
            "genus_and_species": [
                "Sigmodon hispidus"
            ],
            "biosample_type": [
                "Animal"
            ],
            "strain_characteristics": [],
            "sex_at_birth": [
                "Not specified"
            ],
            "age_event": "Age at enrollment",
            "subject_phenotype": "",
            "study_location": [
                "US: Ohio"
            ],
            "sars_cov_2_history": [
                "Vaccinated"
            ],
            "sars_cov_2_vaccine_type": [
                "Other"
            ],
            "covid_19_disease_severity": [],
            "post_covid_19_symptons": [],
            "covid_19_complications": []
        },
        {
            "arm_id": "PMID33688034_organism_subject-04",
            "arm_name": "Group 3 Cotton rats inoculated with  PBS, rMeV-preS vaccine strain.",
            "study_population_description": "Cotton rats  (4 weeks old) subcutaneously inoculated with PBS, 4*105 PFU of rMeV-preS vaccine strain and after 4 weeks boosted with  2\u00d7106 PFU of rMeV-preS (N=5).",
            "arm_type": "Vaccination",
            "genus_and_species": [
                "Sigmodon hispidus"
            ],
            "biosample_type": [
                "Animal"
            ],
            "strain_characteristics": [],
            "sex_at_birth": [
                "Not specified"
            ],
            "age_event": "Age at enrollment",
            "subject_phenotype": "",
            "study_location": [
                "US: Ohio"
            ],
            "sars_cov_2_history": [
                "Vaccinated"
            ],
            "sars_cov_2_vaccine_type": [
                "Other"
            ],
            "covid_19_disease_severity": [],
            "post_covid_19_symptons": [],
            "covid_19_complications": []
        },
        {
            "arm_id": "PMID33688034_organism_subject-05",
            "arm_name": "Group 4 Cotton rats inoculated with PBS, rMeV-S1 vaccine strain.",
            "study_population_description": "Cotton rats  (4 weeks old) subcutaneously inoculated with 4*105 PFU of rMeV-S1 vaccine strain and after 4 weeks boosted with  2\u00d7106 PFU of rMeV-S1 (N=5).",
            "arm_type": "Vaccination",
            "genus_and_species": [
                "Sigmodon hispidus"
            ],
            "biosample_type": [
                "Animal"
            ],
            "strain_characteristics": [],
            "sex_at_birth": [
                "Not specified"
            ],
            "age_event": "Age at enrollment",
            "subject_phenotype": "",
            "study_location": [
                "US: Ohio"
            ],
            "sars_cov_2_history": [
                "Vaccinated"
            ],
            "sars_cov_2_vaccine_type": [
                "Other"
            ],
            "covid_19_disease_severity": [],
            "post_covid_19_symptons": [],
            "covid_19_complications": []
        },
        {
            "arm_id": "PMID33688034_organism_subject-06",
            "arm_name": "Group 5 Cotton rats inoculated with rMeV-RBD1 vaccine strain.",
            "study_population_description": "Cotton rats  (4 weeks old) subcutaneously inoculated with PBS, 4*105 PFU of rMeV-RBD1 vaccine strain and after 4 weeks boosted with  2\u00d7106 PFU of rMeV-RBD1 (N=5).",
            "arm_type": "Vaccination",
            "genus_and_species": [
                "Sigmodon hispidus"
            ],
            "biosample_type": [
                "Animal"
            ],
            "strain_characteristics": [],
            "sex_at_birth": [
                "Not specified"
            ],
            "age_event": "Age at enrollment",
            "subject_phenotype": "",
            "study_location": [
                "US: Ohio"
            ],
            "sars_cov_2_history": [
                "Vaccinated"
            ],
            "sars_cov_2_vaccine_type": [
                "Other"
            ],
            "covid_19_disease_severity": [],
            "post_covid_19_symptons": [],
            "covid_19_complications": []
        },
        {
            "arm_id": "PMID33688034_organism_subject-07",
            "arm_name": "Group 6 Cotton rats inoculated with PBS, rMeV-RBD2  vaccine strain.",
            "study_population_description": "Cotton rats  (4 weeks old) subcutaneously inoculated with PBS, 4*105 PFU of rMeV-RBD2 vaccine strain and after 4 weeks boosted with  2\u00d7106 PFU of rMeV-RBD2 (N=5).",
            "arm_type": "Vaccination",
            "genus_and_species": [
                "Sigmodon hispidus"
            ],
            "biosample_type": [
                "Animal"
            ],
            "strain_characteristics": [],
            "sex_at_birth": [
                "Not specified"
            ],
            "age_event": "Age at enrollment",
            "subject_phenotype": "",
            "study_location": [
                "US: Ohio"
            ],
            "sars_cov_2_history": [
                "Vaccinated"
            ],
            "sars_cov_2_vaccine_type": [
                "Other"
            ],
            "covid_19_disease_severity": [],
            "post_covid_19_symptons": [],
            "covid_19_complications": []
        },
        {
            "arm_id": "PMID33688034_organism_subject-08",
            "arm_name": "Group 7 Cotton rats inoculated with rMeV-RBD3  vaccine strain.",
            "study_population_description": "Cotton rats  (4 weeks old) subcutaneously inoculated with 4*105 PFU of rMeV-RBD3 vaccine strain and after 4 weeks boosted with  2\u00d7106 PFU of rMeV-RBD3 (N=5).",
            "arm_type": "Vaccination",
            "genus_and_species": [
                "Sigmodon hispidus"
            ],
            "biosample_type": [
                "Animal"
            ],
            "strain_characteristics": [],
            "sex_at_birth": [
                "Not specified"
            ],
            "age_event": "Age at enrollment",
            "subject_phenotype": "",
            "study_location": [
                "US: Ohio"
            ],
            "sars_cov_2_history": [
                "Vaccinated"
            ],
            "sars_cov_2_vaccine_type": [
                "Other"
            ],
            "covid_19_disease_severity": [],
            "post_covid_19_symptons": [],
            "covid_19_complications": []
        },
        {
            "arm_id": "PMID33688034_organism_subject-09",
            "arm_name": "Group 1 IFNAR-/- -hCD46 transgenic mice immunized with rMeV",
            "study_population_description": "IFNAR-/- -hCD46 transgenic mice (4 weeks old) immunized with 8\u00d7105 PFU (half subcutaneous and half intranasal) of parental rMeV and after 2 weeks mice were boosted with 6\u00d7105 PFU of rMeV (N= 5 or 6)",
            "arm_type": "Vaccination",
            "genus_and_species": [
                "Mus musculus"
            ],
            "biosample_type": [
                "Animal"
            ],
            "strain_characteristics": [],
            "sex_at_birth": [
                "Female"
            ],
            "age_event": "Age at enrollment",
            "subject_phenotype": "",
            "study_location": [
                "US: Ohio"
            ],
            "sars_cov_2_history": [
                "Vaccinated"
            ],
            "sars_cov_2_vaccine_type": [
                "Other"
            ],
            "covid_19_disease_severity": [],
            "post_covid_19_symptons": [],
            "covid_19_complications": []
        },
        {
            "arm_id": "PMID33688034_organism_subject-10",
            "arm_name": "Group 2 IFNAR-/- -hCD46 transgenic mice immunized with rMeV-preS",
            "study_population_description": "IFNAR-/- -hCD46 transgenic mice (4 weeks old) immunized with 8\u00d7105 PFU (half subcutaneous and half intranasal) of parental rMeV-preS  and after 2 weeks mice were boosted with 6\u00d7105 PFU of rMeV-preS (N= 5 or 6)",
            "arm_type": "Vaccination",
            "genus_and_species": [
                "Mus musculus"
            ],
            "biosample_type": [
                "Animal"
            ],
            "strain_characteristics": [],
            "sex_at_birth": [
                "Female"
            ],
            "age_event": "Age at enrollment",
            "subject_phenotype": "",
            "study_location": [
                "US: Ohio"
            ],
            "sars_cov_2_history": [
                "Vaccinated"
            ],
            "sars_cov_2_vaccine_type": [
                "Other"
            ],
            "covid_19_disease_severity": [],
            "post_covid_19_symptons": [],
            "covid_19_complications": []
        },
        {
            "arm_id": "PMID33688034_organism_subject-11",
            "arm_name": "Group 3 IFNAR-/- -hCD46 transgenic mice immunized with rMeV-S1",
            "study_population_description": "IFNAR-/- -hCD46 transgenic mice (4 weeks old) immunized with 8\u00d7105 PFU (half subcutaneous and half intranasal) of parental rMeV-S1 and after 2 weeks mice were boosted with 6\u00d7105 PFU of rMeV-S1  (N= 5 or 6)",
            "arm_type": "Vaccination",
            "genus_and_species": [
                "Mus musculus"
            ],
            "biosample_type": [
                "Animal"
            ],
            "strain_characteristics": [],
            "sex_at_birth": [
                "Female"
            ],
            "age_event": "Age at enrollment",
            "subject_phenotype": "",
            "study_location": [
                "US: Ohio"
            ],
            "sars_cov_2_history": [
                "Vaccinated"
            ],
            "sars_cov_2_vaccine_type": [
                "Other"
            ],
            "covid_19_disease_severity": [],
            "post_covid_19_symptons": [],
            "covid_19_complications": []
        },
        {
            "arm_id": "PMID33688034_organism_subject-12",
            "arm_name": "Group 4 Normal control group",
            "study_population_description": "Group 4 Normal control IFNAR-/- -hCD46 transgenic mice (N= 5 or 6)",
            "arm_type": "Healthy Control",
            "genus_and_species": [
                "Mus musculus"
            ],
            "biosample_type": [
                "Animal"
            ],
            "strain_characteristics": [],
            "sex_at_birth": [
                "Female"
            ],
            "age_event": "Age at enrollment",
            "subject_phenotype": "",
            "study_location": [
                "US: Ohio"
            ],
            "sars_cov_2_history": [
                "Not vaccinated"
            ],
            "sars_cov_2_vaccine_type": [
                "Other"
            ],
            "covid_19_disease_severity": [],
            "post_covid_19_symptons": [],
            "covid_19_complications": []
        },
        {
            "arm_id": "PMID33688034_organism_subject-13",
            "arm_name": "Group 1 IFNAR-/- mice immunized with rMeV-preS",
            "study_population_description": "IFNAR-/-  mice (4 weeks old) immunized with 8\u00d7105 PFU (half subcutaneous and half intranasal) of rMeV-preS (N=5 or 6)",
            "arm_type": "Vaccination",
            "genus_and_species": [
                "Mus musculus"
            ],
            "biosample_type": [
                "Animal"
            ],
            "strain_characteristics": [],
            "sex_at_birth": [
                "Female"
            ],
            "age_event": "Age at enrollment",
            "subject_phenotype": "",
            "study_location": [
                "US: Ohio"
            ],
            "sars_cov_2_history": [
                "Vaccinated"
            ],
            "sars_cov_2_vaccine_type": [
                "Other"
            ],
            "covid_19_disease_severity": [],
            "post_covid_19_symptons": [],
            "covid_19_complications": []
        },
        {
            "arm_id": "PMID33688034_organism_subject-14",
            "arm_name": "Group 2 IFNAR-/- mice immunized with rMeV-preS and booster",
            "study_population_description": "IFNAR-/- mice (4 weeks old) immunized with 8\u00d7105 PFU (half subcutaneous and half intranasal) of rMeV-preS and after 4 weeks boosted with 8\u00d7105 PFU of rMeV-preS (N=5 or 6)",
            "arm_type": "Vaccination",
            "genus_and_species": [
                "Mus musculus"
            ],
            "biosample_type": [
                "Animal"
            ],
            "strain_characteristics": [],
            "sex_at_birth": [
                "Female"
            ],
            "age_event": "Age at enrollment",
            "subject_phenotype": "",
            "study_location": [
                "US: Ohio"
            ],
            "sars_cov_2_history": [
                "Vaccinated"
            ],
            "sars_cov_2_vaccine_type": [
                "Other"
            ],
            "covid_19_disease_severity": [],
            "post_covid_19_symptons": [],
            "covid_19_complications": []
        },
        {
            "arm_id": "PMID33688034_organism_subject-15",
            "arm_name": "Group 3 IFNAR-/- mice immunized with rMeV as controls",
            "study_population_description": "IFNAR-/- mice (4 weeks old) immunized with 8\u00d7105 PFU (half subcutaneous and half intranasal) of rMeV and served as controls (N= 5 or 6)",
            "arm_type": "Vaccination",
            "genus_and_species": [
                "Mus musculus"
            ],
            "biosample_type": [
                "Animal"
            ],
            "strain_characteristics": [],
            "sex_at_birth": [
                "Female"
            ],
            "age_event": "Age at enrollment",
            "subject_phenotype": "",
            "study_location": [
                "US: Ohio"
            ],
            "sars_cov_2_history": [
                "Vaccinated"
            ],
            "sars_cov_2_vaccine_type": [
                "Other"
            ],
            "covid_19_disease_severity": [],
            "post_covid_19_symptons": [],
            "covid_19_complications": []
        },
        {
            "arm_id": "PMID33688034_organism_subject-16",
            "arm_name": "Group 1 Golden Syrian hamsters immunized with rMeV-preS",
            "study_population_description": "Golden Syrian hamsters 4 weeks old, immunized with 8\u00d7105 PFU of rMeV-preS (subcutaneous and intranasal routes), after 3 weeks hamsters boosted with rMeV-preS. (N=10)",
            "arm_type": "Vaccination",
            "genus_and_species": [
                "Mesocricetus auratus"
            ],
            "biosample_type": [
                "Animal"
            ],
            "strain_characteristics": [],
            "sex_at_birth": [
                "Female"
            ],
            "age_event": "Age at enrollment",
            "subject_phenotype": "",
            "study_location": [
                "US: Ohio"
            ],
            "sars_cov_2_history": [
                "Vaccinated"
            ],
            "sars_cov_2_vaccine_type": [
                "Other"
            ],
            "covid_19_disease_severity": [],
            "post_covid_19_symptons": [],
            "covid_19_complications": []
        },
        {
            "arm_id": "PMID33688034_organism_subject-17",
            "arm_name": "Group 2 Golden Syrian hamsters immunized with rMeV-S1",
            "study_population_description": "Golden Syrian hamsters, 4 weeks old, immunized with 8\u00d7105 PFU of rMeV-S1 (subcutaneous and intranasal routes), after 3 weeks hamsters boosted with rMeV-S1. (N=10)",
            "arm_type": "Vaccination",
            "genus_and_species": [
                "Mesocricetus auratus"
            ],
            "biosample_type": [
                "Animal"
            ],
            "strain_characteristics": [],
            "sex_at_birth": [
                "Female"
            ],
            "age_event": "Age at enrollment",
            "subject_phenotype": "",
            "study_location": [
                "US: Ohio"
            ],
            "sars_cov_2_history": [
                "Vaccinated"
            ],
            "sars_cov_2_vaccine_type": [
                "Other"
            ],
            "covid_19_disease_severity": [],
            "post_covid_19_symptons": [],
            "covid_19_complications": []
        },
        {
            "arm_id": "PMID33688034_organism_subject-18",
            "arm_name": "Group 3 Golden Syrian hamsters immunized with parental rMeV",
            "study_population_description": "Golden Syrian hamsters, 4 weeks old, immunized with 8\u00d7105 PFU of rMeV-S1 (subcutaneous and intranasal routes), after 3 weeks hamsters boosted with rMeV-S1. (N=10)",
            "arm_type": "Vaccination",
            "genus_and_species": [
                "Mesocricetus auratus"
            ],
            "biosample_type": [
                "Animal"
            ],
            "strain_characteristics": [],
            "sex_at_birth": [
                "Female"
            ],
            "age_event": "Age at enrollment",
            "subject_phenotype": "",
            "study_location": [
                "US: Ohio"
            ],
            "sars_cov_2_history": [
                "Vaccinated"
            ],
            "sars_cov_2_vaccine_type": [
                "Other"
            ],
            "covid_19_disease_severity": [],
            "post_covid_19_symptons": [],
            "covid_19_complications": []
        },
        {
            "arm_id": "PMID33688034_organism_subject-19",
            "arm_name": "Group 4 Golden Syrian hamsters received PBS",
            "study_population_description": "Golden Syrian hamsters inoculated with DMEM and served as unimmunized unchallenged controls (n=10)",
            "arm_type": "Vaccination",
            "genus_and_species": [
                "Mesocricetus auratus"
            ],
            "biosample_type": [
                "Animal"
            ],
            "strain_characteristics": [],
            "sex_at_birth": [
                "Female"
            ],
            "age_event": "Age at enrollment",
            "subject_phenotype": "",
            "study_location": [
                "US: Ohio"
            ],
            "sars_cov_2_history": [
                "Not vaccinated"
            ],
            "sars_cov_2_vaccine_type": [
                "Other"
            ],
            "covid_19_disease_severity": [],
            "post_covid_19_symptons": [],
            "covid_19_complications": []
        }
    ],
    "planned_visit": [
        {
            "visit_id": "PMID33688034_visit-01",
            "visit_name": "Blood sample was collected from Cotton rat at week 4 after immunization",
            "visit_order_number": 1,
            "visit_min_start_day": 28,
            "visit_max_start_day": "",
            "visit_start_rule": ""
        },
        {
            "visit_id": "PMID33688034_visit-02",
            "visit_name": "Blood sample was collected from Cotton rat at week 6 after immunization",
            "visit_order_number": 2,
            "visit_min_start_day": 42,
            "visit_max_start_day": "",
            "visit_start_rule": ""
        },
        {
            "visit_id": "PMID33688034_visit-03",
            "visit_name": "Blood sample was collected from Cotton rat at week 8 after immunization",
            "visit_order_number": 3,
            "visit_min_start_day": 56,
            "visit_max_start_day": "",
            "visit_start_rule": ""
        },
        {
            "visit_id": "PMID33688034_visit-04",
            "visit_name": "Blood sample was collected from each mouse at week 3 after immunization by facial vein bleeding",
            "visit_order_number": 4,
            "visit_min_start_day": 21,
            "visit_max_start_day": "",
            "visit_start_rule": ""
        },
        {
            "visit_id": "PMID33688034_visit-05",
            "visit_name": "Blood sample was collected from each IFNAR-/- mouse at week 7 after immunization by facial vein bleeding",
            "visit_order_number": 5,
            "visit_min_start_day": 49,
            "visit_max_start_day": "",
            "visit_start_rule": ""
        },
        {
            "visit_id": "PMID33688034_visit-06",
            "visit_name": "Blood sample was collected from each IFNAR-/- mouse at week 8 after immunization by facial vein bleeding",
            "visit_order_number": 6,
            "visit_min_start_day": 56,
            "visit_max_start_day": "",
            "visit_start_rule": ""
        },
        {
            "visit_id": "PMID33688034_visit-07",
            "visit_name": "Spleen was isolated from each hCD46 mouse at week 3 post-immunization",
            "visit_order_number": 7,
            "visit_min_start_day": 21,
            "visit_max_start_day": "",
            "visit_start_rule": ""
        },
        {
            "visit_id": "PMID33688034_visit-08",
            "visit_name": "Blood sample was collected from each hamster at week 2 after immunization",
            "visit_order_number": 8,
            "visit_min_start_day": 14,
            "visit_max_start_day": "",
            "visit_start_rule": ""
        },
        {
            "visit_id": "PMID33688034_visit-09",
            "visit_name": "Blood sample was collected from each hamster at week 4 after immunization",
            "visit_order_number": 9,
            "visit_min_start_day": 28,
            "visit_max_start_day": "",
            "visit_start_rule": ""
        },
        {
            "visit_id": "PMID33688034_visit-10",
            "visit_name": "Blood sample was collected from each hamster at week 6 after immunization",
            "visit_order_number": 10,
            "visit_min_start_day": 42,
            "visit_max_start_day": "",
            "visit_start_rule": ""
        },
        {
            "visit_id": "PMID33688034_visit-11",
            "visit_name": "Hamsters were challenged intranasally with 105 PFU of SARS-CoV-2 at week 4 after booster immunization",
            "visit_order_number": 11,
            "visit_min_start_day": 28,
            "visit_max_start_day": "",
            "visit_start_rule": ""
        },
        {
            "visit_id": "PMID33688034_visit-12",
            "visit_name": "hamster lung, nasal turbinate, brain, liver, and spleen were collected for detection of SARS-CoV-2 at day 4 post-challenge",
            "visit_order_number": 12,
            "visit_min_start_day": 4,
            "visit_max_start_day": "",
            "visit_start_rule": ""
        },
        {
            "visit_id": "PMID33688034_visit-13",
            "visit_name": "Serum sample collected from human subjects at the diagnosis of SARS-CoV-2 (V1)",
            "visit_order_number": 13,
            "visit_min_start_day": 0,
            "visit_max_start_day": "",
            "visit_start_rule": ""
        },
        {
            "visit_id": "PMID33688034_visit-14",
            "visit_name": "Serum sample collected from human subjects 30 days after the diagnosis of SARS-CoV-2 (V2)",
            "visit_order_number": 14,
            "visit_min_start_day": 30,
            "visit_max_start_day": "",
            "visit_start_rule": ""
        },
        {
            "visit_id": "PMID33688034_visit-15",
            "visit_name": "Vero E6 cells",
            "visit_order_number": 15,
            "visit_min_start_day": 1,
            "visit_max_start_day": "",
            "visit_start_rule": ""
        }
    ],
    "experiment": [
        {
            "arm_id": [
                "PMID33688034_organism_subject-09 | PMID33688034_organism_subject-10 | PMID33688034_organism_subject-11 | PMID33688034_organism_subject-12 | PMID33688034_organism_subject-13 | PMID33688034_organism_subject-14 | PMID33688034_organism_subject-15"
            ],
            "associated_first_planned_visit_id": [
                "PMID33688034_visit-07"
            ],
            "assay_type": "ELISPOT",
            "experiment_name": "ELISPOT assay",
            "experiment_results_file_name": "na",
            "biospecimen_type": [
                "Other tissue (sorted)"
            ],
            "biospecimen_collection_point": [
                "Post-vaccination"
            ],
            "sars_cov_2_antigen": [
                "S1",
                "S2",
                "Full Length Spike Trimer"
            ],
            "assay_use": "",
            "manufacture": "components from multiple manufacturers",
            "catalog_number": "",
            "virus_target": [
                "SARS-CoV-2 Wuhan/2020 (original)"
            ],
            "antibody_isotype": [
                "Other"
            ],
            "reporting_units": "",
            "assay_reporting_format": "Quantitative"
        },
        {
            "arm_id": [
                "PMID33688034_organism_subject-09 | PMID33688034_organism_subject-10 | PMID33688034_organism_subject-11 | PMID33688034_organism_subject-12 | PMID33688034_organism_subject-13 | PMID33688034_organism_subject-14 | PMID33688034_organism_subject-15"
            ],
            "associated_first_planned_visit_id": [
                "PMID33688034_visit-04 | PMID33688034_visit-05 | PMID33688034_visit-06"
            ],
            "assay_type": "Flow Cytometry",
            "experiment_name": "Flow Cytometry",
            "experiment_results_file_name": "na",
            "biospecimen_type": [
                "Blood"
            ],
            "biospecimen_collection_point": [
                "Post-vaccination"
            ],
            "sars_cov_2_antigen": [
                "S1",
                "S2",
                "Full Length Spike Trimer"
            ],
            "assay_use": "",
            "manufacture": "components from multiple manufacturers",
            "catalog_number": "",
            "virus_target": [
                "SARS-CoV-2 Wuhan/2020 (original)"
            ],
            "antibody_isotype": [
                "Other"
            ],
            "reporting_units": "",
            "assay_reporting_format": "Quantitative"
        },
        {
            "arm_id": [
                "PMID33688034_organism_subject-01 | PMID33688034_organism_subject-02 | PMID33688034_organism_subject-03 | PMID33688034_organism_subject-04 | PMID33688034_organism_subject-05 | PMID33688034_organism_subject-06 | PMID33688034_organism_subject-07 | PMID33688034_organism_subject-08 | PMID33688034_organism_subject-09 | PMID33688034_organism_subject-10 | PMID33688034_organism_subject-11 | PMID33688034_organism_subject-12 | PMID33688034_organism_subject-13 | PMID33688034_organism_subject-14 |  PMID33688034_organism_subject-15 |  PMID33688034_organism_subject-16 |  PMID33688034_organism_subject-17 |  PMID33688034_organism_subject-18"
            ],
            "associated_first_planned_visit_id": [
                "PMID33688034_visit-01 | PMID33688034_visit-02 | PMID33688034_visit-03 | PMID33688034_visit-04 | PMID33688034_visit-05 | PMID33688034_visit-06 | PMID33688034_visit-07 | PMID33688034_visit-08 | PMID33688034_visit-09 | PMID33688034_visit-10"
            ],
            "assay_type": "ELISA",
            "experiment_name": "ELISA",
            "experiment_results_file_name": "na",
            "biospecimen_type": [
                "Serum"
            ],
            "biospecimen_collection_point": [
                "Post-vaccination"
            ],
            "sars_cov_2_antigen": [
                "S1",
                "S2",
                "Full Length Spike Trimer"
            ],
            "assay_use": "",
            "manufacture": "components from multiple manufacturers",
            "catalog_number": "",
            "virus_target": [
                "SARS-CoV-2 Wuhan/2020 (original)"
            ],
            "antibody_isotype": [
                "Other"
            ],
            "reporting_units": "",
            "assay_reporting_format": "Quantitative"
        },
        {
            "arm_id": [
                "PMID33688034_organism_subject-16 | PMID33688034_organism_subject-17 | PMID33688034_organism_subject-18 | PMID33688034_organism_subject-19"
            ],
            "associated_first_planned_visit_id": [
                "PMID33688034_visit-11 | PMID33688034_visit-12"
            ],
            "assay_type": "Immunohistochemistry",
            "experiment_name": "Immunohistochemistry",
            "experiment_results_file_name": "na",
            "biospecimen_type": [
                "Other tissue (sorted)"
            ],
            "biospecimen_collection_point": [
                "Post-vaccination"
            ],
            "sars_cov_2_antigen": [
                "Nucleocapsid"
            ],
            "assay_use": "",
            "manufacture": "components from multiple manufacturers",
            "catalog_number": "",
            "virus_target": [
                "SARS-CoV-2 Wuhan/2020 (original)"
            ],
            "antibody_isotype": [
                "Other"
            ],
            "reporting_units": "",
            "assay_reporting_format": "Quantitative"
        },
        {
            "arm_id": [
                "PMID33688034_organism_subject-02 | PMID33688034_organism_subject-03"
            ],
            "associated_first_planned_visit_id": [
                "PMID33688034_visit-15"
            ],
            "assay_type": "Western Blot",
            "experiment_name": "Western Blot",
            "experiment_results_file_name": "na",
            "biospecimen_type": [
                "Serum"
            ],
            "biospecimen_collection_point": [
                "Other"
            ],
            "sars_cov_2_antigen": [
                "Nucleocapsid",
                "Receptor Binding Domain (RBD)",
                "S1"
            ],
            "assay_use": "",
            "manufacture": "components from multiple manufacturers",
            "catalog_number": "",
            "virus_target": [
                "SARS-CoV-2 Wuhan/2020 (original)"
            ],
            "antibody_isotype": [
                "IgG"
            ],
            "reporting_units": "",
            "assay_reporting_format": "Quantitative"
        },
        {
            "arm_id": [
                "PMID33688034_organism_subject-16 | PMID33688034_organism_subject-17 | PMID33688034_organism_subject-18 | PMID33688034_organism_subject-19"
            ],
            "associated_first_planned_visit_id": [
                "PMID33688034_visit-11 | PMID33688034_visit-12"
            ],
            "assay_type": "PCR",
            "experiment_name": "RT-PCR",
            "experiment_results_file_name": "na",
            "biospecimen_type": [
                "Other tissue (sorted)"
            ],
            "biospecimen_collection_point": [
                "Other"
            ],
            "sars_cov_2_antigen": [
                "Nucleocapsid",
                "Receptor Binding Domain (RBD)",
                "S1"
            ],
            "assay_use": "",
            "manufacture": "Qiagen",
            "catalog_number": "",
            "virus_target": [
                "SARS-CoV-2 Wuhan/2020 (original)"
            ],
            "antibody_isotype": [
                "Other"
            ],
            "reporting_units": "",
            "assay_reporting_format": "Quantitative"
        },
        {
            "arm_id": [
                "PMID33688034_organism_subject-16 | PMID33688034_organism_subject-17 | PMID33688034_organism_subject-18 | PMID33688034_organism_subject-19"
            ],
            "associated_first_planned_visit_id": [
                "PMID33688034_visit-12"
            ],
            "assay_type": "Microscopy",
            "experiment_name": "Light microscopy",
            "experiment_results_file_name": "na",
            "biospecimen_type": [
                "Other tissue (sorted)"
            ],
            "biospecimen_collection_point": [
                "Other"
            ],
            "sars_cov_2_antigen": [
                "Nucleocapsid",
                "Receptor Binding Domain (RBD)",
                "S1"
            ],
            "assay_use": "",
            "manufacture": "components from multiple manufacturers",
            "catalog_number": "",
            "virus_target": [
                "SARS-CoV-2 Wuhan/2020 (original)"
            ],
            "antibody_isotype": [
                "Other"
            ],
            "reporting_units": "",
            "assay_reporting_format": "Quantitative"
        }
    ],
    "geriatric_subjects": "Not Specified",
    "pediatric_subjects": "Not Specified",
    "pregnant_subjects": "Not Specified",
    "sars_cov_2_antibodies_measured": "Yes",
    "survey_instrument_shared": "Not Specified",
    "who_disease_severity_scale_used": "Not Specified",
    "inclusion_exclusion": [
        {
            "inclusion_exculusion_id": "PMID33688034_inexcl-01",
            "inclusion_criterion": "SARS-CoV-2 Antibodies Measured",
            "inclusion_criterion_category": "inclusion"
        }
    ],
    "status_note": "Data at study and cohort level.",
    "suggestions": [
        "acute",
        "also",
        "animals",
        "antibodies",
        "antibody",
        "applicable",
        "attenuated",
        "backbone",
        "basic",
        "binding",
        "body",
        "candidate",
        "candidates",
        "caused",
        "cell",
        "challenge",
        "complete",
        "convalescent",
        "coronavirus",
        "cotton",
        "covid-19",
        "current",
        "cytokine",
        "data",
        "demonstrate",
        "develop",
        "developed",
        "development",
        "different",
        "domain",
        "durable",
        "efficacious",
        "efficacy",
        "evaluated",
        "expressing",
        "forms",
        "found",
        "full-length",
        "golden",
        "hamsters",
        "hcd46",
        "higher",
        "highlights",
        "highly",
        "ifnar-/",
        "ifnar-/-mice",
        "immunized",
        "inducing",
        "least",
        "lengths",
        "levels",
        "loss",
        "lung",
        "lungs",
        "measles",
        "measles virus vector",
        "measured",
        "mice",
        "nasal",
        "need",
        "neutralizing",
        "ohio",
        "other sars-cov-2 vaccine",
        "pandemic",
        "pathology",
        "patients",
        "potent",
        "prefusion",
        "prefusion spike",
        "preventing",
        "produced",
        "protection",
        "protein",
        "provided",
        "rat",
        "rbd",
        "receptor",
        "recombinant",
        "replication",
        "research",
        "respiratory",
        "response",
        "rmev",
        "rmev-pres",
        "rmev-rbd",
        "rmev-s",
        "rmevs",
        "safe",
        "sars-cov-2",
        "sars-cov-2 vaccine",
        "sars-cov-2 wuhan/2020",
        "sars-cov-2-specific",
        "sera",
        "series",
        "severe",
        "spike",
        "stabilized",
        "state",
        "storm",
        "strain",
        "strong",
        "supporting",
        "syndrome",
        "syrian",
        "th1-biased",
        "turbinates",
        "university",
        "urgent",
        "using",
        "vaccine",
        "various",
        "virus",
        "virus-based",
        "weight"
    ]
}