{
    "pubmed_id": 35756977,
    "study_identifier": "PMID35756977_study-01",
    "study_name": "Risk of severe clinical outcomes among persons with SARS-CoV-2 infection with differing levels of vaccination during widespread Omicron (B.1.1.529) and Delta (B.1.617.2) variant circulation in Northern California: A retrospective cohort study",
    "publication_title": "Risk of severe clinical outcomes among persons with SARS-CoV-2 infection with differing levels of vaccination during widespread Omicron (B.1.1.529) and Delta (B.1.617.2) variant circulation in Northern California: A retrospective cohort study",
    "study_objective": "To assess the risk of severe clinical outcomes, to identify risk factors for severe clinical outcomes among persons with SARS-CoV-2 infection and persons with varying vaccination status for COVID-19 during periods of Omicron versus Delta variant circulation",
    "study_description": "Background: The incidence of and risk factors for severe clinical outcomes with the Omicron (B.1.1.529) SARS-CoV-2 variant have not been well-defined.  Methods: We conducted a retrospective cohort study to assess risks of severe clinical outcomes within 21 days after SARS-CoV-2 diagnosis in a large, diverse, integrated health system.  Findings: Among 118,078 persons with incident SARS-CoV-2 infection, 48,101 (41%) were during the Omicron period and 69,977 (59%) during the Delta (B.1.617.2) period. Cumulative incidence of any hospitalization (2.4% versus 7.8%; adjusted hazard ratio [aHR] 0.55; 95% confidence interval [CI] (0.51-0.59), with low-flow oxygen support (1.6% versus 6.4%; aHR 0.46; CI 0.43-0.50), with high-flow oxygen support (0.6% versus 2.8%; aHR 0.47; CI 0.41-0.54), with invasive mechanical ventilation (0.1% versus 0.7%; aHR 0.43; CI 0.33-0.56), and death (0.2% versus 0.7%; aHR 0.54; CI 0.42-0.70) were lower in the Omicron than the Delta period. The risk of hospitalization was higher among unvaccinated persons (aHR 8.34; CI 7.25-9.60) and those who completed a primary COVID-19 vaccination series (aHR 1.72; CI 1.49-1.97) compared with those who completed a primary vaccination series and an additional dose. The strongest risk factors for all severe clinical outcomes were older age, higher body mass index and select comorbidities.  Interpretation: Persons with SARS-CoV-2 infection were significantly less likely to develop severe clinical outcomes during the Omicron period compared with the Delta period. COVID-19 primary vaccination and additional doses were associated with reduced risk of severe clinical outcomes among those with SARS-CoV-2 infection.",
    "primary_institution_name": "Kaiser Foundation Research Institute",
    "study_personnel": [
        {
            "personnel_id": "PMID35756977_personnel-01",
            "honorific": "",
            "last_name": "Skarbinski",
            "first_name": "Jacek",
            "suffixes": "",
            "organization": "Kaiser Foundation Research Institute",
            "orchid_id": "",
            "email": "jacek.skarbinski@KP.ORG",
            "seronet_title_in_study": "SeroNet Investigator",
            "role_in_study": "Investigator",
            "site_name": "Kaiser Foundation Research Institute"
        },
        {
            "personnel_id": "PMID35756977_personnel-02",
            "honorific": "",
            "last_name": "Corley",
            "first_name": "Douglas",
            "suffixes": "",
            "organization": "Kaiser Foundation Research Institute",
            "orchid_id": "",
            "email": "Douglas.Corley@KP.ORG",
            "seronet_title_in_study": "SeroNet Investigator",
            "role_in_study": "Investigator",
            "site_name": "Kaiser Foundation Research Institute"
        },
        {
            "personnel_id": "PMID35756977_personnel-03",
            "honorific": "",
            "last_name": "Amsden",
            "first_name": "Laura",
            "suffixes": "",
            "organization": "Kaiser Foundation Research Institute",
            "orchid_id": "",
            "email": "Laura.B.Amsden@KP.ORG",
            "seronet_title_in_study": "SeroNet Investigator",
            "role_in_study": "Investigator",
            "site_name": "Kaiser Foundation Research Institute"
        }
    ],
    "study_file": [
        {
            "study_file_name": "PMID35756977_mmc1.docx",
            "study_file_description": "Severe clinical outcomes and characteristics of persons hospitalized after SARS-CoV-2 infection in Northern California during Omicron SARS-CoV-2 variant (December 18, 2021-January 7, 2022) and Delta SARS-CoV-2 variant (July 5, 2021-November 30, 2021) transmission",
            "study_file_type": "Study Data"
        },
        {
            "study_file_name": "PMID35756977_Omicron_manuscript_220928_Tables.docx",
            "study_file_description": "Severe clinical outcomes and characteristics of persons hospitalized after SARS-CoV-2 infection in Northern California during Omicron SARS-CoV-2 variant (December 18, 2021-January 7, 2022) and Delta SARS-CoV-2 variant (July 5, 2021-November 30, 2021) transmission",
            "study_file_type": "Study Data"
        },
        {
            "study_file_name": "PMID35756977_v1.2.6.xlsm",
            "study_file_description": "Completed curation of the study into SeroNet Registry Template which includes SeroNet Study Descriptors.",
            "study_file_type": "Study Summary Description"
        },
        {
            "study_file_name": "PMID35756977_JSON.json",
            "study_file_description": "JSON format of completed curation of the study into SeroNet Registry Template which includes SeroNet Study Descriptors",
            "study_file_type": "JSON Summary Description"
        }
    ],
    "study_link": [],
    "research_focus": "Infection Response",
    "study_type": "Clinical Research",
    "keyword": [
        "COVID-19",
        "SARS-CoV-2 Omicron",
        "B.1.1.529",
        "SARS-CoV-2 Delta",
        "B.1.617.2"
    ],
    "clinical_study_design": "Retrospective Cohort",
    "in_silico_model_type": "",
    "protocol": {
        "protocol_id": "PMID35756977_protocol-01",
        "protocol_file_name": "PMID35756977_protocol-01.txt",
        "protocol_name": "PMID35756977_protocol-01",
        "protocol_description": "Study Protocol",
        "protocol_type": "Study Protocol"
    },
    "reported_health_condition": [
        "Covid-19"
    ],
    "sars_cov_2_vaccine_type": [
        "Pfizer-BioNTech SARS-CoV-2 vaccine",
        "Moderna SARS-CoV-2 vaccine",
        "Johnson & Johnson SARS-CoV-2 vaccine"
    ],
    "clinical_outcome_measure": "Risks of severe clinical outcomes within 21 days in patients infected by Omicron and Delta SARS-CoV-2 variants.",
    "enrollment_start_date": "2021-07-05",
    "enrollment_end_date": "2022-01-07",
    "number_of_study_subjects": 118078,
    "age_unit": "Years",
    "minimum_age": 0,
    "maximum_age": 80,
    "study_human_cohort": [
        {
            "arm_id": "PMID35756977_human_subject-01",
            "arm_name": "Persons with SARS-CoV-2 infection during Omicron variant period",
            "study_population_description": "Individuals infected by SARS-CoV-2 Omicron variant (N= 48,101)",
            "arm_type": "Observational",
            "ethnicity": [
                "Hispanic or Latino",
                "Not Hispanic or Latino"
            ],
            "race": [
                "Black or African American",
                "Asian",
                "White",
                "Other Race",
                "Unknown"
            ],
            "race_specify": [],
            "description": "",
            "sex_at_birth": [
                "Female",
                "Male"
            ],
            "age_event": "Age at enrollment",
            "subject_phenotype": "",
            "assessment_name": [
                "assessment_recorded_pv"
            ],
            "study_location": [
                ""
            ],
            "measured_behavioral_or_pyschological_factor": [],
            "measured_social_factor": [],
            "sars_cov_2_symptoms": [
                "Acute COVID-19 (< 4 weeks)"
            ],
            "assessment_clinical_and_demographic_data_provenance": [
                "From Electronic Health Record"
            ],
            "assessment_demographic_data_types_collected": [],
            "sars_cov_2_history": [
                "",
                ""
            ],
            "sars_cov_2_vaccine_type": [
                "Pfizer BioNTech COVID-19 vaccine; VO:0004987",
                "Moderna COVID-19 vaccine; VO:0005157",
                "Johnson & Johnson COVID-19 vaccine; VO:0005159"
            ],
            "covid_19_disease_severity": [
                "Severe",
                "Death"
            ],
            "post_covid_19_symptoms": [],
            "covid_19_complications": []
        },
        {
            "arm_id": "PMID35756977_human_subject-02",
            "arm_name": "Persons with SARS-CoV-2 infection during Delta variant period",
            "study_population_description": "Individuals infected by  SARS-CoV-2 Delta variant (N= 69,977)",
            "arm_type": "Observational",
            "ethnicity": [
                "Hispanic or Latino",
                "Not Hispanic or Latino"
            ],
            "race": [
                "Black or African American",
                "Asian",
                "White",
                "Other Race",
                "Unknown"
            ],
            "race_specify": [],
            "description": "",
            "sex_at_birth": [
                "Female",
                "Male"
            ],
            "age_event": "Age at enrollment",
            "subject_phenotype": "",
            "assessment_name": [
                "assessment_recorded_pv"
            ],
            "study_location": [
                ""
            ],
            "measured_behavioral_or_pyschological_factor": [],
            "measured_social_factor": [],
            "sars_cov_2_symptoms": [
                "Acute COVID-19 (< 4 weeks)"
            ],
            "assessment_clinical_and_demographic_data_provenance": [
                "From Electronic Health Record"
            ],
            "assessment_demographic_data_types_collected": [],
            "sars_cov_2_history": [
                "",
                ""
            ],
            "sars_cov_2_vaccine_type": [
                "Pfizer BioNTech COVID-19 vaccine; VO:0004987",
                "Moderna COVID-19 vaccine; VO:0005157",
                "Johnson & Johnson COVID-19 vaccine; VO:0005159"
            ],
            "covid_19_disease_severity": [
                "Severe",
                "Death"
            ],
            "post_covid_19_symptoms": [],
            "covid_19_complications": []
        }
    ],
    "study_model_cohort": [],
    "planned_visit": [
        {
            "visit_id": "PMID35756977_visit-01",
            "visit_name": "Oropharyngeal specimen collected from the COVID-19 patients",
            "visit_order_number": 1,
            "visit_min_start_day": 0,
            "visit_max_start_day": "",
            "visit_start_rule": ""
        }
    ],
    "experiment": [],
    "geriatric_subjects": "No",
    "pediatric_subjects": "No",
    "pregnant_subjects": "Not Specified",
    "sars_cov_2_antibodies_measured": "No",
    "survey_instrument_shared": "Not Specified",
    "who_disease_severity_scale_used": "Not Specified",
    "inclusion_exclusion": [
        {
            "inclusion_exculusion_id": "PMID35756977_inexcl-01",
            "inclusion_criterion": "Confirmed COVID-19 infection",
            "inclusion_criterion_category": "Yes"
        },
        {
            "inclusion_exculusion_id": "PMID35756977_inexcl-02",
            "inclusion_criterion": "Pediatric subjects",
            "inclusion_criterion_category": "Yes"
        },
        {
            "inclusion_exculusion_id": "PMID35756977_inexcl-03",
            "inclusion_criterion": "SARS-CoV-2 Antibodies Measured",
            "inclusion_criterion_category": "Yes"
        },
        {
            "inclusion_exculusion_id": "PMID35756977_inexcl-04",
            "inclusion_criterion": "Geriatric subjects",
            "inclusion_criterion_category": "Yes"
        }
    ],
    "status_note": "Data at study and cohort level, Individual level data sharing requirement is waived by SeroNet for this study.",
    "suggestions": [
        "0.1",
        "0.2",
        "0.33-0.56",
        "0.41-0.54",
        "0.42-0.70",
        "0.43",
        "0.43-0.50",
        "0.46",
        "0.47",
        "0.51-0.59",
        "0.54",
        "0.55",
        "0.6",
        "0.7",
        "1.49-1.97",
        "1.6",
        "1.72",
        "118,078",
        "2.4",
        "2.8",
        "48,101",
        "6.4",
        "69,977",
        "7.25-9.60",
        "7.8",
        "8.34",
        "additional",
        "adjusted",
        "age",
        "ahr",
        "among",
        "antibodies",
        "assess",
        "associated",
        "b.1.1.529",
        "b.1.617.2",
        "background",
        "body",
        "california",
        "circulation",
        "clinical",
        "cohort",
        "comorbidities",
        "compared",
        "completed",
        "conducted",
        "confidence",
        "confirmed",
        "covid-19",
        "cumulative",
        "days",
        "death",
        "delta",
        "develop",
        "diagnosis",
        "differing",
        "diverse",
        "dose",
        "doses",
        "factors",
        "findings",
        "foundation",
        "geriatric",
        "hazard",
        "health",
        "high-flow",
        "higher",
        "hospitalization",
        "identify",
        "incidence",
        "incident",
        "index",
        "infected",
        "infection",
        "institute",
        "integrated",
        "interpretation",
        "interval",
        "invasive",
        "johnson & johnson sars-cov-2 vaccine",
        "kaiser",
        "large",
        "less",
        "levels",
        "likely",
        "low-flow",
        "lower",
        "mass",
        "measured",
        "mechanical",
        "methods",
        "moderna sars-cov-2 vaccine",
        "northern",
        "older",
        "omicron",
        "outcomes",
        "oxygen",
        "patients",
        "pediatric",
        "period",
        "periods",
        "persons",
        "pfizer-biontech sars-cov-2 vaccine",
        "primary",
        "ratio",
        "reduced",
        "research",
        "response",
        "retrospective",
        "risk",
        "risks",
        "sars-cov-2",
        "sars-cov-2 delta",
        "sars-cov-2 omicron",
        "select",
        "series",
        "severe",
        "significantly",
        "status",
        "strongest",
        "study",
        "subjects",
        "support",
        "system",
        "unvaccinated",
        "vaccination",
        "variant",
        "variants",
        "varying",
        "ventilation",
        "versus",
        "well-defined",
        "widespread",
        "within"
    ]
}