{
  "$schema":"http://json-schema.org/draft-04/schema",
  "title":"interventions.json template schema",
  "description": "The Intervention Template records the study interventions, concomitant medications, and anything else that was reported as entering a subject.",
  "type":"object",
  "properties":{
      "fileName":{
	  "type":"string",
	  "enum":["interventions.json"]
      },
     "name":{
	  "type":"string",
	  "enum":["interventions"]
      },
     "schemaVersion":{
	  "type":"string",
	  "enum":["3.36"]
      },
     "templateType":{
	  "type":"string",
	  "enum":["single"]
      },
     "validationLevel":{
	  "type":"string"
      },
     "data": {
       "type":"array",
       "items":{
         "$ref":"interventions.Datum.json#"
       },
       "minItems":1
     }
  },
  "additionalProperties":false,
  "required":["fileName","name","schemaVersion","templateType","data"]
}