{
  "$schema":"http://json-schema.org/draft-04/schema",
  "title":"MBAA_Results.json template schema",
  "description": "The MBAA experiment sample template defines and annotates the assay results for a sample by linking sample, experiment, and results together.",
  "type":"object",
  "properties":{
      "fileName":{
	  "type":"string",
	  "enum":["MBAA_Results.json"]
      },
     "name":{
	  "type":"string",
	  "enum":["mbaa_results"]
      },
     "schemaVersion":{
	  "type":"string",
	  "enum":["3.36"]
      },
     "templateType":{
	  "type":"string",
	  "enum":["single"]
      },
     "validationLevel":{
	  "type":"string"
      },
     "data": {
       "type":"array",
       "items":{
         "$ref":"MBAA_Results.Datum.json#"
       },
       "minItems":1
     }
  },
  "additionalProperties":false,
  "required":["fileName","name","schemaVersion","templateType","data"]
}