{
  "$schema":"http://json-schema.org/draft-04/schema",
  "title":"treatments.json template schema",
  "description": "The treatment template defines and annotates the in vitro modifications (molecule added, temperature, duration) made to a sample. Treatments are required to be referenced by experiment samples and optionally by biologic samples.",
  "type":"object",
  "properties":{
      "fileName":{
	  "type":"string",
	  "enum":["treatments.json"]
      },
     "name":{
	  "type":"string",
	  "enum":["treatments"]
      },
     "schemaVersion":{
	  "type":"string",
	  "enum":["3.36"]
      },
     "templateType":{
	  "type":"string",
	  "enum":["single"]
      },
     "validationLevel":{
	  "type":"string"
      },
     "data": {
       "type":"array",
       "items":{
         "$ref":"treatments.Datum.json#"
       },
       "minItems":1
     }
  },
  "additionalProperties":false,
  "required":["fileName","name","schemaVersion","templateType","data"]
}