{
  "$schema":"http://json-schema.org/draft-04/schema",
  "title":" template schema",
  "description":"",
  "type":"object",
  "properties":{
    "userDefinedId":{
    "type":"string","maxLength":100
    },
    "name":{
    "type":"string","maxLength":126
    },
    "description":{
    "type":"string","maxLength":4000
    },
    "typeReported":{
    "type":"string","enum":["Active Comparator Arm","Experimental Arm","Healthy Control","Intervention","Negative Control","No Intervention Arm","Observational","Other","Placebo Comparator Arm","Positive Control","Sham Comparator Arm","Treatment Arm","Vaccination"]
    }
    },
  "required":["userDefinedId","name","description","typeReported"]
}