{
  "$schema":"http://json-schema.org/draft-04/schema",
  "title":"Mass_Spectrometry_Metabolomic_Results.json template schema",
  "description":"The Metabolite Mass Spectrometry experiment sample template defines and annotates the assay results for a sample by linking sample, experiment, and results together. More than one intensity results per assayed sample.",
  "type":"object",
  "properties":{
    "expsampleId":{
    "type":"string"
    },
    "intensity":{
    "type":"number"
    },
    "retentionTime":{
    "type":"number"
    },
    "retentionTimeUnit":{
    "type":"string","enum":["d.p.c.","Days","Hours","Minutes","Months","Not Specified","Seconds","Weeks","Years"]
    },
    "mZRatio":{
    "type":"number"
    },
    "zCharge":{
    "type":"string","maxLength":50
    },
    "databaseIdReported":{
    "type":"string","enum":["(S)-3-Hydroxyisobutyric acid ; HMDB0000023","(S)C(S)S-S-Methylcysteine sulfoxide ; HMDB0029432","1,1-Dimethylbiguanide ; HMDB0001921","1,1-Dimethylbiguanide ; HMDB01921","1,11-Undecanedicarboxylic acid ; HMDB0002327","1,2,4-Trimethylbenzene ; HMDB0013733","1,2,4-Trimethylbenzene ; HMDB13733","1,3,7-Trimethyluric acid ; HMDB0002123","1,3-Dimethyluric acid ; HMDB0001857","1,3-Dimethyluric acid ; HMDB01857","1,7-Dimethyluric acid ; HMDB0011103","1,7-Dimethyluric acid ; HMDB11103","1-Methyladenosine ; HMDB0003331","1-Methyladenosine ; HMDB03331","1-Methylguanine ; HMDB0003282","1-Methylguanine ; HMDB03282","1-Methylguanosine ; HMDB0001563","1-Methylguanosine ; HMDB01563","1-Methylhistamine ; HMDB0000898","1-Methylhistamine ; HMDB00898","1-Methylhistidine ; HMDB0000001","1-Methylhistidine ; HMDB00001","1-Methylinosine ; HMDB0002721","1-Methylnicotinamide ; HMDB0000699","1-Methylnicotinamide ; HMDB00699","1-Methyluric acid ; HMDB0003099","1-Methyluric acid ; HMDB03099","1-Methylxanthine ; HMDB0010738","10-HDoHE ; HMDB0060037","10-HDoHE ; HMDB60037","10Z-Heptadecenoic acid ; HMDB0060038","10Z-Heptadecenoic acid ; HMDB60038","10Z-Nonadecenoic acid ; HMDB0013622","10Z-Nonadecenoic acid ; HMDB13622","11(R)-HETE ; HMDB0004682","11(R)-HETE ; HMDB04682","11-HDoHE ; HMDB0060040","11-HDoHE ; HMDB60040","11Z-Eicosenoic acid ; HMDB0002231","11Z-Eicosenoic acid ; HMDB02231","12,13-DHOME ; HMDB0004705","12,13-DHOME ; HMDB04705","12-HEPE ; HMDB0010202","12-HEPE ; HMDB10202","12-HETE ; HMDB0006111","12-HETE ; HMDB06111","13-Methylmyristic acid ; HMDB0061707","13S-hydroxyoctadecadienoic acid ; HMDB0004667","13S-hydroxyoctadecadienoic acid ; HMDB04667","14-HDoHE ; HMDB0060044","14-HDoHE ; HMDB60044","15(S)-HETE ; HMDB0003876","15(S)-HETE ; HMDB03876","15-Methylpalmitate ; HMDB0061709","16-HDoHE ; HMDB0060047","16-HDoHE ; HMDB60047","16-Hydroxy hexadecanoic acid ; HMDB0006294","16-Hydroxy hexadecanoic acid ; HMDB06294","16a-hydroxy DHEA 3-sulfate ; HMDB0062544","17-HDoHE ; HMDB0010213","17-HDoHE ; HMDB10213","17-Methylstearate ; HMDB0061710","17-Methylstearate ; HMDB61710","1H-Indole-3-acetamide ; HMDB0029739","1H-Indole-3-acetamide ; HMDB29739","1H-Indole-3-carboxaldehyde ; HMDB0029737","2,4-Dihydroxybutanoic acid ; HMDB0000360","2-Aminobenzoic acid ; HMDB0001123","2-Aminoheptanoate ; HMDB0094649","2-aminophenol sulphate ; HMDB0061116","2-Ethylhydracrylic acid ; HMDB0000396","2-Fucosyllactose ; HMDB0002098","2-Furoylglycine ; HMDB0000439","2-Furoylglycine ; HMDB00439","2-Hydroxy-3-methylbutyric acid ; HMDB0000407","2-Hydroxy-3-methylbutyric acid ; HMDB00407","2-Hydroxy-3-methylpentanoic acid ; HMDB0000317","2-Hydroxy-3-methylpentanoic acid ; HMDB00317","2-Hydroxyadipic acid ; HMDB0000321","2-Hydroxybutyric acid ; HMDB0000008","2-Hydroxybutyric acid ; HMDB00008","2-Hydroxydecanoate ; HMDB0094656","2-Hydroxyglutarate ; HMDB0059655","2-Hydroxyglutarate ; HMDB59655","2-Hydroxyhexadecanoic acid ; HMDB0031057","2-Hydroxyhexadecanoylcarnitine ; HMDB0013337","2-Hydroxyhexadecanoylcarnitine ; HMDB13337","2-Hydroxyibuprofen ; HMDB0060920","2-Hydroxymyristic acid ; HMDB0002261","2-Hydroxymyristic acid ; HMDB02261","2-Hydroxystearic acid ; HMDB0062549","2-Isopropylmalic acid ; HMDB0000402","2-Ketobutyric acid ; HMDB0000005","2-Methylguanosine ; HMDB0005862","2-Methylguanosine ; HMDB05862","2-Piperidinone ; HMDB0011749","2-trans,4-cis-Decadienoylcarnitine ; HMDB0013325","2-trans,4-cis-Decadienoylcarnitine ; HMDB13325","21-Deoxycortisol ; HMDB0004030","21-Deoxycortisol ; HMDB04030","3 beta-Hydroxy-5-cholestenoate ; HMDB0012453","3, 5-Tetradecadiencarnitine ; HMDB0013331","3, 5-Tetradecadiencarnitine ; HMDB13331","3-(3-Hydroxyphenyl)propanoic acid ; HMDB0000375","3-(3-Hydroxyphenyl)propanoic acid ; HMDB00375","3-Amino-2-piperidone ; HMDB0000323","3-Aminoisobutanoic acid ; HMDB0003911","3-Carboxy-4-methyl-5-propyl-2-furanpropionic acid ; HMDB0061112","3-Carboxy-4-methyl-5-propyl-2-furanpropionic acid ; HMDB61112","3-Hydroxy-11Z-octadecenoylcarnitine ; HMDB0013339","3-Hydroxy-11Z-octadecenoylcarnitine ; HMDB13339","3-Hydroxyanthranilic acid ; HMDB0001476","3-Hydroxyanthranilic acid ; HMDB01476","3-Hydroxycapric acid ; HMDB0002203","3-Hydroxycapric acid ; HMDB02203","3-Hydroxydodecanoic acid ; HMDB0000387","3-hydroxyhexanoic acid ; HMDB0061652","3-Hydroxyhippuric acid ; HMDB0006116","3-Hydroxyisovaleric acid ; HMDB0000754","3-Hydroxymethylglutaric acid ; HMDB0000355","3-Hydroxymyristate ; HMDB0094672","3-Hydroxyoctanoic acid ; HMDB0001954","3-Hydroxyoctanoic acid ; HMDB01954","3-Hydroxysebacic acid ; HMDB0000350","3-Indolebutyric acid ; HMDB0002096","3-Methoxytyrosine ; HMDB0001434","3-Methyl-2-oxovaleric acid ; HMDB0000491","3-Methyl-2-oxovaleric acid ; HMDB00491","3-Methyladipic acid ; HMDB0000555","3-Methyladipic acid ; HMDB00555","3-Methylglutaconic acid ; HMDB0000522","3-Methylhistidine ; HMDB0000479","3-Methylhistidine ; HMDB00479","3-Methylxanthine ; HMDB0001886","3-Methylxanthine ; HMDB01886","3-Oxocholic acid ; HMDB0000502","3-Phosphoglyceric acid ; HMDB0000807","3-Phosphoglyceric acid ; HMDB00807","3-Sulfinoalanine ; HMDB0000996","4,5-Dihydroorotic acid ; HMDB0000528","4-Acetamidobutanoic acid ; HMDB0003681","4-Acetamidobutanoic acid ; HMDB03681","4-ethylphenylsulfate ; HMDB0062551","4-Guanidinobutanoic acid ; HMDB0003464","4-Hydroxy-2-oxoglutaric acid ; HMDB0002070","4-Hydroxyhippuric acid ; HMDB0013678","4-Hydroxyphenylpyruvic acid ; HMDB0000707","4-Hydroxyproline ; HMDB0000725","4-Hydroxyproline ; HMDB00725","4-Hydroxystyrene ; HMDB0004072","4-Hydroxystyrene ; HMDB04072","4-Pyridoxic acid ; HMDB0000017","4-Pyridoxic acid ; HMDB00017","4-Trimethylammoniobutanoic acid ; HMDB0001161","4-Trimethylammoniobutanoic acid ; HMDB01161","4-Vinylphenol sulfate ; HMDB0062775","5,6-Dihydrouridine ; HMDB0000497","5-Acetylamino-6-amino-3-methyluracil ; HMDB0004400","5-Acetylamino-6-amino-3-methyluracil ; HMDB04400","5-Acetylamino-6-formylamino-3-methyluracil ; HMDB0011105","5-Aminolevulinic acid ; HMDB0001149","5-Aminolevulinic acid ; HMDB01149","5-HEPE ; HMDB0005081","5-HETE ; HMDB0011134","5-HETE ; HMDB11134","5-Hydroxy-L-tryptophan ; HMDB0000472","5-Hydroxy-L-tryptophan ; HMDB00472","5-Hydroxyindoleacetic acid ; HMDB0000763","5-Hydroxylysine ; HMDB0000450","5-Hydroxylysine ; HMDB00450","5-Hydroxymethyl-4-methyluracil ; HMDB0000544","5-Hydroxymethyl-4-methyluracil ; HMDB00544","5-Hydroxytryptophol ; HMDB0001855","5-Hydroxytryptophol ; HMDB01855","5-Methylthioribose ; HMDB0001087","5alpha-Androstan-3alpha,17beta-diol disulfate ; HMDB0094682","5alpha-pregnan-3beta,20alpha-diol disulfate ; HMDB0094650","5Z-Dodecenoic acid ; HMDB0000529","5Z-Dodecenoic acid ; HMDB00529","6,8-Dihydroxypurine ; HMDB0001182","6,8-Dihydroxypurine ; HMDB01182","6-Oxopiperidine-2-carboxylic acid ; HMDB0061705","7-Ketodeoxycholic acid ; HMDB0000391","7-Ketodeoxycholic acid ; HMDB00391","7-Methylguanine ; HMDB0000897","7-Methylguanine ; HMDB00897","7alpha-Hydroxy-3-oxo-4-cholestenoate ; HMDB0012458","8,11,14-Eicosatrienoic acid ; HMDB0002925","8,11,14-Eicosatrienoic acid ; HMDB02925","8-HETE ; HMDB0004679","8-HETE ; HMDB04679","9,10-DHOME ; HMDB0004704","9,10-DHOME ; HMDB04704","9-cis-Retinoic acid ; HMDB0002369","9-cis-Retinoic acid ; HMDB02369","Acesulfame ; HMDB0033585","Acesulfame ; HMDB33585","Acetaminophen ; HMDB0001859","Acetaminophen ; HMDB01859","Acetaminophen glucuronide ; HMDB0010316","Acetaminophen glucuronide ; HMDB10316","Acetoacetic acid ; HMDB0000060","Acetylcarnosine ; HMDB0012881","Acetylcarnosine ; HMDB12881","Acetylcholine ; HMDB0000895","Acetylcholine ; HMDB00895","Acetylglycine ; HMDB0000532","Acetylhomoserine ; HMDB0029423","Adenine ; HMDB0000034","Adenosine ; HMDB0000050","Adenosine ; HMDB00050","Adenosine monophosphate ; HMDB0000045","Adenosine monophosphate ; HMDB00045","Adenosine triphosphate ; HMDB0000538","Adenosine triphosphate ; HMDB00538","Adipic acid ; HMDB0000448","Adipic acid ; HMDB00448","ADP ; HMDB0001341","ADP ; HMDB01341","Adrenic acid ; HMDB0002226","Adrenic acid ; HMDB02226","Allantoin ; HMDB0000462","Allantoin ; HMDB00462","Allocholic acid ; HMDB0000505","Allopurinol ; HMDB0014581","Allopurinol ; HMDB14581","Allopurinol riboside ; HMDB0000481","Allopurinol riboside ; HMDB00481","alpha-CEHC ; HMDB0001518","alpha-CEHC ; HMDB01518","alpha-Ketoisovaleric acid ; HMDB0000019","alpha-Ketoisovaleric acid ; HMDB00019","Alpha-Lactose ; HMDB0000186","Alpha-Linolenic acid ; HMDB0001388","Alpha-Linolenic acid ; HMDB01388","Alpha-Muricholic acid ; HMDB0000506","Alpha-Muricholic acid ; HMDB00506","alpha-Tocopherol ; HMDB0001893","alpha-Tocopherol ; HMDB01893","Aminoadipic acid ; HMDB0000510","Aminoadipic acid ; HMDB00510","Amoxicillin ; HMDB0015193","Anandamide ; HMDB0004080","Androsterone sulfate ; HMDB0002759","Arachidic acid ; HMDB0002212","Arachidic acid ; HMDB02212","Arachidonic acid ; HMDB0001043","Arachidonic acid ; HMDB01043","Arachidonyl carnitine ; HMDB0006455","Arachidonyl carnitine ; HMDB06455","Aspartylglycosamine ; HMDB0000489","Asymmetric dimethylarginine ; HMDB0001539","Asymmetric dimethylarginine ; HMDB01539","Atenolol ; HMDB0001924","Atenolol ; HMDB01924","Azelaic acid ; HMDB0000784","Azelaic acid ; HMDB00784","Benzoic acid ; HMDB0001870","beta-Alanine ; HMDB0000056","beta-Cryptoxanthin ; HMDB0033844","Betaine ; HMDB0000043","Betaine ; HMDB00043","Betonicine ; HMDB0029412","Bilirubin ; HMDB0000054","Bilirubin ; HMDB00054","Biliverdin ; HMDB0001008","Biliverdin ; HMDB01008","Bromine ; HMDB0031434","Butyrylcarnitine ; HMDB0002013","Butyrylcarnitine ; HMDB02013","Caffeine ; HMDB0001847","Caffeine ; HMDB01847","Campesterol ; HMDB0002869","Campesterol ; HMDB02869","Capric acid ; HMDB0000511","Capric acid ; HMDB00511","Caproate (6:0) ; HMDB0061883","Caprylic acid ; HMDB0000482","Caprylic acid ; HMDB00482","Capryloylglycine ; HMDB0000832","Carboxy-ibuprofen ; HMDB0060564","Carnosine ; HMDB0000033","CE(14:0) ; HMDB0006725","CE(14:0) ; HMDB06725","CE(16:0) ; HMDB0000885","CE(16:0) ; HMDB00885","CE(16:1(9Z)) ; HMDB0000658","CE(16:1(9Z)) ; HMDB00658","CE(18:0) ; HMDB0010368","CE(18:0) ; HMDB10368","CE(18:1(9Z)) ; HMDB0000918","CE(18:1(9Z)) ; HMDB00918","CE(18:2(9Z,12Z)) ; HMDB0000610","CE(18:2(9Z,12Z)) ; HMDB00610","CE(18:3(9Z,12Z,15Z)) ; HMDB0010370","CE(18:3(9Z,12Z,15Z)) ; HMDB10370","CE(20:3(8Z,11Z,14Z)) ; HMDB0006736","CE(20:3(8Z,11Z,14Z)) ; HMDB06736","CE(20:4(5Z,8Z,11Z,14Z)) ; HMDB0006726","CE(20:4(5Z,8Z,11Z,14Z)) ; HMDB06726","CE(20:5(5Z,8Z,11Z,14Z,17Z) ; HMDB0006731","CE(20:5(5Z,8Z,11Z,14Z,17Z) ; HMDB06731","CE(22:4(7Z,10Z,13Z,16Z)) ; HMDB0006729","CE(22:4(7Z,10Z,13Z,16Z)) ; HMDB06729","CE(22:5(7Z,10Z,13Z,16Z,19Z)) ; HMDB0010375","CE(22:5(7Z,10Z,13Z,16Z,19Z)) ; HMDB10375","CE(22:6(4Z,7Z,10Z,13Z,16Z,19Z)) ; HMDB0006733","CE(22:6(4Z,7Z,10Z,13Z,16Z,19Z)) ; HMDB06733","Cer(d18:1/24:1(15Z)) ; HMDB0004953","Cer(d18:1/24:1(15Z)) ; HMDB04953","Ceramide (d18:1/16:0) ; HMDB0004949","Ceramide (d18:1/16:0) ; HMDB04949","Ceramide (d18:1/22:0) ; HMDB0004952","Ceramide (d18:1/22:0) ; HMDB04952","Ceramide (d18:1/24:0) ; HMDB0004956","Ceramide (d18:1/24:0) ; HMDB04956","Chenodeoxycholic acid ; HMDB0000518","Chenodeoxycholic acid ; HMDB00518","Chenodeoxycholic acid glycine conjugate ; HMDB0000637","Chenodeoxycholic acid glycine conjugate ; HMDB00637","Cholestenone ; HMDB0000921","Cholesterol ; HMDB0000067","Cholesterol ; HMDB00067","Cholic acid ; HMDB0000619","Cholic acid ; HMDB00619","Choline ; HMDB0000097","Choline ; HMDB00097","Cinnamoylglycine ; HMDB0011621","Cinnamoylglycine ; HMDB11621","cis-5-Tetradecenoylcarnitine ; HMDB0002014","cis-5-Tetradecenoylcarnitine ; HMDB02014","cis-Aconitic acid ; HMDB0000072","cis-Aconitic acid ; HMDB00072","Citramalic acid ; HMDB0000426","Citric acid ; HMDB0000094","Citric acid ; HMDB00094","Citrulline ; HMDB0000904","Citrulline ; HMDB00904","Corticosterone ; HMDB0001547","Corticosterone ; HMDB01547","Cortisol ; HMDB0000063","Cortisol ; HMDB00063","Cortisone ; HMDB0002802","Cortisone ; HMDB02802","Cotinine ; HMDB0001046","Cotinine ; HMDB01046","Creatine ; HMDB0000064","Creatine ; HMDB00064","Creatinine ; HMDB0000562","Creatinine ; HMDB00562","Cysteineglutathione disulfide ; HMDB0000656","Cysteinylglycine ; HMDB0000078","Cytidine ; HMDB0000089","Cytosine ; HMDB0000630","Cytosine ; HMDB00630","D-alpha-Aminobutyric acid ; HMDB0000650","D-alpha-Aminobutyric acid ; HMDB00650","D-Glucose ; HMDB0000122","D-Glucose ; HMDB00122","D-Glucuronic acid ; HMDB0000127","D-Glucuronic acid ; HMDB00127","D-Leucic acid ; HMDB0000624","D-Maltose ; HMDB0000163","D-Mannose ; HMDB0000169","D-Ribose ; HMDB0000283","D-Threitol ; HMDB0004136","D-Threitol ; HMDB04136","D-Urobilin ; HMDB0004161","D-Urobilinogen ; HMDB0004158","D-Urobilinogen ; HMDB04158","D-Xylose ; HMDB0000098","Decanoylcarnitine ; HMDB0000651","Decanoylcarnitine ; HMDB00651","Delta-Hexanolactone ; HMDB0000453","Deoxycholic acid ; HMDB0000626","Deoxycholic acid ; HMDB00626","Deoxycholic acid glycine conjugate ; HMDB0000631","Deoxycholic acid glycine conjugate ; HMDB00631","Deoxyuridine ; HMDB0000012","DG(16:0/16:0/0:0) ; HMDB0007098","DG(16:0/16:0/0:0) ; HMDB07098","DG(16:0/16:1(9Z)/0:0) ; HMDB0007099","DG(16:0/16:1(9Z)/0:0) ; HMDB07099","DG(16:0/18:0/0:0) ; HMDB0007100","DG(16:0/18:0/0:0) ; HMDB07100","DG(16:0/18:1(9Z)/0:0) ; HMDB0007102","DG(16:0/18:1(9Z)/0:0) ; HMDB07102","DG(16:0/18:2(9Z,12Z)/0:0) ; HMDB0007103","DG(16:0/18:2(9Z,12Z)/0:0) ; HMDB07103","DG(16:1(9Z)/18:2(9Z,12Z)/0:0) ; HMDB0007132","DG(16:1(9Z)/18:2(9Z,12Z)/0:0) ; HMDB07132","DG(18:0/18:0/0:0) ; HMDB0007158","DG(18:0/18:0/0:0) ; HMDB07158","DG(18:0/20:4(5Z,8Z,11Z,14Z)/0:0) ; HMDB0007170","DG(18:0/20:4(5Z,8Z,11Z,14Z)/0:0) ; HMDB07170","DG(18:1(11Z)/20:4(5Z,8Z,11Z,14Z)/0:0) ; HMDB0007199","DG(18:1(11Z)/20:4(5Z,8Z,11Z,14Z)/0:0) ; HMDB07199","DG(18:1(9Z)/18:0/0:0) ; HMDB0007216","DG(18:1(9Z)/18:0/0:0) ; HMDB07216","DG(18:1(9Z)/18:1(9Z)/0:0) ; HMDB0007218","DG(18:1(9Z)/18:1(9Z)/0:0) ; HMDB07218","DG(18:1(9Z)/18:2(9Z,12Z)/0:0) ; HMDB0007219","DG(18:1(9Z)/18:2(9Z,12Z)/0:0) ; HMDB07219","DG(18:2(9Z,12Z)/18:2(9Z,12Z)/0:0) ; HMDB0007248","DG(18:2(9Z,12Z)/18:2(9Z,12Z)/0:0) ; HMDB07248","Dihomolinoleic acid ; HMDB0061864","Dihydrothymine ; HMDB0000079","Dihydrouracil ; HMDB0000076","Dimethylglycine ; HMDB0000092","Dimethylglycine ; HMDB00092","Dimethylguanidino valeric acid ; HMDB0240212","DL-2-Aminooctanoic acid ; HMDB0000991","DL-2-Aminooctanoic acid ; HMDB00991","Docosadienoate (22:2n6) ; HMDB0061714","Docosahexaenoic acid ; HMDB0002183","Docosahexaenoic acid ; HMDB02183","Docosapentaenoic acid (22n-6) ; HMDB0001976","Docosapentaenoic acid (22n-6) ; HMDB01976","Dodecanedioic acid ; HMDB0000623","Dodecanedioic acid ; HMDB00623","Dodecanoic acid ; HMDB0000638","Dodecanoic acid ; HMDB00638","Dodecanoylcarnitine ; HMDB0002250","Dodecanoylcarnitine ; HMDB02250","Dopamine 3-O-sulfate ; HMDB0006275","Dopamine 4-sulfate ; HMDB0004148","Ectoine ; HMDB0240650","Eicosadienoic acid ; HMDB0005060","Eicosadienoic acid ; HMDB05060","Eicosapentaenoic acid ; HMDB0001999","Eicosapentaenoic acid ; HMDB01999","Ergothioneine ; HMDB0003045","Erucic acid ; HMDB0002068","Erucic acid ; HMDB02068","Erythritol ; HMDB0002994","Erythronic acid ; HMDB0000613","Erythronic acid ; HMDB00613","Estriol-3-glucuronide ; HMDB0010335","Ethylmalonic acid ; HMDB0000622","Etiocholanolone glucuronide ; HMDB0004484","Folic acid ; HMDB0000121","Folic acid ; HMDB00121","Formiminoglutamic acid ; HMDB0000854","Fumaric acid ; HMDB0000134","Fumaric acid ; HMDB00134","Furosemide ; HMDB0001933","Furosemide ; HMDB01933","Gabapentin ; HMDB0005015","Gabapentin ; HMDB05015","Galactonic acid ; HMDB0000565","gamma-Carboxyglutamic acid ; HMDB0041900","gamma-CEHC ; HMDB0001931","gamma-Glutamylalanine ; HMDB0006248","gamma-Glutamylglutamic acid ; HMDB0011737","gamma-Glutamylglycine ; HMDB0011667","gamma-Glutamylhistidine ; HMDB0029151","gamma-Glutamylleucine ; HMDB0011171","gamma-Glutamylmethionine ; HMDB0034367","gamma-Glutamylphenylalanine ; HMDB0000594","gamma-Glutamylthreonine ; HMDB0029159","gamma-Glutamyltryptophan ; HMDB0029160","gamma-Glutamyltyrosine ; HMDB0011741","gamma-Glutamylvaline ; HMDB0011172","Gamma-Linolenic acid ; HMDB0003073","Gamma-Linolenic acid ; HMDB03073","Gentisic acid ; HMDB0000152","Gentisic acid ; HMDB00152","Gluconic acid ; HMDB0000625","Glutamate, gamma-methyl ester ; HMDB0061715","Glutamyllysine ; HMDB0004207","Glutamyllysine ; HMDB04207","Glutarylcarnitine ; HMDB0013130","Glutarylcarnitine ; HMDB13130","Glutathione ; HMDB0000125","Glutathione ; HMDB00125","Glyceric acid ; HMDB0000139","Glyceric acid ; HMDB00139","Glycerol 3-phosphate ; HMDB0000126","Glycerol 3-phosphate ; HMDB00126","Glycerol ; HMDB0000131","Glycerol triheptadecanoate ; HMDB0031106","Glycerol triheptadecanoate ; HMDB31106","Glycerophosphocholine ; HMDB0000086","Glycerophosphocholine ; HMDB00086","Glycerylphosphorylethanolamine ; HMDB0000114","Glycine ; HMDB0000123","Glycine ; HMDB00123","Glycocholic acid ; HMDB0000138","Glycocholic acid ; HMDB00138","Glycoursodeoxycholic acid ; HMDB0000708","Glycoursodeoxycholic acid ; HMDB00708","Glycylleucine ; HMDB0000759","Guanidoacetic acid ; HMDB0000128","Guanidoacetic acid ; HMDB00128","Guanine ; HMDB0000132","Guanosine ; HMDB0000133","Guanosine ; HMDB00133","Guanosine diphosphate ; HMDB0001201","Guanosine diphosphate ; HMDB01201","Heme ; HMDB0003178","Heptadecanoic acid ; HMDB0002259","Heptadecanoic acid ; HMDB02259","Heptanoylcarnitine ; HMDB0013238","Heptanoylcarnitine ; HMDB13238","Hexacosanoyl carnitine ; HMDB0006347","Hexacosanoyl carnitine ; HMDB06347","Hexadecanedioic acid ; HMDB0000672","Hexadecanedioic acid ; HMDB00672","Hexanoylcarnitine ; HMDB0000705","Hexanoylcarnitine ; HMDB0000756","Hexanoylcarnitine ; HMDB00705","Hexanoylglycine ; HMDB0000701","Hippuric acid ; HMDB0000714","Hippuric acid ; HMDB00714","Homo-L-arginine ; HMDB0000670","Homo-L-arginine ; HMDB00670","Homocitrulline ; HMDB0000679","Homocitrulline ; HMDB00679","Homocysteine ; HMDB0000742","Homocysteine ; HMDB00742","Homovanillic acid ; HMDB0000118","Homovanillic acid ; HMDB00118","Hydantoin-5-propionic acid ; HMDB0001212","Hydrochlorothiazide ; HMDB0001928","Hydrochlorothiazide ; HMDB01928","Hydrocinnamic acid ; HMDB0000764","Hydrocinnamic acid ; HMDB00764","Hydroquinone sulfate ; HMDB0240263","Hydroxybutyrylcarnitine ; HMDB0013127","Hydroxybutyrylcarnitine ; HMDB13127","Hydroxycotinine ; HMDB0001390","Hydroxycotinine ; HMDB01390","Hydroxykynurenine ; HMDB0000732","Hydroxyoctanoic acid ; HMDB0000711","Hydroxyoctanoic acid ; HMDB00711","Hydroxyphenyllactic acid ; HMDB0000755","Hyodeoxycholic acid ; HMDB0000733","Hyodeoxycholic acid ; HMDB00733","Hypotaurine ; HMDB0000965","Hypotaurine ; HMDB00965","Hypoxanthine ; HMDB0000157","Hypoxanthine ; HMDB00157","Ibuprofen ; HMDB0001925","Ibuprofen ; HMDB01925","Imidazoleacetic acid ; HMDB0002024","Imidazoleacetic acid ; HMDB02024","Imidazolelactic acid ; HMDB0002320","Imidazolelactic acid ; HMDB02320","Imidazolepropionic acid ; HMDB0002271","Imidazolepropionic acid ; HMDB02271","Indole-3-carboxylic acid ; HMDB0003320","Indole-3-methyl acetate ; HMDB0029738","Indole-3-propionic acid ; HMDB0002302","Indole-3-propionic acid ; HMDB02302","Indoleacetic acid ; HMDB0000197","Indoleacetic acid ; HMDB00197","Indolelactic acid ; HMDB0000671","Indolelactic acid ; HMDB00671","Indoxyl sulfate ; HMDB0000682","Indoxyl sulfate ; HMDB00682","Inosine ; HMDB0000195","Inosine ; HMDB00195","Isobutyrylglycine ; HMDB0000730","Isoleucyl-Glycine ; HMDB0028907","Isoursodeoxycholic acid ; HMDB0000686","Isovaleric acid ; HMDB0000718","Isovalerylcarnitine ; HMDB0000688","Isovalerylcarnitine ; HMDB00688","Isovalerylglycine ; HMDB0000678","Isoxanthopterin ; HMDB0000704","Isoxanthopterin ; HMDB00704","Ketoleucine ; HMDB0000695","Ketoleucine ; HMDB00695","Kynurenic acid ; HMDB0000715","Kynurenic acid ; HMDB00715","L-Acetylcarnitine ; HMDB0000201","L-Acetylcarnitine ; HMDB00201","L-Alanine ; HMDB0000161","L-Alanine ; HMDB00161","L-Allothreonine ; HMDB0004041","L-alpha-Aminobutyric acid ; HMDB0000452","L-Arabinose ; HMDB0000646","L-Arginine ; HMDB0000517","L-Arginine ; HMDB00517","L-Asparagine ; HMDB0000168","L-Asparagine ; HMDB00168","L-Aspartic acid ; HMDB0000191","L-Aspartic acid ; HMDB00191","L-Carnitine ; HMDB0000062","L-Carnitine ; HMDB00062","L-Cystathionine ; HMDB0000099","L-Cysteine ; HMDB0000574","L-Cysteine ; HMDB00574","L-Cystine ; HMDB0000192","L-Cystine ; HMDB00192","L-Fucose ; HMDB0000174","L-Fucose ; HMDB00174","L-Glutamic acid ; HMDB0000148","L-Glutamic acid ; HMDB00148","L-Glutamine ; HMDB0000641","L-Glutamine ; HMDB00641","L-Histidine ; HMDB0000177","L-Histidine ; HMDB00177","L-Isoleucine ; HMDB0000172","L-Isoleucine ; HMDB00172","L-Kynurenine ; HMDB0000684","L-Kynurenine ; HMDB00684","L-Lactic acid ; HMDB0000190","L-Lactic acid ; HMDB00190","L-Leucine ; HMDB0000687","L-Leucine ; HMDB00687","L-Lysine ; HMDB0000182","L-Lysine ; HMDB00182","L-Malic acid ; HMDB0000156","L-Malic acid ; HMDB00156","L-Methionine ; HMDB0000696","L-Methionine ; HMDB00696","L-Octanoylcarnitine ; HMDB0000791","L-Octanoylcarnitine ; HMDB00791","L-Palmitoylcarnitine ; HMDB0000222","L-Palmitoylcarnitine ; HMDB00222","L-Phenylalanine ; HMDB0000159","L-Phenylalanine ; HMDB00159","L-Pipecolic acid ; HMDB0000716","L-Pipecolic acid ; HMDB00716","L-Proline ; HMDB0000162","L-Proline ; HMDB00162","L-Serine ; HMDB0000187","L-Serine ; HMDB00187","L-Targinine ; HMDB0029416","L-Targinine ; HMDB29416","L-Theanine ; HMDB0034365","L-Threonine ; HMDB0000167","L-Threonine ; HMDB00167","L-Tryptophan ; HMDB0000929","L-Tryptophan ; HMDB00929","L-Tyrosine ; HMDB0000158","L-Tyrosine ; HMDB00158","L-Urobilin ; HMDB0004159","L-Urobilin ; HMDB04159","L-Valine ; HMDB0000883","L-Valine ; HMDB00883","Lenticin ; HMDB0061115","Leucyl-Alanine ; HMDB0028922","Levulinic acid ; HMDB0000720","Levulinic acid ; HMDB00720","Linoleic acid ; HMDB0000673","Linoleic acid ; HMDB00673","Linoleoyl ethanolamide ; HMDB0012252","Linoleoyl ethanolamide ; HMDB12252","Linoleyl carnitine ; HMDB0006469","Linoleyl carnitine ; HMDB06469","Lithocholic acid ; HMDB0000761","Lithocholic acid ; HMDB00761","Lithocholic acid glycine conjugate ; HMDB0000698","Lithocholic acid glycine conjugate ; HMDB00698","Lithocholyltaurine ; HMDB0000722","Lithocholyltaurine ; HMDB00722","LysoPC(14:0/0:0) ; HMDB0010379","LysoPC(14:0/0:0) ; HMDB10379","LysoPC(16:0) ; HMDB0010382","LysoPC(16:0) ; HMDB10382","LysoPC(16:1(9Z)/0:0) ; HMDB0010383","LysoPC(16:1(9Z)/0:0) ; HMDB10383","LysoPC(18:0) ; HMDB0010384","LysoPC(18:0) ; HMDB10384","LysoPC(18:1(9Z)) ; HMDB0002815","LysoPC(18:1(9Z)) ; HMDB02815","LysoPC(18:2(9Z,12Z)) ; HMDB0010386","LysoPC(18:2(9Z,12Z)) ; HMDB10386","LysoPC(18:3(6Z,9Z,12Z)) ; HMDB0010387","LysoPC(18:3(6Z,9Z,12Z)) ; HMDB10387","LysoPC(20:1(11Z)) ; HMDB0010391","LysoPC(20:1(11Z)) ; HMDB10391","LysoPC(20:3(5Z,8Z,11Z)) ; HMDB0010393","LysoPC(20:3(5Z,8Z,11Z)) ; HMDB10393","LysoPC(20:4(5Z,8Z,11Z,14Z)) ; HMDB0010395","LysoPC(20:4(5Z,8Z,11Z,14Z)) ; HMDB10395","LysoPC(20:5(5Z,8Z,11Z,14Z,17Z)) ; HMDB0010397","LysoPC(20:5(5Z,8Z,11Z,14Z,17Z)) ; HMDB10397","LysoPC(22:4(7Z,10Z,13Z,16Z)) ; HMDB0010401","LysoPC(22:4(7Z,10Z,13Z,16Z)) ; HMDB10401","LysoPC(22:5(7Z,10Z,13Z,16Z,19Z)) ; HMDB0010403","LysoPC(22:5(7Z,10Z,13Z,16Z,19Z)) ; HMDB10403","LysoPC(22:6(4Z,7Z,10Z,13Z,16Z,19Z)) ; HMDB0010404","LysoPC(22:6(4Z,7Z,10Z,13Z,16Z,19Z)) ; HMDB10404","LysoPC(24:0) ; HMDB0010405","LysoPC(24:0) ; HMDB10405","LysoPC(P-16:0) ; HMDB0010407","LysoPC(P-16:0) ; HMDB10407","LysoPC(P-18:0) ; HMDB0013122","LysoPC(P-18:0) ; HMDB13122","LysoPE(0:0/18:3(6Z,9Z,12Z)) ; HMDB0011478","LysoPE(0:0/18:3(6Z,9Z,12Z)) ; HMDB11478","LysoPE(16:0/0:0) ; HMDB0011503","LysoPE(16:0/0:0) ; HMDB11503","LysoPE(18:0/0:0) ; HMDB0011130","LysoPE(18:0/0:0) ; HMDB11130","LysoPE(18:1(9Z)/0:0) ; HMDB0011506","LysoPE(18:1(9Z)/0:0) ; HMDB11506","LysoPE(18:2(9Z,12Z)/0:0) ; HMDB0011507","LysoPE(18:2(9Z,12Z)/0:0) ; HMDB11507","LysoPE(20:0/0:0) ; HMDB0011511","LysoPE(20:0/0:0) ; HMDB11511","LysoPE(20:1(11Z)/0:0) ; HMDB0011512","LysoPE(20:1(11Z)/0:0) ; HMDB11512","LysoPE(20:4(5Z,8Z,11Z,14Z)/0:0) ; HMDB0011517","LysoPE(20:4(5Z,8Z,11Z,14Z)/0:0) ; HMDB11517","LysoPE(22:0/0:0) ; HMDB0011520","LysoPE(22:0/0:0) ; HMDB11520","LysoPE(22:6(4Z,7Z,10Z,13Z,16Z,19Z)/0:0) ; HMDB0011526","LysoPE(22:6(4Z,7Z,10Z,13Z,16Z,19Z)/0:0) ; HMDB11526","Malondialdehyde ; HMDB0006112","Malondialdehyde ; HMDB06112","Malonic acid ; HMDB0000691","Malonic acid ; HMDB00691","Malonylcarnitine ; HMDB0002095","Malonylcarnitine ; HMDB02095","Maltotriose ; HMDB0001262","Mandelic acid ; HMDB0000703","Mandelic acid ; HMDB00703","Maslinic acid ; HMDB0002392","Maslinic acid ; HMDB02392","Mesaconic acid ; HMDB0000749","Mesaconic acid ; HMDB00749","Methionine sulfoxide ; HMDB0002005","Methionine sulfoxide ; HMDB02005","Methylcysteine ; HMDB0002108","Methylcysteine ; HMDB02108","Methylimidazoleacetic acid ; HMDB0002820","Methylimidazoleacetic acid ; HMDB02820","Methylmalonic acid ; HMDB0000202","Methylmalonic acid ; HMDB00202","Methylmalonylcarnitine ; HMDB0013133","Methylmalonylcarnitine ; HMDB13133","Methylsuccinic acid ; HMDB0001844","Metoprolol ; HMDB0001932","Metoprolol ; HMDB01932","MG(14:1(9Z)/0:0/0:0) ; HMDB0011562","MG(14:1(9Z)/0:0/0:0) ; HMDB11562","MG(18:0/0:0/0:0) ; HMDB0011131","MG(18:0/0:0/0:0) ; HMDB11131","myo-Inositol ; HMDB0000211","myo-Inositol ; HMDB00211","Myristic acid ; HMDB0000806","Myristic acid ; HMDB00806","Myristoleic acid ; HMDB0002000","Myristoleic acid ; HMDB02000","N-(3-acetamidopropyl)pyrrolidin-2-one ; HMDB0061384","N-a-Acetyl-L-arginine ; HMDB0004620","N-a-Acetyl-L-arginine ; HMDB04620","N-Acetyl-b-D-galactosamine ; HMDB0000853","N-Acetyl-b-D-galactosamine ; HMDB00853","N-Acetyl-beta-alanine ; HMDB0061880","N-Acetyl-L-alanine ; HMDB0000766","N-Acetyl-L-alanine ; HMDB00766","N-Acetyl-L-aspartic acid ; HMDB0000812","N-Acetyl-L-aspartic acid ; HMDB00812","N-Acetyl-L-methionine ; HMDB0011745","N-Acetyl-L-methionine ; HMDB11745","N-Acetyl-L-phenylalanine ; HMDB0000512","N-Acetyl-L-tyrosine ; HMDB0000866","N-Acetylasparagine ; HMDB0006028","N-Acetylglutamic acid ; HMDB0001138","N-Acetylglutamic acid ; HMDB01138","N-Acetylglutamine ; HMDB0006029","N-Acetylglutamine ; HMDB06029","N-Acetylhistamine ; HMDB0013253","N-Acetylhistamine ; HMDB13253","N-Acetylhistidine ; HMDB0032055","N-Acetylisoleucine ; HMDB0061684","N-Acetylleucine ; HMDB0011756","N-Acetylneuraminic acid ; HMDB0000230","N-Acetylornithine ; HMDB0003357","N-Acetylornithine ; HMDB03357","N-Acetylproline ; HMDB0094701","N-Acetylputrescine ; HMDB0002064","N-Acetylputrescine ; HMDB02064","N-Acetylserine ; HMDB0002931","N-Acetylserine ; HMDB02931","N-Acetyltaurine ; HMDB0240253","N-Acetylthreonine ; HMDB0062557","N-acetyltryptophan ; HMDB0013713","N-acetyltryptophan ; HMDB13713","N-Acetylvaline ; HMDB0011757","N-Alpha-acetyllysine ; HMDB0000446","N-Carboxyethyl-g-aminobutyric acid ; HMDB0002201","N-Formyl-L-methionine ; HMDB0001015","N-Formyl-L-methionine ; HMDB01015","N-Lauroylglycine ; HMDB0013272","N-Lauroylglycine ; HMDB13272","N-Methyl-L-proline ; HMDB0094696","N-Methylhistamine ; HMDB0061685","N-Methylhistamine ; HMDB61685","N-Oleoylethanolamine ; HMDB0002088","N-Oleoylethanolamine ; HMDB02088","N1,N12-Diacetylspermine ; HMDB0002172","N1-Acetylspermidine ; HMDB0001276","N1-Acetylspermidine ; HMDB01276","N1-Methyl-2-pyridone-5-carboxamide ; HMDB0004193","N1-Methyl-2-pyridone-5-carboxamide ; HMDB04193","N1-Methyl-4-pyridone-3-carboxamide ; HMDB0004194","N2,N2-Dimethylguanosine ; HMDB0004824","N2,N2-Dimethylguanosine ; HMDB04824","N2-gamma-Glutamylglutamine ; HMDB0011738","N4-Acetylcytidine ; HMDB0005923","N4-Acetylcytidine ; HMDB05923","N6,N6,N6-Trimethyl-L-lysine ; HMDB0001325","N6,N6,N6-Trimethyl-L-lysine ; HMDB01325","N6-Acetyl-L-lysine ; HMDB0000206","N6-Acetyl-L-lysine ; HMDB00206","N6-Carbamoyl-L-threonyladenosine ; HMDB0041623","N6-Methyladenosine ; HMDB0004044","Naproxen ; HMDB0001923","Naproxen ; HMDB01923","Ne,Ne dimethyllysine ; HMDB0013287","Ne,Ne dimethyllysine ; HMDB13287","Neopterin ; HMDB0000845","Neopterin ; HMDB00845","Nervonic acid ; HMDB0002368","Nervonic acid ; HMDB02368","Niacinamide ; HMDB0001406","Niacinamide ; HMDB01406","Nicotinamide riboside ; HMDB0000855","Nonadecanoic acid ; HMDB0000772","Nonadecanoic acid ; HMDB00772","Nonanoylcarnitine ; HMDB0013288","Nonanoylcarnitine ; HMDB13288","O-methoxycatechol-O-sulphate ; HMDB0060013","O-Phosphoethanolamine ; HMDB0000224","Octadecanedioic acid ; HMDB0000782","Oleic acid ; HMDB0000207","Oleic acid ; HMDB00207","Oleoyl glycine ; HMDB0013631","Oleoyl glycine ; HMDB13631","Oleoylcarnitine ; HMDB0005065","Oleoylcarnitine ; HMDB05065","Omeprazole ; HMDB0001913","Omeprazole ; HMDB01913","Ornithine ; HMDB0000214","Ornithine ; HMDB00214","Orotic acid ; HMDB0000226","Orotic acid ; HMDB00226","Orotidine ; HMDB0000788","Ortho-Hydroxyphenylacetic acid ; HMDB0000669","Oxalic acid ; HMDB0002329","Oxalic acid ; HMDB02329","Oxoglutaric acid ; HMDB0000208","Oxoglutaric acid ; HMDB00208","Oxypurinol ; HMDB0000786","Oxypurinol ; HMDB00786","p-Cresol sulfate ; HMDB0011635","p-Hydroxymandelic acid ; HMDB0000822","p-Hydroxymandelic acid ; HMDB00822","p-Hydroxyphenylacetic acid ; HMDB0000020","p-Hydroxyphenylacetic acid ; HMDB00020","Palmitic acid ; HMDB0000220","Palmitic acid ; HMDB00220","Palmitoleic acid ; HMDB0003229","Palmitoleic acid ; HMDB03229","Palmitoyl sphingomyelin ; HMDB0061712","Palmitoylethanolamide ; HMDB0002100","Palmitoylethanolamide ; HMDB02100","Palmitoylglycine ; HMDB0013034","Pantoprazole ; HMDB0005017","Pantoprazole ; HMDB05017","Pantothenic acid ; HMDB0000210","Pantothenic acid ; HMDB00210","Pantothenol ; HMDB0004231","Pantothenol ; HMDB04231","Paracetamol sulfate ; HMDB0059911","Paraxanthine ; HMDB0001860","PC(14:0/16:0) ; HMDB0007869","PC(14:0/16:0) ; HMDB07869","PC(14:0/16:1(9Z)) ; HMDB0007870","PC(14:0/16:1(9Z)) ; HMDB07870","PC(14:0/18:0) ; HMDB0007871","PC(14:0/18:0) ; HMDB07871","PC(14:0/18:1(9Z)) ; HMDB0007873","PC(14:0/18:1(9Z)) ; HMDB07873","PC(14:0/18:2(9Z,12Z)) ; HMDB0007874","PC(14:0/18:2(9Z,12Z)) ; HMDB07874","PC(14:0/20:4(5Z,8Z,11Z,14Z)) ; HMDB0007883","PC(14:0/20:4(5Z,8Z,11Z,14Z)) ; HMDB07883","PC(16:0/18:0) ; HMDB0007970","PC(16:0/18:0) ; HMDB07970","PC(16:0/18:1(9Z)) ; HMDB0007972","PC(16:0/18:1(9Z)) ; HMDB07972","PC(16:0/18:2(9Z,12Z)) ; HMDB0007973","PC(16:0/18:2(9Z,12Z)) ; HMDB07973","PC(16:0/20:4(8Z,11Z,14Z,17Z)) ; HMDB0007983","PC(16:0/20:4(8Z,11Z,14Z,17Z)) ; HMDB07983","PC(16:0/22:6(4Z,7Z,10Z,13Z,16Z,19Z)) ; HMDB0007991","PC(16:0/22:6(4Z,7Z,10Z,13Z,16Z,19Z)) ; HMDB07991","PC(16:1(9Z)/18:2(9Z,12Z)) ; HMDB0008006","PC(16:1(9Z)/18:2(9Z,12Z)) ; HMDB08006","PC(18:0/18:0) ; HMDB0008036","PC(18:0/18:0) ; HMDB08036","PC(18:0/18:1(9Z)) ; HMDB0008038","PC(18:0/18:1(9Z)) ; HMDB08038","PC(18:0/18:2(9Z,12Z)) ; HMDB0008039","PC(18:0/18:2(9Z,12Z)) ; HMDB08039","PC(18:0/20:3(8Z,11Z,14Z)) ; HMDB0008047","PC(18:0/20:3(8Z,11Z,14Z)) ; HMDB08047","PC(18:0/20:4(5Z,8Z,11Z,14Z)) ; HMDB0008048","PC(18:0/20:4(5Z,8Z,11Z,14Z)) ; HMDB08048","PC(18:0/22:6(4Z,7Z,10Z,13Z,16Z,19Z)) ; HMDB0008057","PC(18:0/22:6(4Z,7Z,10Z,13Z,16Z,19Z)) ; HMDB08057","PC(18:1(9Z)/18:2(9Z,12Z)) ; HMDB0008105","PC(18:1(9Z)/18:2(9Z,12Z)) ; HMDB08105","PC(18:2(9Z,12Z)/18:2(9Z,12Z)) ; HMDB0008138","PC(18:2(9Z,12Z)/18:2(9Z,12Z)) ; HMDB08138","PC(20:0/18:2(9Z,12Z)) ; HMDB0008270","PC(20:0/18:2(9Z,12Z)) ; HMDB08270","PC(22:6(4Z,7Z,10Z,13Z,16Z,19Z)/18:3(6Z,9Z,12Z)) ; HMDB0008731","PC(22:6(4Z,7Z,10Z,13Z,16Z,19Z)/18:3(6Z,9Z,12Z)) ; HMDB08731","PC(P-16:0/18:0) ; HMDB0011208","PC(P-16:0/18:0) ; HMDB11208","PC(P-16:0/18:1(9Z)) ; HMDB0011210","PC(P-16:0/18:1(9Z)) ; HMDB11210","PC(P-16:0/18:2(9Z,12Z)) ; HMDB0011211","PC(P-16:0/18:2(9Z,12Z)) ; HMDB11211","PC(P-16:0/20:4(5Z,8Z,11Z,14Z)) ; HMDB0011220","PC(P-16:0/20:4(5Z,8Z,11Z,14Z)) ; HMDB11220","PC(P-16:0/20:4(8Z,11Z,14Z,17Z)) ; HMDB0011221","PC(P-16:0/20:4(8Z,11Z,14Z,17Z)) ; HMDB11221","PC(P-16:0/22:6(4Z,7Z,10Z,13Z,16Z,19Z)) ; HMDB0011229","PC(P-16:0/22:6(4Z,7Z,10Z,13Z,16Z,19Z)) ; HMDB11229","PC(P-18:0/18:0) ; HMDB0011241","PC(P-18:0/18:0) ; HMDB11241","PC(P-18:0/18:1(9Z)) ; HMDB0011243","PC(P-18:0/18:1(9Z)) ; HMDB11243","PC(P-18:0/18:2(9Z,12Z)) ; HMDB0011244","PC(P-18:0/18:2(9Z,12Z)) ; HMDB11244","PC(P-18:0/20:3(8Z,11Z,14Z)) ; HMDB0011252","PC(P-18:0/20:3(8Z,11Z,14Z)) ; HMDB11252","PC(P-18:1(9Z)/18:2(9Z,12Z)) ; HMDB0011310","PC(P-18:1(9Z)/18:2(9Z,12Z)) ; HMDB11310","PC(P-18:1(9Z)/20:4(5Z,8Z,11Z,14Z)) ; HMDB0011319","PC(P-18:1(9Z)/20:4(5Z,8Z,11Z,14Z)) ; HMDB11319","PE(16:0/18:0) ; HMDB0008925","PE(16:0/18:0) ; HMDB08925","PE(16:0/18:2(9Z,12Z)) ; HMDB0008928","PE(16:0/18:2(9Z,12Z)) ; HMDB08928","PE(16:0/20:4(5Z,8Z,11Z,14Z)) ; HMDB0008937","PE(16:0/20:4(5Z,8Z,11Z,14Z)) ; HMDB08937","PE(16:0/22:2(13Z,16Z)) ; HMDB0008942","PE(16:0/22:2(13Z,16Z)) ; HMDB08942","PE(16:0/P-18:1(9Z)) ; HMDB0008952","PE(16:0/P-18:1(9Z)) ; HMDB08952","PE(18:0/18:0) ; HMDB0008991","PE(18:0/18:0) ; HMDB08991","PE(18:0/18:1(9Z)) ; HMDB0008993","PE(18:0/18:1(9Z)) ; HMDB08993","PE(18:0/18:2(9Z,12Z)) ; HMDB0008994","PE(18:0/18:2(9Z,12Z)) ; HMDB08994","PE(18:0/20:4(5Z,8Z,11Z,14Z)) ; HMDB0009003","PE(18:0/20:4(5Z,8Z,11Z,14Z)) ; HMDB09003","PE(18:0/22:6(4Z,7Z,10Z,13Z,16Z,19Z)) ; HMDB0009012","PE(18:0/22:6(4Z,7Z,10Z,13Z,16Z,19Z)) ; HMDB09012","PE(18:0/P-18:0) ; HMDB0009016","PE(18:0/P-18:0) ; HMDB09016","PE(18:1(9Z)/18:2(9Z,12Z)) ; HMDB0009060","PE(18:1(9Z)/18:2(9Z,12Z)) ; HMDB09060","PE(18:1(9Z)/20:4(5Z,8Z,11Z,14Z)) ; HMDB0009069","PE(18:1(9Z)/20:4(5Z,8Z,11Z,14Z)) ; HMDB09069","PE(18:1(9Z)/P-18:0) ; HMDB0009082","PE(18:1(9Z)/P-18:0) ; HMDB09082","PE(18:2(9Z,12Z)/20:4(5Z,8Z,11Z,14Z)) ; HMDB0009102","PE(18:2(9Z,12Z)/20:4(5Z,8Z,11Z,14Z)) ; HMDB09102","PE(P-16:0/18:2(9Z,12Z)) ; HMDB0011343","PE(P-16:0/18:2(9Z,12Z)) ; HMDB11343","PE(P-18:0/20:3(8Z,11Z,14Z)) ; HMDB0011384","PE(P-18:0/20:3(8Z,11Z,14Z)) ; HMDB11384","PE(P-18:0/20:4(8Z,11Z,14Z,17Z)) ; HMDB0011386","PE(P-18:0/20:4(8Z,11Z,14Z,17Z)) ; HMDB11386","PE(P-18:0/20:5(5Z,8Z,11Z,14Z,17Z)) ; HMDB0011387","PE(P-18:0/20:5(5Z,8Z,11Z,14Z,17Z)) ; HMDB11387","PE(P-18:0/22:6(4Z,7Z,10Z,13Z,16Z,19Z)) ; HMDB0011394","PE(P-18:0/22:6(4Z,7Z,10Z,13Z,16Z,19Z)) ; HMDB11394","PE(P-18:1(11Z)/18:3(6Z,9Z,12Z)) ; HMDB0011410","PE(P-18:1(11Z)/18:3(6Z,9Z,12Z)) ; HMDB11410","PE(P-18:1(11Z)/20:5(5Z,8Z,11Z,14Z,17Z)) ; HMDB0011420","PE(P-18:1(11Z)/20:5(5Z,8Z,11Z,14Z,17Z)) ; HMDB11420","PE(P-18:1(9Z)/18:1(9Z)) ; HMDB0011441","PE(P-18:1(9Z)/18:1(9Z)) ; HMDB11441","PE(P-18:1(9Z)/18:2(9Z,12Z)) ; HMDB0011442","PE(P-18:1(9Z)/18:2(9Z,12Z)) ; HMDB11442","Pentadecanoic acid ; HMDB0000826","Pentadecanoic acid ; HMDB00826","Phenol sulphate ; HMDB0060015","Phenylacetylglutamine ; HMDB0006344","Phenylacetylglutamine ; HMDB06344","Phenylalanyl-Glycine ; HMDB0028995","Phenyllactic acid ; HMDB0000779","Phenyllactic acid ; HMDB00779","Phenylpyruvic acid ; HMDB0000205","Phosphate ; HMDB0001429","Phosphorylcholine ; HMDB0001565","Phosphorylcholine ; HMDB01565","Phytanic acid ; HMDB0000801","Phytanic acid ; HMDB00801","Phytosphingosine ; HMDB0004610","Phytosphingosine ; HMDB04610","Picolinic acid ; HMDB0002243","Pipecolic acid ; HMDB0000070","Piperine ; HMDB0029377","Piperine ; HMDB29377","Pregnanediol-3-glucuronide ; HMDB0010318","Pregnenolone sulfate ; HMDB0000774","Proline betaine ; HMDB0004827","Proline betaine ; HMDB04827","Prolylglycine ; HMDB0011178","Prolylhydroxyproline ; HMDB0006695","Propionic acid ; HMDB0000237","Propionic acid ; HMDB00237","Propionylcarnitine ; HMDB0000824","Propionylcarnitine ; HMDB00824","PS(16:0/18:0) ; HMDB0012356","PS(16:0/18:0) ; HMDB12356","Pseudouridine ; HMDB0000767","Pseudouridine ; HMDB00767","Pterin ; HMDB0000802","Pterin ; HMDB00802","Putrescine ; HMDB0001414","Putrescine ; HMDB01414","Pyridoxal ; HMDB0001545","Pyridoxamine ; HMDB0001431","Pyridoxamine ; HMDB01431","Pyridoxine ; HMDB0000239","Pyridoxine ; HMDB00239","Pyrocatechol sulfate ; HMDB0059724","Pyroglutamic acid ; HMDB0000267","Pyruvic acid ; HMDB0000243","Pyruvic acid ; HMDB00243","Quinaldine ; HMDB0042004","Quinic acid ; HMDB0003072","Quinic acid ; HMDB03072","Quinine ; HMDB0014611","Quinine ; HMDB14611","Quinolinic acid ; HMDB0000232","Quinolinic acid ; HMDB00232","Ribitol ; HMDB0000508","Ribitol ; HMDB00508","Ribonic acid ; HMDB0000867","Ribonolactone ; HMDB0001900","Ribonolactone ; HMDB01900","Ribothymidine ; HMDB0000884","Ribothymidine ; HMDB00884","S-Allylcysteine ; HMDB0034323","Saccharin ; HMDB0029723","Saccharin ; HMDB29723","Salicylic acid ; HMDB0001895","Salicylic acid ; HMDB01895","Salicyluric acid ; HMDB0000840","Salicyluric acid ; HMDB00840","Sarcosine ; HMDB0000271","Sarcosine ; HMDB00271","Sebacic acid ; HMDB0000792","Sebacic acid ; HMDB00792","Sedoheptulose ; HMDB0003219","Serotonin ; HMDB0000259","Serotonin ; HMDB00259","SM(d18:1/14:0) ; HMDB0012097","SM(d18:1/14:0) ; HMDB12097","SM(d18:1/16:0) ; HMDB0010169","SM(d18:1/16:0) ; HMDB10169","SM(d18:1/18:0) ; HMDB0001348","SM(d18:1/18:0) ; HMDB01348","SM(d18:1/18:1(9Z)) ; HMDB0012101","SM(d18:1/18:1(9Z)) ; HMDB12101","SM(d18:1/20:0) ; HMDB0012102","SM(d18:1/20:0) ; HMDB12102","SM(d18:1/22:0) ; HMDB0012103","SM(d18:1/22:0) ; HMDB12103","SM(d18:1/22:1(13Z)) ; HMDB0012104","SM(d18:1/22:1(13Z)) ; HMDB12104","SM(d18:1/24:0) ; HMDB0011697","SM(d18:1/24:0) ; HMDB11697","SM(d18:1/24:1(15Z)) ; HMDB0012107","SM(d18:1/24:1(15Z)) ; HMDB12107","Solanidine ; HMDB0003236","Solanidine ; HMDB03236","Sorbitol ; HMDB0000247","Sorbitol ; HMDB00247","Spermidine ; HMDB0001257","Sphinganine ; HMDB0000269","Sphinganine ; HMDB00269","Sphingosine 1-phosphate ; HMDB0000277","Sphingosine 1-phosphate ; HMDB00277","Sphingosine ; HMDB0000252","Sphingosine ; HMDB00252","Stearic acid ; HMDB0000827","Stearic acid ; HMDB00827","Stearoylcarnitine ; HMDB0000848","Stearoylcarnitine ; HMDB00848","Stearoylethanolamide ; HMDB0013078","Suberic acid ; HMDB0000893","Suberic acid ; HMDB00893","Succinic acid ; HMDB0000254","Succinic acid ; HMDB00254","Succinyladenosine ; HMDB0000912","Succinyladenosine ; HMDB00912","Sucrose ; HMDB0000258","Sucrose ; HMDB00258","Sulfamethoxazole ; HMDB0015150","Symmetric dimethylarginine ; HMDB0003334","Symmetric dimethylarginine ; HMDB03334","Tartaric acid ; HMDB0000956","Tartaric acid ; HMDB00956","Taurine ; HMDB0000251","Taurine ; HMDB00251","Tauro-b-muricholic acid ; HMDB0000932","Tauro-b-muricholic acid ; HMDB00932","Taurochenodeoxycholate-3-sulfate ; HMDB0002486","Taurochenodesoxycholic acid ; HMDB0000951","Taurochenodesoxycholic acid ; HMDB00951","Taurocholic acid ; HMDB0000036","Taurocholic acid ; HMDB00036","Taurodeoxycholic acid ; HMDB0000896","Taurodeoxycholic acid ; HMDB00896","Taurolithocholic acid 3-sulfate ; HMDB0002580","Tauroursodeoxycholic acid ; HMDB0000874","Tauroursodeoxycholic acid ; HMDB00874","Testosterone sulfate ; HMDB0002833","Tetradecanedioic acid ; HMDB0000872","Tetradecanedioic acid ; HMDB00872","Tetradecanoylcarnitine ; HMDB0005066","Tetradecanoylcarnitine ; HMDB05066","TG(14:0/14:0/15:0) ; HMDB0042062","TG(14:0/14:0/15:0) ; HMDB42062","TG(14:0/14:0/16:0) ; HMDB0042063","TG(14:0/14:0/16:0) ; HMDB42063","TG(14:0/14:0/18:2(9Z,12Z)) ; HMDB0042076","TG(14:0/14:0/18:2(9Z,12Z)) ; HMDB42076","TG(14:0/15:0/14:1(9Z)) ; HMDB0042098","TG(14:0/15:0/14:1(9Z)) ; HMDB42098","TG(14:0/15:0/16:0) ; HMDB0042093","TG(14:0/15:0/16:0) ; HMDB42093","TG(14:0/15:0/16:1(9Z)) ; HMDB0042099","TG(14:0/15:0/16:1(9Z)) ; HMDB42099","TG(14:0/15:0/18:0) ; HMDB0042094","TG(14:0/15:0/18:0) ; HMDB42094","TG(14:0/15:0/18:1(11Z)) ; HMDB0042100","TG(14:0/15:0/18:1(11Z)) ; HMDB42100","TG(14:0/15:0/20:0) ; HMDB0042095","TG(14:0/15:0/20:0) ; HMDB42095","TG(14:0/15:0/20:3(5Z,8Z,11Z)) ; HMDB0042103","TG(14:0/15:0/20:3(5Z,8Z,11Z)) ; HMDB42103","TG(14:0/15:0/22:1(13Z)) ; HMDB0042104","TG(14:0/15:0/22:1(13Z)) ; HMDB42104","TG(14:0/20:0/18:2(9Z,12Z)) ; HMDB0042196","TG(14:0/20:0/18:2(9Z,12Z)) ; HMDB42196","TG(14:0/22:0/18:2(9Z,12Z)) ; HMDB0042226","TG(14:0/22:0/18:2(9Z,12Z)) ; HMDB42226","TG(14:0/22:1(13Z)/18:2(9Z,12Z)) ; HMDB0042466","TG(14:0/22:1(13Z)/18:2(9Z,12Z)) ; HMDB42466","TG(15:0/14:1(9Z)/14:1(9Z)) ; HMDB0043169","TG(15:0/14:1(9Z)/14:1(9Z)) ; HMDB43169","TG(15:0/14:1(9Z)/16:1(9Z)) ; HMDB0043170","TG(15:0/14:1(9Z)/16:1(9Z)) ; HMDB43170","TG(15:0/16:0/20:3(8Z,11Z,14Z)) ; HMDB0011701","TG(15:0/16:0/20:3(8Z,11Z,14Z)) ; HMDB11701","TG(15:0/18:0/20:3(5Z,8Z,11Z)) ; HMDB0043058","TG(15:0/18:0/20:3(5Z,8Z,11Z)) ; HMDB43058","TG(15:0/18:1(9Z)/16:0) ; HMDB0011705","TG(15:0/18:1(9Z)/16:0) ; HMDB11705","TG(15:0/18:1(9Z)/16:1(9Z)) ; HMDB0011706","TG(15:0/18:1(9Z)/16:1(9Z)) ; HMDB11706","TG(16:0/14:0/16:0) ; HMDB0010411","TG(16:0/14:0/16:0) ; HMDB10411","TG(16:0/14:0/16:1(9Z)) ; HMDB0010412","TG(16:0/14:0/16:1(9Z)) ; HMDB10412","TG(16:0/16:0/16:0) ; HMDB0005356","TG(16:0/16:0/16:0) ; HMDB05356","TG(16:0/16:0/16:1(9Z)) ; HMDB0005359","TG(16:0/16:0/16:1(9Z)) ; HMDB05359","TG(16:0/16:0/18:0) ; HMDB0005357","TG(16:0/16:0/18:0) ; HMDB05357","TG(16:0/16:0/18:1(9Z)) ; HMDB0005360","TG(16:0/16:0/18:1(9Z)) ; HMDB05360","TG(16:0/16:0/18:2(9Z,12Z)) ; HMDB0005362","TG(16:0/16:0/18:2(9Z,12Z)) ; HMDB05362","TG(16:0/16:0/20:4(5Z,8Z,11Z,14Z)) ; HMDB0005363","TG(16:0/16:0/20:4(5Z,8Z,11Z,14Z)) ; HMDB05363","TG(16:0/16:1(9Z)/16:1(9Z)) ; HMDB0005376","TG(16:0/16:1(9Z)/16:1(9Z)) ; HMDB05376","TG(16:0/16:1(9Z)/18:1(9Z)) ; HMDB0005377","TG(16:0/16:1(9Z)/18:1(9Z)) ; HMDB05377","TG(16:0/16:1(9Z)/20:4(5Z,8Z,11Z,14Z)) ; HMDB0005380","TG(16:0/16:1(9Z)/20:4(5Z,8Z,11Z,14Z)) ; HMDB05380","TG(16:0/18:0/18:0) ; HMDB0005365","TG(16:0/18:0/18:0) ; HMDB05365","TG(16:0/18:0/18:1(9Z)) ; HMDB0005367","TG(16:0/18:0/18:1(9Z)) ; HMDB05367","TG(16:0/18:0/18:2(9Z,12Z)) ; HMDB0005369","TG(16:0/18:0/18:2(9Z,12Z)) ; HMDB05369","TG(16:0/18:0/20:4(5Z,8Z,11Z,14Z)) ; HMDB0005370","TG(16:0/18:0/20:4(5Z,8Z,11Z,14Z)) ; HMDB05370","TG(16:0/18:1(9Z)/18:2(9Z,12Z)) ; HMDB0005384","TG(16:0/18:1(9Z)/18:2(9Z,12Z)) ; HMDB05384","TG(16:0/18:1(9Z)/20:4(5Z,8Z,11Z,14Z)) ; HMDB0005385","TG(16:0/18:1(9Z)/20:4(5Z,8Z,11Z,14Z)) ; HMDB05385","TG(16:0/18:2(9Z,12Z)/20:4(5Z,8Z,11Z,14Z)) ; HMDB0005391","TG(16:0/18:2(9Z,12Z)/20:4(5Z,8Z,11Z,14Z)) ; HMDB05391","TG(16:0/20:4(5Z,8Z,11Z,14Z)/20:4(5Z,8Z,11Z,14Z)) ; HMDB0005392","TG(16:0/20:4(5Z,8Z,11Z,14Z)/20:4(5Z,8Z,11Z,14Z)) ; HMDB05392","TG(16:1(9Z)/14:0/16:1(9Z)) ; HMDB0010419","TG(16:1(9Z)/14:0/16:1(9Z)) ; HMDB10419","TG(16:1(9Z)/16:1(9Z)/16:1(9Z)) ; HMDB0005432","TG(16:1(9Z)/16:1(9Z)/16:1(9Z)) ; HMDB05432","TG(16:1(9Z)/16:1(9Z)/18:1(9Z)) ; HMDB0005433","TG(16:1(9Z)/16:1(9Z)/18:1(9Z)) ; HMDB05433","TG(16:1(9Z)/16:1(9Z)/18:2(9Z,12Z)) ; HMDB0005435","TG(16:1(9Z)/16:1(9Z)/18:2(9Z,12Z)) ; HMDB05435","TG(16:1(9Z)/16:1(9Z)/20:4(5Z,8Z,11Z,14Z)) ; HMDB0005436","TG(16:1(9Z)/16:1(9Z)/20:4(5Z,8Z,11Z,14Z)) ; HMDB05436","TG(16:1(9Z)/18:2(9Z,12Z)/20:4(5Z,8Z,11Z,14Z)) ; HMDB0005447","TG(16:1(9Z)/18:2(9Z,12Z)/20:4(5Z,8Z,11Z,14Z)) ; HMDB05447","TG(16:1(9Z)/20:4(5Z,8Z,11Z,14Z)/20:4(5Z,8Z,11Z,14Z)) ; HMDB0005448","TG(16:1(9Z)/20:4(5Z,8Z,11Z,14Z)/20:4(5Z,8Z,11Z,14Z)) ; HMDB05448","TG(18:0/18:0/18:1(9Z)) ; HMDB0005395","TG(18:0/18:0/18:1(9Z)) ; HMDB05395","TG(18:0/18:0/20:1(11Z)) ; HMDB0005396","TG(18:0/18:0/20:1(11Z)) ; HMDB05396","TG(18:0/18:0/20:4(5Z,8Z,11Z,14Z)) ; HMDB0005398","TG(18:0/18:0/20:4(5Z,8Z,11Z,14Z)) ; HMDB05398","TG(18:0/18:1(9Z)/18:1(9Z)) ; HMDB0005403","TG(18:0/18:1(9Z)/18:1(9Z)) ; HMDB05403","TG(18:0/18:1(9Z)/18:2(9Z,12Z)) ; HMDB0005405","TG(18:0/18:1(9Z)/18:2(9Z,12Z)) ; HMDB05405","TG(18:0/18:1(9Z)/20:1(11Z)) ; HMDB0005404","TG(18:0/18:1(9Z)/20:1(11Z)) ; HMDB05404","TG(18:0/18:1(9Z)/20:4(5Z,8Z,11Z,14Z)) ; HMDB0005406","TG(18:0/18:1(9Z)/20:4(5Z,8Z,11Z,14Z)) ; HMDB05406","TG(18:0/18:2(9Z,12Z)/20:1(11Z)) ; HMDB0005410","TG(18:0/18:2(9Z,12Z)/20:1(11Z)) ; HMDB05410","TG(18:0/20:4(5Z,8Z,11Z,14Z)/20:4(5Z,8Z,11Z,14Z)) ; HMDB0005413","TG(18:0/20:4(5Z,8Z,11Z,14Z)/20:4(5Z,8Z,11Z,14Z)) ; HMDB05413","TG(18:1(9Z)/18:1(9Z)/20:4(5Z,8Z,11Z,14Z)) ; HMDB0005456","TG(18:1(9Z)/18:1(9Z)/20:4(5Z,8Z,11Z,14Z)) ; HMDB05456","TG(18:1(9Z)/18:2(9Z,12Z)/20:4(5Z,8Z,11Z,14Z)) ; HMDB0005462","TG(18:1(9Z)/18:2(9Z,12Z)/20:4(5Z,8Z,11Z,14Z)) ; HMDB05462","TG(18:1(9Z)/20:1(11Z)/20:4(5Z,8Z,11Z,14Z)) ; HMDB0005458","TG(18:1(9Z)/20:1(11Z)/20:4(5Z,8Z,11Z,14Z)) ; HMDB05458","TG(18:1(9Z)/20:4(5Z,8Z,11Z,14Z)/20:4(5Z,8Z,11Z,14Z)) ; HMDB0005463","TG(18:1(9Z)/20:4(5Z,8Z,11Z,14Z)/20:4(5Z,8Z,11Z,14Z)) ; HMDB05463","TG(18:2(9Z,12Z)/14:0/18:3(9Z,12Z,15Z)) ; HMDB0010471","TG(18:2(9Z,12Z)/14:0/18:3(9Z,12Z,15Z)) ; HMDB10471","TG(18:2(9Z,12Z)/20:1(11Z)/20:4(5Z,8Z,11Z,14Z)) ; HMDB0005471","TG(18:2(9Z,12Z)/20:1(11Z)/20:4(5Z,8Z,11Z,14Z)) ; HMDB05471","TG(18:2(9Z,12Z)/20:4(5Z,8Z,11Z,14Z)/20:4(5Z,8Z,11Z,14Z)) ; HMDB0005476","TG(18:2(9Z,12Z)/20:4(5Z,8Z,11Z,14Z)/20:4(5Z,8Z,11Z,14Z)) ; HMDB05476","TG(18:3(9Z,12Z,15Z)/14:0/18:3(9Z,12Z,15Z)) ; HMDB0010497","TG(18:3(9Z,12Z,15Z)/14:0/18:3(9Z,12Z,15Z)) ; HMDB10497","TG(18:3(9Z,12Z,15Z)/14:0/22:6(4Z,7Z,10Z,13Z,16Z,19Z)) ; HMDB0010498","TG(18:3(9Z,12Z,15Z)/14:0/22:6(4Z,7Z,10Z,13Z,16Z,19Z)) ; HMDB10498","TG(18:3(9Z,12Z,15Z)/20:4(5Z,8Z,11Z,14Z)/18:3(9Z,12Z,15Z)) ; HMDB0010513","TG(18:3(9Z,12Z,15Z)/20:4(5Z,8Z,11Z,14Z)/18:3(9Z,12Z,15Z)) ; HMDB10513","TG(20:4(5Z,8Z,11Z,14Z)/14:0/18:3(9Z,12Z,15Z)) ; HMDB0010517","TG(20:4(5Z,8Z,11Z,14Z)/14:0/18:3(9Z,12Z,15Z)) ; HMDB10517","TG(20:4(5Z,8Z,11Z,14Z)/14:0/20:4(5Z,8Z,11Z,14Z)) ; HMDB0010518","TG(20:4(5Z,8Z,11Z,14Z)/14:0/20:4(5Z,8Z,11Z,14Z)) ; HMDB10518","TG(20:4(5Z,8Z,11Z,14Z)/20:4(5Z,8Z,11Z,14Z)/18:3(9Z,12Z,15Z)) ; HMDB0010531","TG(20:4(5Z,8Z,11Z,14Z)/20:4(5Z,8Z,11Z,14Z)/18:3(9Z,12Z,15Z)) ; HMDB10531","TG(20:4(5Z,8Z,11Z,14Z)/20:4(5Z,8Z,11Z,14Z)/20:4(5Z,8Z,11Z,14Z)) ; HMDB0005478","TG(20:4(5Z,8Z,11Z,14Z)/20:4(5Z,8Z,11Z,14Z)/20:4(5Z,8Z,11Z,14Z)) ; HMDB05478","Theobromine ; HMDB0002825","Theophylline ; HMDB0001889","Theophylline ; HMDB01889","Thiamine ; HMDB0000235","Thiamine ; HMDB00235","Threonic acid ; HMDB0000943","Thymine ; HMDB0000262","Thymine ; HMDB00262","Thymol Sulfate ; HMDB0062720","Thyroxine ; HMDB0000248","Thyroxine ; HMDB00248","Tiglylcarnitine ; HMDB0002366","Tiglylcarnitine ; HMDB02366","trans-2-Dodecenoylcarnitine ; HMDB0013326","trans-2-Dodecenoylcarnitine ; HMDB13326","Trans-urocanate ; HMDB0062562","Trigonelline ; HMDB0000875","Trigonelline ; HMDB00875","Trimethylamine N-oxide ; HMDB0000925","Trimethylamine N-oxide ; HMDB00925","Tryptophan 2-C-mannoside ; HMDB0240296","Undecanedioic acid ; HMDB0000888","Undecanedioic acid ; HMDB00888","Uracil ; HMDB0000300","Uracil ; HMDB00300","Urea ; HMDB0000294","Ureidopropionic acid ; HMDB0000026","Ureidopropionic acid ; HMDB00026","Ureidosuccinic acid ; HMDB0000828","Uric acid ; HMDB0000289","Uric acid ; HMDB00289","Uridine ; HMDB0000296","Uridine ; HMDB00296","Urobilin ; HMDB0004160","Urocanic acid ; HMDB0000301","Urocanic acid ; HMDB00301","Ursodeoxycholic acid ; HMDB0000946","Ursodeoxycholic acid ; HMDB00946","Valsartan ; HMDB0014323","Valyl-Glycine ; HMDB0029127","Vanillactic acid ; HMDB0000913","Vitamin A ; HMDB0000305","Vitamin A ; HMDB00305","Xanthine ; HMDB0000292","Xanthine ; HMDB00292","Xanthosine ; HMDB0000299","Xanthosine ; HMDB00299","Xanthurenic acid ; HMDB0000881","Xanthurenic acid ; HMDB00881"]
    },
    "metaboliteName":{
    "type":"string","maxLength":255
    },
    "comments":{
    "type":"string","maxLength":500
    }
    },
  "required":["expsampleId","intensity","retentionTime","retentionTimeUnit","mZRatio","zCharge"]
}