{
    "pubmed_id": 35081612,
    "study_identifier": "PMID35081612_study-01",
    "study_name": "Identifying and Alleviating Bias Due to Differential Depletion of Susceptible People in Postmarketing Evaluations of COVID-19 Vaccines",
    "publication_title": "Identifying and Alleviating Bias Due to Differential Depletion of Susceptible People in Postmarketing Evaluations of COVID-19 Vaccines",
    "study_objective": "To examine the extent to which biases occur for SARS-CoV-2 vaccines\u2019 efficacy and effectiveness under different scenarios and assessed whether serological testing has the potential to correct this bias",
    "study_description": "Recent studies have provided key information about SARS-CoV-2 vaccines' efficacy and effectiveness (VE). One important question that remains is whether the protection conferred by vaccines wanes over time. However, estimates over time are subject to bias from differential depletion of susceptible individuals between vaccinated and unvaccinated groups. We examined the extent to which biases occur under different scenarios and assessed whether serological testing has the potential to correct this bias. By identifying nonvaccine antibodies, these tests could identify individuals with prior infection. We found that in scenarios with high baseline VE, differential depletion of susceptible individuals created minimal bias in VE estimates, suggesting that any observed declines are likely not due to spurious waning alone. However, if baseline VE was lower, the bias for leaky vaccines (which reduce individual probability of infection given contact) was larger and should be corrected for by excluding individuals with past infection if the mechanism is known to be leaky. Conducting analyses both unadjusted and adjusted for past infection could give lower and upper bounds for the true VE. Studies of VE should therefore enroll individuals regardless of prior infection history but also collect information, ideally through serological testing, on this critical variable.",
    "primary_institution_name": "Harvard University",
    "study_personnel": [
        {
            "personnel_id": "PMID35081612_personnel-01",
            "honorific": "",
            "last_name": "Lipsitch",
            "first_name": "Marc",
            "suffixes": "",
            "organization": "Harvard University",
            "orchid_id": "",
            "email": "mlipsitc@HSPH.HARVARD.EDU",
            "seronet_title_in_study": "SeroNet Principal Investigator",
            "role_in_study": "Investigator",
            "site_name": "Harvard University"
        }
    ],
    "study_file": [
        {
            "study_file_name": "PMID35081612_web_material_kwac015.docx",
            "study_file_description": "Figures explains about Vaccine efficacy",
            "study_file_type": "Study Data"
        },
        {
            "study_file_name": "PMID35081612_v1.2.6.xlsm",
            "study_file_description": "Completed curation of the study into SeroNet Registry Template which includes SeroNet Study Descriptors.",
            "study_file_type": "Study Summary Description"
        },
        {
            "study_file_name": "PMID35081612_JSON.json",
            "study_file_description": "JSON format of completed curation of the study into SeroNet Registry Template which includes SeroNet Study Descriptors",
            "study_file_type": "JSON Summary Description"
        }
    ],
    "study_link": [],
    "research_focus": "Vaccine Response",
    "study_type": "Epidemiological Research",
    "keyword": [
        "Bias",
        "epidemics",
        "SARS-CoV-2",
        "vaccines",
        "waning"
    ],
    "clinical_study_design": "Not Applicable",
    "in_silico_model_type": "Epidemiological Model",
    "protocol": {
        "protocol_id": "PMID35081612_protocol-01",
        "protocol_file_name": "PMID35081612_protocol-01.txt",
        "protocol_name": "PMID35081612_protocol-01",
        "protocol_description": "Study Protocol",
        "protocol_type": "Study Protocol"
    },
    "reported_health_condition": [
        "Covid-19"
    ],
    "sars_cov_2_vaccine_type": [
        "Not Applicable"
    ],
    "clinical_outcome_measure": "Not Applicable",
    "enrollment_start_date": "",
    "enrollment_end_date": "",
    "number_of_study_subjects": 20000,
    "age_unit": "Years",
    "minimum_age": "",
    "maximum_age": "",
    "study_human_cohort": [
        {
            "arm_id": "PMID35081612_human_subject-01",
            "arm_name": "Network model simulation",
            "study_population_description": "Network model simulation (N=20,000)",
            "arm_type": "Observational",
            "ethnicity": [
                "Not Specified"
            ],
            "race": [
                "Not Specified"
            ],
            "race_specify": [],
            "description": "",
            "sex_at_birth": [
                "Not specified"
            ],
            "age_event": "Not Specified",
            "subject_phenotype": "",
            "assessment_name": [],
            "study_location": [
                "United States of America"
            ],
            "measured_behavioral_or_pyschological_factor": [],
            "measured_social_factor": [],
            "sars_cov_2_symptoms": [],
            "assessment_clinical_and_demographic_data_provenance": [],
            "assessment_demographic_data_types_collected": [],
            "sars_cov_2_history": [],
            "sars_cov_2_vaccine_type": [],
            "covid_19_disease_severity": [],
            "post_covid_19_symptoms": [],
            "covid_19_complications": []
        }
    ],
    "study_model_cohort": [],
    "planned_visit": [
        {
            "visit_id": "PMID35081612_visit-01",
            "visit_name": "Model",
            "visit_order_number": 1,
            "visit_min_start_day": 0,
            "visit_max_start_day": "",
            "visit_start_rule": ""
        }
    ],
    "experiment": [],
    "geriatric_subjects": "Not Specified",
    "pediatric_subjects": "Not Specified",
    "pregnant_subjects": "Not Specified",
    "sars_cov_2_antibodies_measured": "Not Specified",
    "survey_instrument_shared": "Not Specified",
    "who_disease_severity_scale_used": "Not Specified",
    "inclusion_exclusion": [
        {
            "inclusion_exculusion_id": "PMID35081612_ie-01",
            "inclusion_criterion": "Other",
            "inclusion_criterion_category": "Yes"
        }
    ],
    "status_note": "Data at study and cohort level, Individual level data sharing requirement is waived by SeroNet for this study."
}
