{
    "pubmed_id": 34250518,
    "study_identifier": "PMID34250518_study-01",
    "study_name": "Decreased infectivity following BNT162b2 vaccination: A prospective cohort study in Israel",
    "publication_title": "Decreased infectivity following BNT162b2 vaccination: A prospective cohort study in Israel",
    "study_objective": "To assess effectiveness of the vaccine in reducing infectivity via two routes: through preventing infection, and through reducing viral shedding in those who become infected despite vaccination.",
    "study_description": "Background: BNT162b2 was shown to be 92% effective in preventing COVID-19. Prioritizing vaccine rollout, and achievement of herd immunity depend on SARS-CoV-2 transmission reduction. The vaccine's effect on infectivity is thus a critical priority.  Methods: Among all 9650 HCW of a large tertiary medical center in Israel, we calculated the prevalence of positive SARS-CoV-2 qRT-PCR cases with asymptomatic presentation, tested following known or presumed exposure and the infectious subset (N-gene-Ct-value<30) of these. Additionally, infection incidence rates were calculated for symptomatic cases and infectious (Ct<30) cases. Vaccine effectiveness within three months of vaccine rollout was measured as one minus the relative risk or rate ratio, respectively. To further assess infectiousness, we compared the mean Ct-value and the proportion of infections with a positive SARS-CoV-2 antigen test of vaccinated vs. unvaccinated. The correlation between IgG levels within the week before detection and Ct level was assessed.  Findings: Reduced prevalence among fully vaccinated HCW was observed for (i) infections detected due to exposure, with asymptomatic presentation (VE(i)=65.1%, 95%CI 45-79%), (ii) the presumed infectious (Ct<30) subset of these (VE(ii)=69.6%, 95%CI 43-84%) (iii) never-symptomatic infections (VE(iii)=72.3%, 95%CI 48-86%), and (iv) the presumed infectious (Ct<30) subset (VE(iv)=83.0%, 95%CI 51-94%).Incidence of (v) symptomatic and (vi) symptomatic-infectious cases was significantly lower among fully vaccinated vs. unvaccinated individuals (VE(v)= 89.7%, 95%CI 84-94%, VE(vi)=88.1%, 95%CI 80-95%).The mean Ct-value was significantly higher in vaccinated vs. unvaccinated (27.3\u00b11.2 vs. 22.2\u00b11.0, p<0.001) and the proportion of positive SARS-CoV-2 antigen tests was also significantly lower among vaccinated vs. unvaccinated PCR-positive HCW (80% vs. 31%, p<0.001). Lower infectivity was correlated with higher IgG concentrations (R=0.36, p=0.01).  Interpretation: These results suggest that BNT162b2 is moderately to highly effective in reducing infectivity, via preventing infection and through reducing viral shedding.",
    "primary_institution_name": "Harvard University",
    "study_personnel": [
        {
            "personnel_id": "PMID34250518_personnel-01",
            "honorific": "",
            "last_name": "Lipsitch",
            "first_name": "Marc",
            "suffixes": "",
            "organization": "Harvard University",
            "orchid_id": "",
            "email": "mlipsitc@haph.harvard.edu",
            "seronet_title_in_study": "SeroNet Investigator",
            "role_in_study": "Investigator",
            "site_name": "Harvard University"
        },
        {
            "personnel_id": "PMID34250518_personnel-02",
            "honorific": "",
            "last_name": "Regev Yochay",
            "first_name": "Gili",
            "suffixes": "",
            "organization": "Sheba Medical Center",
            "orchid_id": "",
            "email": "gili.regev@sheba.health.gov.il",
            "seronet_title_in_study": "SeroNet Investigator",
            "role_in_study": "Investigator",
            "site_name": "Sheba Medical Center"
        }
    ],
    "study_file": [
        {
            "study_file_name": "PMID34250518_Lancet RegHealth.xlsx",
            "study_file_description": "Subject level demographics, vaccination status, COVID-19 symptoms of the infected health care workers",
            "study_file_type": "Demographics"
        },
        {
            "study_file_name": "PMID34250518_mmc1.docx",
            "study_file_description": "Demographic and clinical characteristics of infected HCW",
            "study_file_type": "Demographics"
        },
        {
            "study_file_name": "PMID34250518_v1.2.5.xlsm",
            "study_file_description": "Completed curation of the study into SeroNet Registry Template which includes SeroNet Study Descriptors.",
            "study_file_type": "Study Summary Description"
        },
        {
            "study_file_name": "PMID34250518_JSON.json",
            "study_file_description": "JSON format of completed curation of the study into SeroNet Registry Template which includes SeroNet Study Descriptors",
            "study_file_type": "JSON Summary Description"
        }
    ],
    "study_link": [],
    "research_focus": "Vaccine Response",
    "study_type": "Clinical Research",
    "keyword": [
        "Not provided"
    ],
    "clinical_study_design": "Prospective Cohort",
    "in_silico_model_type": "Not Applicable",
    "protocol": {
        "protocol_id": "PMID34250518_protocol-01",
        "protocol_file_name": "PMID34250518_protocol-01.txt",
        "protocol_name": "PMID34250518_protocol-01",
        "protocol_description": "Study Protocol",
        "protocol_type": "Study Protocol"
    },
    "reported_health_condition": [
        "Covid-19",
        "SARS-CoV-2"
    ],
    "sars_cov_2_vaccine_type": [
        "Pfizer-BioNTech SARS-CoV-2 vaccine"
    ],
    "clinical_outcome_measure": "Vaccine effectiveness in reducing infection in those who become infected despite vaccination.",
    "enrollment_start_date": "2020-12-19",
    "enrollment_end_date": "2021-03-14",
    "number_of_study_subjects": 9347,
    "age_unit": "Years",
    "minimum_age": 18,
    "maximum_age": 65,
    "study_human_cohort": [
        {
            "arm_id": "PMID34250518_human_subject-01",
            "arm_name": "Unvaccinated health care workers",
            "study_population_description": "Unvaccinated health care workers (N= 1441), 163 of 1441 are with COVID-19 infection",
            "arm_type": "Observational",
            "ethnicity": [
                "Not Specified"
            ],
            "race": [
                "Not Specified"
            ],
            "race_specify": [],
            "description": "",
            "sex_at_birth": [
                "Female",
                "Male"
            ],
            "age_event": "Age at enrollment",
            "subject_phenotype": "",
            "assessment_name": [],
            "study_location": [
                "Israel"
            ],
            "measured_behavioral_or_pyschological_factor": [],
            "measured_social_factor": [],
            "sars_cov_2_symptoms": [
                "Asymptomatic"
            ],
            "assessment_clinical_and_demographic_data_provenance": [
                "Directly Measured",
                "From Electronic Health Record"
            ],
            "assessment_demographic_data_types_collected": [
                "Gender",
                "Occupation"
            ],
            "sars_cov_2_history": [
                "Not vaccinated",
                "Uninfected",
                "Infected"
            ],
            "sars_cov_2_vaccine_type": [
                "Not Applicable"
            ],
            "covid_19_disease_severity": [
                "Asymptomatic",
                "Mild",
                "Severe"
            ],
            "post_covid_19_symptoms": [],
            "covid_19_complications": []
        },
        {
            "arm_id": "PMID34250518_human_subject-02",
            "arm_name": "Early vaccinated health care workers",
            "study_population_description": "Early vaccinated health care workers (N=490), 42 of 490 are with COVID-19 infection",
            "arm_type": "Observational",
            "ethnicity": [
                "Not Specified"
            ],
            "race": [
                "Not Specified"
            ],
            "race_specify": [],
            "description": "",
            "sex_at_birth": [
                "Female",
                "Male"
            ],
            "age_event": "Age at enrollment",
            "subject_phenotype": "",
            "assessment_name": [],
            "study_location": [
                "Israel"
            ],
            "measured_behavioral_or_pyschological_factor": [],
            "measured_social_factor": [],
            "sars_cov_2_symptoms": [
                "Asymptomatic"
            ],
            "assessment_clinical_and_demographic_data_provenance": [
                "Directly Measured",
                "From Electronic Health Record"
            ],
            "assessment_demographic_data_types_collected": [
                "Gender",
                "Occupation"
            ],
            "sars_cov_2_history": [
                "Partially vaccinated",
                "Uninfected",
                "Infected"
            ],
            "sars_cov_2_vaccine_type": [
                "Pfizer BioNTech COVID-19 vaccine; VO:0004987"
            ],
            "covid_19_disease_severity": [
                "Asymptomatic",
                "Mild"
            ],
            "post_covid_19_symptoms": [],
            "covid_19_complications": []
        },
        {
            "arm_id": "PMID34250518_human_subject-03",
            "arm_name": "Partially vaccinated health care workers",
            "study_population_description": "Partially vaccinated health care workers (N= 1442), 50 of 1442 are with COVID-19 infection",
            "arm_type": "Observational",
            "ethnicity": [
                "Not Specified"
            ],
            "race": [
                "Not Specified"
            ],
            "race_specify": [],
            "description": "",
            "sex_at_birth": [
                "Female",
                "Male"
            ],
            "age_event": "Age at enrollment",
            "subject_phenotype": "",
            "assessment_name": [],
            "study_location": [
                "Israel"
            ],
            "measured_behavioral_or_pyschological_factor": [],
            "measured_social_factor": [],
            "sars_cov_2_symptoms": [
                "Asymptomatic"
            ],
            "assessment_clinical_and_demographic_data_provenance": [
                "Directly Measured",
                "From Electronic Health Record"
            ],
            "assessment_demographic_data_types_collected": [
                "Gender",
                "Occupation"
            ],
            "sars_cov_2_history": [
                "Partially vaccinated",
                "Uninfected",
                "Infected"
            ],
            "sars_cov_2_vaccine_type": [
                "Pfizer BioNTech COVID-19 vaccine; VO:0004987"
            ],
            "covid_19_disease_severity": [
                "Asymptomatic",
                "Mild"
            ],
            "post_covid_19_symptoms": [],
            "covid_19_complications": []
        },
        {
            "arm_id": "PMID34250518_human_subject-04",
            "arm_name": "Fully vaccinated health care workers",
            "study_population_description": "Fully vaccinated health care workers (N=1300), 31 of 1300 are with COVID-19 infection",
            "arm_type": "Observational",
            "ethnicity": [
                "Not Specified"
            ],
            "race": [
                "Not Specified"
            ],
            "race_specify": [],
            "description": "",
            "sex_at_birth": [
                "Female",
                "Male"
            ],
            "age_event": "Age at enrollment",
            "subject_phenotype": "",
            "assessment_name": [],
            "study_location": [
                "Israel"
            ],
            "measured_behavioral_or_pyschological_factor": [],
            "measured_social_factor": [],
            "sars_cov_2_symptoms": [
                "Asymptomatic"
            ],
            "assessment_clinical_and_demographic_data_provenance": [
                "Directly Measured",
                "From Electronic Health Record"
            ],
            "assessment_demographic_data_types_collected": [
                "Gender",
                "Occupation"
            ],
            "sars_cov_2_history": [
                "Vaccinated",
                "Uninfected",
                "Infected"
            ],
            "sars_cov_2_vaccine_type": [
                "Pfizer BioNTech COVID-19 vaccine; VO:0004987"
            ],
            "covid_19_disease_severity": [
                "Asymptomatic",
                "Mild"
            ],
            "post_covid_19_symptoms": [],
            "covid_19_complications": []
        }
    ],
    "study_model_cohort": [],
    "planned_visit": [
        {
            "visit_id": "PMID34250518_visit-01",
            "visit_name": "Sample collected from exposed health care workers",
            "visit_order_number": 1,
            "visit_min_start_day": 0,
            "visit_max_start_day": "",
            "visit_start_rule": ""
        }
    ],
    "experiment": [
        {
            "arm_id": [
                "PMID34250518_human_subject-01 | PMID34250518_human_subject-02 | PMID34250518_human_subject-03 | PMID34250518_human_subject-04"
            ],
            "associated_first_planned_visit_id": [
                "PMID34250518_visit-01"
            ],
            "assay_type": "PCR",
            "experiment_name": "PCR",
            "experiment_results_file_name": "PMID34250518_Lancet RegHealth.xlsx",
            "biospecimen_type": [
                "Nasal Swab"
            ],
            "biospecimen_collection_point": [
                "Post-symptom onset"
            ],
            "sars_cov_2_antigen": [
                "Not Applicable"
            ],
            "assay_use": "FDA Approved",
            "manufacture": "AllplexTM 2019-nCoV (Seegene Inc., S. Korea)",
            "catalog_number": "",
            "virus_target": [
                "SARS-CoV-2"
            ],
            "antibody_isotype": [
                "Other"
            ],
            "reporting_units": "",
            "assay_reporting_format": "Quantitative"
        }
    ],
    "geriatric_subjects": "Not Specified",
    "pediatric_subjects": "No",
    "pregnant_subjects": "Not Specified",
    "sars_cov_2_antibodies_measured": "Yes",
    "survey_instrument_shared": "Not Specified",
    "who_disease_severity_scale_used": "Not Specified",
    "inclusion_exclusion": [
        {
            "inclusion_exculusion_id": "PMID34250518_inexcl-01",
            "inclusion_criterion": "SARS-CoV-2 Antibodies Measured",
            "inclusion_criterion_category": "inclusion"
        },
        {
            "inclusion_exculusion_id": "PMID34250518_inexcl-02",
            "inclusion_criterion": "Pediatric subjects",
            "inclusion_criterion_category": "exclusion"
        }
    ],
    "status_note": "Data at individual level available."
}
