{
    "pubmed_id": 34320281,
    "study_identifier": "PMID34320281_study-01",
    "study_name": "Covid-19 Breakthrough Infections in Vaccinated Health Care Workers",
    "publication_title": "Covid-19 Breakthrough Infections in Vaccinated Health Care Workers",
    "study_objective": "To assess the effectiveness of the BNT162b2 vaccine among health care workers and to examine possible correlates of protection and infectivity",
    "study_description": "Background: Despite the high efficacy of the BNT162b2 messenger RNA vaccine against severe acute respiratory syndrome coronavirus 2 (SARS-CoV-2), rare breakthrough infections have been reported, including infections among health care workers. Data are needed to characterize these infections and define correlates of breakthrough and infectivity.  Methods: At the largest medical center in Israel, we identified breakthrough infections by performing extensive evaluations of health care workers who were symptomatic (including mild symptoms) or had known infection exposure. These evaluations included epidemiologic investigations, repeat reverse-transcriptase-polymerase-chain-reaction (RT-PCR) assays, antigen-detecting rapid diagnostic testing (Ag-RDT), serologic assays, and genomic sequencing. Correlates of breakthrough infection were assessed in a case-control analysis. We matched patients with breakthrough infection who had antibody titers obtained within a week before SARS-CoV-2 detection (peri-infection period) with four to five uninfected controls and used generalized estimating equations to predict the geometric mean titers among cases and controls and the ratio between the titers in the two groups. We also assessed the correlation between neutralizing antibody titers and N gene cycle threshold (Ct) values with respect to infectivity.  Results: Among 1497 fully vaccinated health care workers for whom RT-PCR data were available, 39 SARS-CoV-2 breakthrough infections were documented. Neutralizing antibody titers in case patients during the peri-infection period were lower than those in matched uninfected controls (case-to-control ratio, 0.361; 95% confidence interval, 0.165 to 0.787). Higher peri-infection neutralizing antibody titers were associated with lower infectivity (higher Ct values). Most breakthrough cases were mild or asymptomatic, although 19% had persistent symptoms (>6 weeks). The B.1.1.7 (alpha) variant was found in 85% of samples tested. A total of 74% of case patients had a high viral load (Ct value, <30) at some point during their infection; however, of these patients, only 17 (59%) had a positive result on concurrent Ag-RDT. No secondary infections were documented.  Conclusions: Among fully vaccinated health care workers, the occurrence of breakthrough infections with SARS-CoV-2 was correlated with neutralizing antibody titers during the peri-infection period. Most breakthrough infections were mild or asymptomatic, although persistent symptoms did occur.",
    "primary_institution_name": "Harvard University",
    "study_personnel": [
        {
            "personnel_id": "PMID34320281_personnel-01",
            "honorific": "",
            "last_name": "Lipsitch",
            "first_name": "Marc",
            "suffixes": "",
            "organization": "Harvard University",
            "orchid_id": "",
            "email": "mlipsitc@hsph.harvard.edu",
            "seronet_title_in_study": "SeroNet Principal Investigator",
            "role_in_study": "Investigator",
            "site_name": "Harvard University"
        },
        {
            "personnel_id": "PMID34320281_personnel-02",
            "honorific": "",
            "last_name": "Regev Yochay",
            "first_name": "Gili",
            "suffixes": "",
            "organization": "Sheba Medical Center",
            "orchid_id": "",
            "email": "gili.regev@sheba.health.gov.il",
            "seronet_title_in_study": "SeroNet Investigator",
            "role_in_study": "Investigator",
            "site_name": "Sheba Medical Center"
        }
    ],
    "study_file": [
        {
            "study_file_name": "PMID34320281_NEJMoa2109072_appendix.pdf",
            "study_file_description": "Epidemiological and clinical characteristics, prevalence of symptoms and clinical outcomes of HCW with a breakthrough infection",
            "study_file_type": "Study data"
        },
        {
            "study_file_name": "PMID34320281_NEJM.xlsx",
            "study_file_description": "Subject level demographics and Neutralization titer values",
            "study_file_type": "Demographics"
        },
        {
            "study_file_name": "PMID34320281_v1.2.5.xlsm",
            "study_file_description": "Completed curation of the study into SeroNet Registry Template which includes SeroNet Study Descriptors",
            "study_file_type": "Study Summary Description"
        },
        {
            "study_file_name": "PMID34320281_JSON.json",
            "study_file_description": "JSON format of completed curation of the study into SeroNet Registry Template which includes SeroNet Study Descriptors",
            "study_file_type": "JSON Summary Description"
        }
    ],
    "study_link": [],
    "research_focus": "Infection Response",
    "study_type": "Clinical Research",
    "keyword": [
        "Adult",
        "Asymptomatic Diseases",
        "BNT162 Vaccine",
        "COVID-19 diagnosis",
        "COVID-19 epidemiology",
        "COVID-19 prevention & control",
        "COVID-19 Nucleic Acid Testing",
        "COVID-19 Vaccines",
        "Case-Control Studies",
        "Female",
        "Health Personnel statistics & numerical data",
        "Human",
        "Israel epidemiology",
        "Male",
        "Middle Aged",
        "Reverse Transcriptase Polymerase Chain Reaction",
        "Treatment Failure"
    ],
    "clinical_study_design": "Prospective Cohort",
    "in_silico_model_type": "Not Applicable",
    "protocol": {
        "protocol_id": "PMID34320281_protocol-01",
        "protocol_file_name": "PMID34320281_protocol-01.txt",
        "protocol_name": "PMID34320281_protocol-01",
        "protocol_description": "Study Protocol",
        "protocol_type": "Study Protocol"
    },
    "reported_health_condition": [
        "Covid-19",
        "SARS-CoV-2 Alpha; B.1.1.7",
        "SARS-CoV-2 Wuhan/2020"
    ],
    "sars_cov_2_vaccine_type": [
        "Pfizer-BioNTech SARS-CoV-2 vaccine"
    ],
    "clinical_outcome_measure": "Effectiveness of the BNT162b2 vaccine among the health care workers",
    "enrollment_start_date": "2021-01-20",
    "enrollment_end_date": "2021-04-28",
    "number_of_study_subjects": 126,
    "age_unit": "Years",
    "minimum_age": 24,
    "maximum_age": 66,
    "study_human_cohort": [
        {
            "arm_id": "PMID34320281_human_subject-01",
            "arm_name": "Breakthrough infection cases",
            "study_population_description": "Health care workers with COVID-19 breakthrough infection, received 2 doses of BNT162b2 vaccination (N=22)",
            "arm_type": "Vaccination",
            "ethnicity": [
                "Not Specified"
            ],
            "race": [
                "Not Specified"
            ],
            "race_specify": [],
            "description": "",
            "sex_at_birth": [
                "Female",
                "Male"
            ],
            "age_event": "Age at enrollment",
            "subject_phenotype": "",
            "assessment_name": [],
            "study_location": [
                "Israel"
            ],
            "measured_behavioral_or_pyschological_factor": [],
            "measured_social_factor": [],
            "sars_cov_2_symptoms": [],
            "assessment_clinical_and_demographic_data_provenance": [],
            "assessment_demographic_data_types_collected": [],
            "sars_cov_2_history": [
                "Vaccinated",
                "Infected"
            ],
            "sars_cov_2_vaccine_type": [
                "Pfizer BioNTech COVID-19 vaccine; VO:0004987"
            ],
            "covid_19_disease_severity": [
                "Mild",
                "Asymptomatic"
            ],
            "post_covid_19_symptoms": [
                "Muscle Aches",
                "Smell Disorder",
                "Fever"
            ],
            "covid_19_complications": []
        },
        {
            "arm_id": "PMID34320281_human_subject-02",
            "arm_name": "Matched controls",
            "study_population_description": "Matched controls received 2 doses of BNT162b2 vaccination (N=104)",
            "arm_type": "Healthy Control",
            "ethnicity": [
                "Not Specified"
            ],
            "race": [
                "Not Specified"
            ],
            "race_specify": [],
            "description": "",
            "sex_at_birth": [
                "Female",
                "Male"
            ],
            "age_event": "Age at enrollment",
            "subject_phenotype": "",
            "assessment_name": [],
            "study_location": [
                "Israel"
            ],
            "measured_behavioral_or_pyschological_factor": [],
            "measured_social_factor": [],
            "sars_cov_2_symptoms": [],
            "assessment_clinical_and_demographic_data_provenance": [],
            "assessment_demographic_data_types_collected": [],
            "sars_cov_2_history": [
                "Uninfected",
                "Vaccinated"
            ],
            "sars_cov_2_vaccine_type": [
                "Pfizer BioNTech COVID-19 vaccine; VO:0004987"
            ],
            "covid_19_disease_severity": [],
            "post_covid_19_symptoms": [],
            "covid_19_complications": []
        }
    ],
    "study_model_cohort": [],
    "planned_visit": [
        {
            "visit_id": "PMID34320281_visit-01",
            "visit_name": "Blood sample collected from all health care workers after recovery from infection",
            "visit_order_number": 1,
            "visit_min_start_day": 0,
            "visit_max_start_day": "",
            "visit_start_rule": ""
        }
    ],
    "experiment": [
        {
            "arm_id": [
                "PMID34320281_human_subject-01"
            ],
            "associated_first_planned_visit_id": [
                "PMID34320281_visit-01"
            ],
            "assay_type": "PCR",
            "experiment_name": "RT-PCR",
            "experiment_results_file_name": "PMID34320281_NEJM.xlsx",
            "biospecimen_type": [
                "Nasal Swab"
            ],
            "biospecimen_collection_point": [
                "Post-symptom onset"
            ],
            "sars_cov_2_antigen": [
                "Full Length Spike Trimer"
            ],
            "assay_use": "",
            "manufacture": "components from multiple manufacturers",
            "catalog_number": "",
            "virus_target": [
                "SARS-CoV-2 Alpha; B.1.1.7",
                "SARS-CoV-2 Wuhan/2020"
            ],
            "antibody_isotype": [
                "IgG"
            ],
            "reporting_units": "",
            "assay_reporting_format": ""
        },
        {
            "arm_id": [
                "PMID34320281_human_subject-01"
            ],
            "associated_first_planned_visit_id": [
                "PMID34320281_visit-01"
            ],
            "assay_type": "Pseudovirus Neutralization Assay",
            "experiment_name": "Pseudovirus Neutralization Assay",
            "experiment_results_file_name": "PMID34320281_NEJM.xlsx",
            "biospecimen_type": [
                "Serum"
            ],
            "biospecimen_collection_point": [
                "Post-vaccination"
            ],
            "sars_cov_2_antigen": [
                "S1"
            ],
            "assay_use": "",
            "manufacture": "Beckman Coulter",
            "catalog_number": "",
            "virus_target": [
                "SARS-CoV-2 Alpha; B.1.1.7",
                "SARS-CoV-2 Wuhan/2020"
            ],
            "antibody_isotype": [
                "IgG"
            ],
            "reporting_units": "",
            "assay_reporting_format": ""
        },
        {
            "arm_id": [
                "PMID34320281_human_subject-01"
            ],
            "associated_first_planned_visit_id": [
                "PMID34320281_visit-01"
            ],
            "assay_type": "Multiplex Immunoassay",
            "experiment_name": "Anti-SARS-CoV-2 Immunoassay",
            "experiment_results_file_name": "PMID34320281_NEJM.xlsx",
            "biospecimen_type": [
                "Serum"
            ],
            "biospecimen_collection_point": [
                "Post-vaccination"
            ],
            "sars_cov_2_antigen": [
                "Nucleocapsid"
            ],
            "assay_use": "",
            "manufacture": "Elecsys",
            "catalog_number": "",
            "virus_target": [
                "SARS-CoV-2 Alpha; B.1.1.7",
                "SARS-CoV-2 Wuhan/2020"
            ],
            "antibody_isotype": [
                "IgG"
            ],
            "reporting_units": "",
            "assay_reporting_format": "Qualitative"
        },
        {
            "arm_id": [
                "PMID34320281_human_subject-01"
            ],
            "associated_first_planned_visit_id": [
                "PMID34320281_visit-01"
            ],
            "assay_type": "Neutralizing Antibody Titer Assay",
            "experiment_name": "Neutralizing Antibody Titer Assay",
            "experiment_results_file_name": "PMID34320281_NEJM.xlsx",
            "biospecimen_type": [
                "Serum"
            ],
            "biospecimen_collection_point": [
                "Pre-symptom onset"
            ],
            "sars_cov_2_antigen": [
                "S1"
            ],
            "assay_use": "",
            "manufacture": "components from multiple manufacturers",
            "catalog_number": "",
            "virus_target": [
                "SARS-CoV-2 Alpha; B.1.1.7",
                "SARS-CoV-2 Wuhan/2020"
            ],
            "antibody_isotype": [
                "IgG"
            ],
            "reporting_units": "",
            "assay_reporting_format": ""
        },
        {
            "arm_id": [
                "PMID34320281_human_subject-01"
            ],
            "associated_first_planned_visit_id": [
                "PMID34320281_visit-01"
            ],
            "assay_type": "Neutralizing Antibody Titer Assay",
            "experiment_name": "Neutralizing Antibody Titer Assay",
            "experiment_results_file_name": "PMID34320281_NEJM.xlsx",
            "biospecimen_type": [
                "Serum"
            ],
            "biospecimen_collection_point": [
                "Post-symptom onset"
            ],
            "sars_cov_2_antigen": [
                "S1"
            ],
            "assay_use": "",
            "manufacture": "components from multiple manufacturers",
            "catalog_number": "",
            "virus_target": [
                "SARS-CoV-2 Alpha; B.1.1.7",
                "SARS-CoV-2 Wuhan/2020"
            ],
            "antibody_isotype": [
                "IgG"
            ],
            "reporting_units": "",
            "assay_reporting_format": ""
        }
    ],
    "geriatric_subjects": "Yes",
    "pediatric_subjects": "Not Specified",
    "pregnant_subjects": "Not Specified",
    "sars_cov_2_antibodies_measured": "Yes",
    "survey_instrument_shared": "Not Specified",
    "who_disease_severity_scale_used": "Not Specified",
    "inclusion_exclusion": [
        {
            "inclusion_exculusion_id": "PMID34320281_inexcl-01",
            "inclusion_criterion": "SARS-CoV-2 Antibodies Measured",
            "inclusion_criterion_category": "inclusion"
        },
        {
            "inclusion_exculusion_id": "PMID34320281_inexcl-02",
            "inclusion_criterion": "PMID34320281_inexcl-01",
            "inclusion_criterion_category": "exclusion"
        },
        {
            "inclusion_exculusion_id": "PMID34320281_inexcl-03",
            "inclusion_criterion": "Geriatric subjects",
            "inclusion_criterion_category": "inclusion"
        }
    ],
    "status_note": "Data at individual level available."
}
