{
    "pubmed_id": 35576468,
    "study_identifier": "PMID35576468_study-01",
    "study_name": "The risk of COVID-19 death is much greater and age dependent with type I IFN autoantibodies",
    "publication_title": "The risk of COVID-19 death is much greater and age dependent with type I IFN autoantibodies",
    "study_objective": "To estimate the fatality rate upon infection with SARS-CoV-2 in unvaccinated subjects carrying auto-Abs against type I IFNs across age groups and sexes",
    "study_description": "Severe acute respiratory syndrome coronavirus 2 (SARS-CoV-2) infection fatality rate doubles with every 5 y of age from childhood onward. Circulating autoantibodies neutralizing IFN-\u03b1, IFN-\u03c9, and/or IFN-\u03b2 are found in \u223c20% of deceased patients across age groups, and in \u223c1% of individuals aged <70 y and in >4% of those >70 y old in the general population. With a sample of 1,261 unvaccinated deceased patients and 34,159 individuals of the general population sampled before the pandemic, we estimated both IFR and relative risk of death (RRD) across age groups for individuals carrying autoantibodies neutralizing type I IFNs, relative to noncarriers. The RRD associated with any combination of autoantibodies was higher in subjects under 70 y old. For autoantibodies neutralizing IFN-\u03b12 or IFN-\u03c9, the RRDs were 17.0 (95% CI: 11.7 to 24.7) and 5.8 (4.5 to 7.4) for individuals <70 y and \u226570 y old, respectively, whereas, for autoantibodies neutralizing both molecules, the RRDs were 188.3 (44.8 to 774.4) and 7.2 (5.0 to 10.3), respectively. In contrast, IFRs increased with age, ranging from 0.17% (0.12 to 0.31) for individuals <40 y old to 26.7% (20.3 to 35.2) for those \u226580 y old for autoantibodies neutralizing IFN-\u03b12 or IFN-\u03c9, and from 0.84% (0.31 to 8.28) to 40.5% (27.82 to 61.20) for autoantibodies neutralizing both. Autoantibodies against type I IFNs increase IFRs, and are associated with high RRDs, especially when neutralizing both IFN-\u03b12 and IFN-\u03c9. Remarkably, IFRs increase with age, whereas RRDs decrease with age. Autoimmunity to type I IFNs is a strong and common predictor of COVID-19 death.",
    "primary_institution_name": "Feinstein Institutes for Medical Research",
    "study_personnel": [
        {
            "personnel_id": "PMID35576468_personnel-01",
            "honorific": "",
            "last_name": "Gregersen",
            "first_name": "Peter",
            "suffixes": "",
            "organization": "Feinstein Institutes for Medical Research",
            "orchid_id": "",
            "email": "pgregers@northwell.edu",
            "seronet_title_in_study": "SeroNet Principal Invesitgator",
            "role_in_study": "Investigator",
            "site_name": "Feinstein Institutes for Medical Research"
        }
    ],
    "study_file": [
        {
            "study_file_name": "PMID35576468_sapp.pdf",
            "study_file_description": "Supplementary materials and methods, SARS-CoV-2 infection fatality rates for individuals, and tables containing information on various combinations of auto-Abs neutralizing different concentrations of type I IFNs",
            "study_file_type": "Study Data"
        },
        {
            "study_file_name": "PMID35576468_PNAS_AABS_Manry_data-sharing_final.xlsx",
            "study_file_description": "Individual and aggregated demographics and SARS-CoV-2 infection fatality rates",
            "study_file_type": "Study Data"
        },
        {
            "study_file_name": "PMID35576468_v1.2.4.xlsm",
            "study_file_description": "Completed curation of the study into SeroNet Registry Template which includes SeroNet Study Descriptors.",
            "study_file_type": "Study Summary Description"
        },
        {
            "study_file_name": "PMID35576468_JSON.json",
            "study_file_description": "JSON format of completed curation of the study into SeroNet Registry Template which includes SeroNet Study Descriptors",
            "study_file_type": "JSON Summary Description"
        }
    ],
    "study_link": [],
    "research_focus": "Infection Response",
    "study_type": "Mixed-method",
    "keyword": [
        "COVID-19",
        "Type",
        "IFNs",
        "Autoantibodies",
        "Relative risk",
        "Infection fatality rate"
    ],
    "clinical_study_design": "Not Applicable",
    "in_silico_model_type": "Epidemiological Model",
    "protocol": {
        "protocol_id": "PMID35576468_protocol-01",
        "protocol_file_name": "PMID35576468_protocol-01.txt",
        "protocol_name": "PMID35576468_protocol-01",
        "protocol_description": "Study Protocol",
        "protocol_type": "Study Protocol"
    },
    "reported_health_condition": [
        "Covid-19",
        "SARS-CoV-2"
    ],
    "sars_cov_2_vaccine_type": [
        "Not Applicable"
    ],
    "clinical_outcome_measure": "Fatality rate upon infection with SARS-CoV-2 in unvaccinated subjects.",
    "enrollment_start_date": "",
    "enrollment_end_date": "",
    "number_of_study_subjects": 35420,
    "age_unit": "Years",
    "minimum_age": 20,
    "maximum_age": 99,
    "study_human_cohort": [
        {
            "arm_id": "PMID35576468_human_subject-01",
            "arm_name": "Deceased parients",
            "study_population_description": "Patients who died from COVID-19 (n=1,261)",
            "arm_type": "Observational",
            "ethnicity": [
                "Not Specified"
            ],
            "race": [
                "Not Specified"
            ],
            "race_specify": [],
            "description": "",
            "sex_at_birth": [
                "Female",
                "Male"
            ],
            "age_event": "Age at enrollment",
            "subject_phenotype": "",
            "assessment_name": [],
            "study_location": [
                "US: New York",
                "Metropolitan France"
            ],
            "measured_behavioral_or_pyschological_factor": [],
            "measured_social_factor": [],
            "sars_cov_2_symptoms": [],
            "assessment_clinical_and_demographic_data_provenance": [
                "Directly Measured"
            ],
            "assessment_demographic_data_types_collected": [],
            "sars_cov_2_history": [
                "Infected"
            ],
            "sars_cov_2_vaccine_type": [
                "Not Applicable"
            ],
            "covid_19_disease_severity": [
                "Death"
            ],
            "post_covid_19_symptoms": [],
            "covid_19_complications": [
                "COVID-19-Associated Pneumonia"
            ]
        },
        {
            "arm_id": "PMID35576468_human_subject-02",
            "arm_name": "Control subjects",
            "study_population_description": "Individuals from the general population whose samples were collected before the pandemic (N=34,159)",
            "arm_type": "Observational",
            "ethnicity": [
                "Not Specified"
            ],
            "race": [
                "Not Specified"
            ],
            "race_specify": [],
            "description": "",
            "sex_at_birth": [
                "Female",
                "Male"
            ],
            "age_event": "Age at enrollment",
            "subject_phenotype": "",
            "assessment_name": [],
            "study_location": [
                "US: New York",
                "Metropolitan France"
            ],
            "measured_behavioral_or_pyschological_factor": [],
            "measured_social_factor": [],
            "sars_cov_2_symptoms": [],
            "assessment_clinical_and_demographic_data_provenance": [],
            "assessment_demographic_data_types_collected": [],
            "sars_cov_2_history": [],
            "sars_cov_2_vaccine_type": [
                "Not Applicable"
            ],
            "covid_19_disease_severity": [],
            "post_covid_19_symptoms": [],
            "covid_19_complications": []
        }
    ],
    "study_model_cohort": [],
    "planned_visit": [
        {
            "visit_id": "PMID35576468_visit-01",
            "visit_name": "Plasma sample collected",
            "visit_order_number": 1,
            "visit_min_start_day": 0,
            "visit_max_start_day": "",
            "visit_start_rule": ""
        }
    ],
    "experiment": [
        {
            "arm_id": [
                "PMID35576468_human_subject-01",
                "PMID35576468_human_subject-02"
            ],
            "associated_first_planned_visit_id": [
                "PMID35576468_visit-01"
            ],
            "assay_type": "ELISA",
            "experiment_name": "ELISA",
            "experiment_results_file_name": "PMID35576468_PNAS_AABS_Manry_data-sharing_final.xlsx",
            "biospecimen_type": [
                "Plasma"
            ],
            "biospecimen_collection_point": [
                "Other"
            ],
            "sars_cov_2_antigen": [],
            "assay_use": "",
            "manufacture": "",
            "catalog_number": "",
            "virus_target": [
                "SARS-CoV-2"
            ],
            "antibody_isotype": [],
            "reporting_units": "",
            "assay_reporting_format": "Quantitative"
        }
    ],
    "geriatric_subjects": "Yes",
    "pediatric_subjects": "No",
    "pregnant_subjects": "Not Specified",
    "sars_cov_2_antibodies_measured": "Yes",
    "survey_instrument_shared": "Not Specified",
    "who_disease_severity_scale_used": "Not Specified",
    "inclusion_exclusion": [
        {
            "inclusion_exculusion_id": "PMID35576468_inexcl-01",
            "inclusion_criterion": "Geriatric subjects",
            "inclusion_criterion_category": "inclusion"
        },
        {
            "inclusion_exculusion_id": "PMID35576468_inexcl-02",
            "inclusion_criterion": "Pediatric subjects",
            "inclusion_criterion_category": "exclusion"
        },
        {
            "inclusion_exculusion_id": "PMID35576468_inexcl-03",
            "inclusion_criterion": "SARS-CoV-2 Antibodies Measured",
            "inclusion_criterion_category": "inclusion"
        }
    ],
    "status_note": "Data at individual level available."
}
